TransactionId,Store,SKU,Date,Year,Month,WeekDay,Qty,TotalRev,customer_loyalty_id
d6a0ce01-cdea-4910-94c3-c9cbdd2480a4,3,1X3p2H,2020-11-01,2020,11,Sunday,2,7.0,
3a8a7a83-7cc6-40bb-a3c7-62056ba2d39d,3,K8gkI8,2020-11-01,2020,11,Sunday,1,3.5,
802b0b54-c67a-42d0-abf3-6e97a0854cb0,3,YnyFQq,2020-11-01,2020,11,Sunday,3,10.5,
378d0f34-8216-4674-b54d-f958bd98b227,3,fvBBXY,2020-11-01,2020,11,Sunday,2,7.0,8ef02017-720c-498e-baaf-2dfba3fdcfe4
c14386e8-e6f4-4651-86ce-5e91e3667120,3,1X3p2H,2020-11-01,2020,11,Sunday,2,7.0,
026e451c-a73c-4552-ad66-d53d3580f597,3,pCjr1R,2020-11-01,2020,11,Sunday,2,7.0,a2461689-37b8-4efa-91ba-013631f12a10
a33f007d-1c22-4096-b66a-7e1798b6727b,3,V9hDyY,2020-11-01,2020,11,Sunday,2,7.0,
73468014-84d8-45f7-858c-5385013b5f72,3,LRN0uO,2020-11-01,2020,11,Sunday,2,7.0,7690b1d8-6f6f-42d8-ae62-30e85e25055f
9f3cec40-b86a-4b60-b533-02b5e0c41b4c,3,8CnCaM,2020-11-01,2020,11,Sunday,1,3.5,
4ca4c0f4-11d5-45a9-bb18-a22d62172477,3,1X3p2H,2020-11-01,2020,11,Sunday,3,10.5,f19432c4-4df4-4e45-97d6-8fd7772aecee
3c838e72-f5e4-4f6f-bd9c-f5b82e9add40,3,LRN0uO,2020-11-01,2020,11,Sunday,3,10.5,ab8a4566-9d6e-4477-87b0-fecfbe0b01a0
1e0a268b-ebf0-403f-9c16-a2f54292043d,3,fvBBXY,2020-11-01,2020,11,Sunday,1,3.5,a79c13e0-73e9-41b1-ac5e-4ed4a5fb83f9
661a14ec-f94e-43c9-9f4a-650934b2c7d0,3,g0RPTY,2020-11-01,2020,11,Sunday,2,7.0,
da5e2229-1949-4a0b-964d-538443187c56,3,J4fMRf,2020-11-01,2020,11,Sunday,1,3.5,
319b2162-b50e-4952-a43a-f8b698589057,3,YnyFQq,2020-11-01,2020,11,Sunday,2,7.0,
d3980dea-1b23-4a64-9dfb-22704c949d55,3,LRN0uO,2020-11-01,2020,11,Sunday,3,10.5,
3d02627d-6bde-4a5d-9aba-0a62410d4eed,3,TwErrn,2020-11-01,2020,11,Sunday,2,7.0,
ad1ee1e2-170e-4e73-8fee-277efcb34e42,3,K8gkI8,2020-11-01,2020,11,Sunday,3,10.5,
98de44a8-81f8-4689-a1ff-fd59c8a6b54f,3,iYvFyn,2020-11-01,2020,11,Sunday,2,7.0,
d1953e8d-6633-4d3d-9705-c07f875faac0,3,8CnCaM,2020-11-01,2020,11,Sunday,2,7.0,
798eb270-97ad-4296-9adc-4ef5d8bd0c12,3,fvBBXY,2020-11-01,2020,11,Sunday,1,3.5,d045403b-05fc-45af-ad57-8e04b52ef4e8
b2839347-04a0-40f1-80d9-eb11c6eec238,3,YnyFQq,2020-11-01,2020,11,Sunday,2,7.0,
e7050ed8-1faf-4592-b055-abd244cfb3f3,3,iYvFyn,2020-11-01,2020,11,Sunday,1,3.5,
2aea2d1f-1533-43e5-9770-8b700f89e75a,3,K8gkI8,2020-11-01,2020,11,Sunday,2,7.0,
c7fd3878-65c1-41e5-bad1-8950f66fe0a0,3,QIb1Te,2020-11-01,2020,11,Sunday,2,7.0,
92094d8f-1c9c-4abf-8255-6c43a8447e6e,3,8CnCaM,2020-11-01,2020,11,Sunday,1,3.5,
9c87296b-cfa8-4a79-9d70-876f7978c88d,3,K8gkI8,2020-11-01,2020,11,Sunday,2,7.0,
eab8c96b-65db-4096-83a0-14194bb58ad4,3,pCjr1R,2020-11-01,2020,11,Sunday,3,10.5,
a5dd67d5-c9f9-4969-94a4-08fd24b72fb1,3,pCjr1R,2020-11-01,2020,11,Sunday,2,7.0,
388751e6-8346-469f-9cbd-6209898f3dc2,3,8CnCaM,2020-11-01,2020,11,Sunday,1,3.5,
1482914c-abea-4e34-99cd-17b6a5e71279,3,V9hDyY,2020-11-01,2020,11,Sunday,1,3.5,
06d53bdb-ed14-4dff-bfcb-12fdc1f3ec2d,3,QIb1Te,2020-11-01,2020,11,Sunday,1,3.5,
6f8addb2-aa54-4af5-8eb4-e8fae3e8a17f,3,J4fMRf,2020-11-01,2020,11,Sunday,2,7.0,c9998830-5ab4-4386-8c4f-3a28b8dfd31f
1bef03da-008d-4104-9d9d-8b0a1fd99f4e,3,AcIRu7,2020-11-01,2020,11,Sunday,1,3.5,
96c06b06-5204-412e-9ec4-105f9604f45c,3,fvBBXY,2020-11-01,2020,11,Sunday,2,7.0,96edd678-1a42-4d57-b41e-fabc2434d120
e379f33e-9e40-4d80-9213-8009e1e6f3a3,3,fvBBXY,2020-11-01,2020,11,Sunday,2,7.0,
980f99f1-253a-45cc-8e2f-63833e8c5caf,3,8CnCaM,2020-11-01,2020,11,Sunday,2,7.0,
5da107cc-6306-47ba-a231-afc20b4a3428,3,LRN0uO,2020-11-01,2020,11,Sunday,2,7.0,4aefd4c5-e273-47fa-aeeb-0feb7c28c166
46f8c35d-80d5-44ea-993c-2a7e37eaf316,3,YnyFQq,2020-11-01,2020,11,Sunday,1,3.5,
96520cbd-65fb-4d37-9577-c638069e373d,3,TwErrn,2020-11-01,2020,11,Sunday,2,7.0,ea149788-2f86-4bd9-8df8-8f1e65a5237b
dd3fc4ea-f7cb-423d-96f2-ef6f4d203ba1,3,LRN0uO,2020-11-01,2020,11,Sunday,1,3.5,
f3dfaed5-e2ee-4ca6-973f-31ae05562e56,3,9FFwEf,2020-11-01,2020,11,Sunday,3,10.5,
d4a42fa9-6644-4de5-94b4-7b6a01b8d987,3,8CnCaM,2020-11-01,2020,11,Sunday,3,10.5,
e86a47a4-a124-4671-925a-142ff19f9ca8,3,IWoDZ7,2020-11-01,2020,11,Sunday,2,7.0,0bd42dab-c673-41a0-96b2-d12f5dc93e56
48641776-23f3-4ae6-a8ff-ca792a040caf,3,HHY1ds,2020-11-01,2020,11,Sunday,1,3.5,
789ec4f7-c64e-4313-bab4-01364fc14548,3,pCjr1R,2020-11-01,2020,11,Sunday,2,7.0,955d03c6-b9d6-4aae-acb4-8a36f781e1da
b9bb542a-a440-44fa-a0b1-da9105e06d1b,3,TwErrn,2020-11-01,2020,11,Sunday,3,10.5,
b757be2d-b8ff-4812-9f8b-4739d3ae0cc1,3,g0RPTY,2020-11-01,2020,11,Sunday,2,7.0,
e7bc376a-e9b3-46cb-8740-d484484fa27b,3,YnyFQq,2020-11-01,2020,11,Sunday,2,7.0,
ac0fd0e5-e86c-4e52-a31f-439d6928c762,3,V9hDyY,2020-11-01,2020,11,Sunday,2,7.0,4f7ad782-f5f6-403e-b7c6-3588952b727a
bbfe8b39-cb44-4d22-a21e-c0927ed777ad,3,IWoDZ7,2020-11-01,2020,11,Sunday,1,3.5,
ece43be5-acf4-4486-bbab-87abb6a693d7,3,AcIRu7,2020-11-01,2020,11,Sunday,2,7.0,
8c452c14-6439-49f5-a0f4-021ace858bf4,3,QIb1Te,2020-11-01,2020,11,Sunday,1,3.5,
2397c6d1-7851-4bcb-8910-e7df2b01a47c,3,fvBBXY,2020-11-01,2020,11,Sunday,3,10.5,
7358d141-8b12-481e-9a22-7912fe2afe82,3,9FFwEf,2020-11-01,2020,11,Sunday,2,7.0,
8b99a96f-73f6-4bc6-98c4-643d63ceaa50,3,K8gkI8,2020-11-01,2020,11,Sunday,2,7.0,
0a93475d-e069-4641-9957-4caad32a4cf5,3,LRN0uO,2020-11-01,2020,11,Sunday,3,10.5,
8390d66c-c63d-422c-b707-930d3ba424da,3,8CnCaM,2020-11-01,2020,11,Sunday,3,10.5,
c10397d4-baee-4595-8ac4-c14175c75714,3,XkiZ9D,2020-11-01,2020,11,Sunday,1,3.5,07326e55-8820-4c75-9a7e-9a782bf59a7c
f8160786-1daa-47b1-ab62-c0b36cfef579,3,8CnCaM,2020-11-01,2020,11,Sunday,1,3.5,
3534d585-a929-4287-ae49-c1137b049e1a,3,g0RPTY,2020-11-01,2020,11,Sunday,1,3.5,bc99d594-0bb8-441d-a412-f522223815d9
10d5ea84-66fd-40dc-8c5d-3422c77edb4e,3,XkiZ9D,2020-11-01,2020,11,Sunday,2,7.0,
c14adf2e-ce8a-472f-bb9b-2ecd9fc960c3,3,YnyFQq,2020-11-01,2020,11,Sunday,2,7.0,
fdc87fdb-5b3c-40e2-8cd2-0e3dc15e5e5c,3,HHY1ds,2020-11-01,2020,11,Sunday,1,3.5,
27f24332-b1a7-4bcb-b3bb-23e40c5877e1,3,YnyFQq,2020-11-01,2020,11,Sunday,2,7.0,
7d5a011a-6963-4683-b05c-27c74d033621,3,8CnCaM,2020-11-01,2020,11,Sunday,2,7.0,
5fda5508-8d50-43e8-b4a2-af17f01cb42b,3,LRN0uO,2020-11-01,2020,11,Sunday,2,7.0,
a87aa175-feb9-49b8-a80d-1f2f39daa590,3,HHY1ds,2020-11-01,2020,11,Sunday,1,3.5,e93486f6-eb6e-4dcf-925f-1195070a4bdd
9ada3bf2-c7eb-4b32-83ab-69da9d61710e,3,V9hDyY,2020-11-01,2020,11,Sunday,2,7.0,9542576d-2df0-4707-bfa2-39de4ae1583d
8fe6514d-4579-4416-8f39-42cff49b9f78,3,QIb1Te,2020-11-01,2020,11,Sunday,2,7.0,
6713191b-9b5c-4bb2-9e9f-bd182203f333,3,iYvFyn,2020-11-01,2020,11,Sunday,3,10.5,
81532c18-b053-41fb-9536-9fd5e9f64f90,3,Xd4sZA,2020-11-01,2020,11,Sunday,3,10.5,
5b2d5e8b-597d-4372-a5d1-11a5336fe9c4,3,8CnCaM,2020-11-01,2020,11,Sunday,2,7.0,
ab3cc23e-40ce-4c23-a6b1-3415f2a4ebab,3,Xd4sZA,2020-11-01,2020,11,Sunday,1,3.5,e535c38b-71a8-40c0-bf54-fbeb2f09ce8d
7f4b2092-c93c-47c5-abf8-7dfb6dddcd33,3,AcIRu7,2020-11-01,2020,11,Sunday,1,3.5,c54f15f6-db04-45ff-9de4-f060a1231ccf
631a1f01-ce2e-4717-812d-7a1386256aa5,3,LRN0uO,2020-11-01,2020,11,Sunday,2,7.0,
7cb06bcd-21c7-4f43-9e37-fd08d5413dca,3,AcIRu7,2020-11-01,2020,11,Sunday,2,7.0,7a29d454-7d73-483d-b618-c90c049cf73e
7240cb22-906e-4388-a434-f38d7adbb24e,3,RZZSxq,2020-11-01,2020,11,Sunday,3,10.5,
36525a6a-01b4-4760-a4bd-1d220b623c43,3,RZZSxq,2020-11-01,2020,11,Sunday,2,7.0,
41f4398c-b36f-4432-abd8-1deacc2f8a8a,3,fvBBXY,2020-11-01,2020,11,Sunday,3,10.5,6de6c824-0f11-4377-ab64-a5e7fc41d6a8
d1d1ec82-877c-4f79-aaae-d9aad273ec98,3,g0RPTY,2020-11-01,2020,11,Sunday,2,7.0,
4d087c3d-14d1-4d35-9f98-23356fed31da,3,LRN0uO,2020-11-01,2020,11,Sunday,1,3.5,
8178b0e1-6eda-4151-9511-c416ccbb36c8,3,1X3p2H,2020-11-01,2020,11,Sunday,2,7.0,57197068-5f83-4545-adb8-7b782c960017
0d141b77-6916-49e2-87d6-80c7c4ab6484,3,K8gkI8,2020-11-01,2020,11,Sunday,1,3.5,
456b0c5e-bae9-4fa5-9471-fd7c379c364d,3,iYvFyn,2020-11-01,2020,11,Sunday,3,10.5,
13d459be-f915-4024-8055-2a02cd3555d6,3,YnyFQq,2020-11-01,2020,11,Sunday,2,7.0,
f4a33ca5-834f-48cc-a060-a8d0c2d94e4a,3,1X3p2H,2020-11-01,2020,11,Sunday,2,7.0,
3831a084-6c98-4598-b0c8-aa8becb6aca0,3,IWoDZ7,2020-11-01,2020,11,Sunday,1,3.5,
a3125776-97e6-404d-bf9a-30eb09b6c66f,3,IWoDZ7,2020-11-01,2020,11,Sunday,2,7.0,
40da26db-8121-4097-b354-a8ec420c94a1,3,RZZSxq,2020-11-01,2020,11,Sunday,2,7.0,40fdee27-e2a8-41a3-bd7f-aea31b7d952c
4fe4585a-85c7-4371-8a8e-0460070ac97c,3,LRN0uO,2020-11-02,2020,11,Monday,1,3.5,
466381ed-ff0c-4051-914a-e4028992d359,3,TwErrn,2020-11-02,2020,11,Monday,3,10.5,
6fa49d0b-341f-4e4d-9076-9e47cfccd105,3,K8gkI8,2020-11-02,2020,11,Monday,2,7.0,
01d7983f-f366-473a-a291-85f9f66cd8fb,3,iYvFyn,2020-11-02,2020,11,Monday,2,7.0,
549b8a89-5cac-4fd9-bff0-9cd79fb06243,3,pCjr1R,2020-11-02,2020,11,Monday,3,10.5,
a1afd875-05fd-4604-8395-76bb975532b1,3,9FFwEf,2020-11-02,2020,11,Monday,2,7.0,
08e0d543-ef1f-432b-99c2-cdcd0cc5d804,3,9FFwEf,2020-11-02,2020,11,Monday,1,3.5,
5ae0ea7a-96ae-4e13-8e9b-b39ac63c57d0,3,RZZSxq,2020-11-02,2020,11,Monday,2,7.0,
0a4f57fc-34a2-4c94-aa36-8a66869a6d75,3,iYvFyn,2020-11-02,2020,11,Monday,2,7.0,
79a4726f-5190-4332-915a-d74f3b702535,3,V9hDyY,2020-11-02,2020,11,Monday,2,7.0,
d7a78203-51ac-4801-b3eb-ad2012b8d77e,3,RZZSxq,2020-11-02,2020,11,Monday,2,7.0,
f22f236a-c288-44bb-aeff-58f8b896ae2a,3,AcIRu7,2020-11-02,2020,11,Monday,1,3.5,
4522366f-c853-4990-97c7-a06a657db6be,3,IWoDZ7,2020-11-02,2020,11,Monday,3,10.5,
bea1578b-a0b6-4bcf-b725-9c79ce349b97,3,YnyFQq,2020-11-02,2020,11,Monday,1,3.5,
4ec8bd17-1ca2-4358-a622-91d7a884849a,3,9FFwEf,2020-11-02,2020,11,Monday,2,7.0,
0f57d23f-83e5-4169-a71e-5b4a96ed18d0,3,Xd4sZA,2020-11-02,2020,11,Monday,2,7.0,
9f825928-e33d-48b9-aa76-bfbbb7a40930,3,QIb1Te,2020-11-02,2020,11,Monday,3,10.5,6c33cfca-8bdf-4045-ba5f-3f01b6e2c51a
46efd6d1-f810-459a-b2c5-ac58e2627558,3,pCjr1R,2020-11-02,2020,11,Monday,1,3.5,
0fb6fb60-ba99-44ea-bae5-6258576c2861,3,Xd4sZA,2020-11-02,2020,11,Monday,3,10.5,
55180073-1aca-4a32-9917-e11770e8bd52,3,LRN0uO,2020-11-02,2020,11,Monday,2,7.0,
13500de0-b744-401b-af35-43049e03a59b,3,8CnCaM,2020-11-02,2020,11,Monday,1,3.5,f399e73c-8f7e-4a5c-aaac-cf84321b5e74
6bf24145-28e6-4133-96b2-9103f10ee032,3,9FFwEf,2020-11-02,2020,11,Monday,2,7.0,409f7f20-99a7-4661-b7b4-488c27e01fb3
106baafa-b99b-47a7-8e3e-b4dd39399bef,3,YnyFQq,2020-11-02,2020,11,Monday,2,7.0,
6168eb73-311b-4a8c-b528-cb85497617a9,3,1X3p2H,2020-11-02,2020,11,Monday,2,7.0,
28be4e93-da33-4cc0-81b9-84209e7a2184,3,J4fMRf,2020-11-02,2020,11,Monday,3,10.5,4d5134d1-2f06-4d63-8263-eec292d23312
a2ed2b27-7f2e-4285-80ec-f7dd0a43e910,3,g0RPTY,2020-11-02,2020,11,Monday,3,10.5,
08170544-b954-4364-9cc8-10ca91e8991c,3,Xd4sZA,2020-11-02,2020,11,Monday,2,7.0,
a051e91f-577f-472c-befc-f249b70fe680,3,QIb1Te,2020-11-02,2020,11,Monday,3,10.5,a79c13e0-73e9-41b1-ac5e-4ed4a5fb83f9
472b60df-751e-4d23-97f1-3cec4683f7c5,3,iYvFyn,2020-11-02,2020,11,Monday,1,3.5,7961968c-c9f8-4bc6-8b99-129f2c18ae7f
deb77c3a-1df0-47c8-ad54-c243286715a7,3,pCjr1R,2020-11-02,2020,11,Monday,2,7.0,
e3c36511-201f-44dc-a2ad-3dc92ec333de,3,QIb1Te,2020-11-02,2020,11,Monday,3,10.5,
434d525f-8977-463c-af88-9194b8420d4b,3,K8gkI8,2020-11-02,2020,11,Monday,1,3.5,
ad030330-d549-4f4a-b4e5-509e65393cbe,3,1X3p2H,2020-11-02,2020,11,Monday,1,3.5,639c17e3-0c72-47c6-9bdb-0f2ecc01c37f
2ff5d7a9-8760-4828-8dbf-e588f15802e8,3,iYvFyn,2020-11-02,2020,11,Monday,1,3.5,
24d13658-e097-44f0-87c6-4310da23b3fe,3,XkiZ9D,2020-11-02,2020,11,Monday,2,7.0,
056fb838-789d-4be5-8c15-19dcd0f7feef,3,fvBBXY,2020-11-02,2020,11,Monday,2,7.0,
99018a6b-8ff7-4996-88ed-21fef489171c,3,pCjr1R,2020-11-02,2020,11,Monday,2,7.0,7ccbf551-da7e-4502-ad43-7b191501f71e
0edd0dba-db94-4ffa-813c-ce23e70a0f9c,3,J4fMRf,2020-11-02,2020,11,Monday,1,3.5,30a6cfe5-89f3-4b23-8d75-59fe203e518e
23a76cb1-ad66-47b0-bfbb-5a09c319684c,3,LRN0uO,2020-11-02,2020,11,Monday,2,7.0,
922145d9-8b9e-4673-ae7a-ca3f03966ed4,3,XkiZ9D,2020-11-02,2020,11,Monday,1,3.5,
66945925-6c3f-46b9-8f24-06e064f867b2,3,TwErrn,2020-11-02,2020,11,Monday,3,10.5,
c21cc76f-e205-4a6b-b7d7-a77154ca6f42,3,TwErrn,2020-11-02,2020,11,Monday,2,7.0,
968eaafc-d3b3-41c4-83c7-0503a216cc20,3,QIb1Te,2020-11-02,2020,11,Monday,2,7.0,
393000e7-b60e-4ff6-b4b6-1c0f49b65935,3,fvBBXY,2020-11-02,2020,11,Monday,2,7.0,585ae186-7664-4f6d-a1d8-621d0b33a57c
5e618120-23fb-49dc-b2bc-601374b053c6,3,9FFwEf,2020-11-02,2020,11,Monday,2,7.0,
b7f203f2-aa5a-44eb-aaee-7f00fe815e05,3,HHY1ds,2020-11-02,2020,11,Monday,3,10.5,
d0b083a1-ae65-4b29-90b4-54d9bd6bdd8a,3,fvBBXY,2020-11-02,2020,11,Monday,2,7.0,
bcac4ee3-7134-4747-a76f-beb9c2e60f46,3,iYvFyn,2020-11-02,2020,11,Monday,2,7.0,430ecc3b-25ca-412a-b2c3-824cbb15071b
b4350293-5308-4660-a026-d63a87379b97,3,YnyFQq,2020-11-02,2020,11,Monday,3,10.5,
d2e74a54-b115-473d-ad3a-6b7fd72b8373,3,YnyFQq,2020-11-02,2020,11,Monday,2,7.0,ea149788-2f86-4bd9-8df8-8f1e65a5237b
7a2193f9-3ce0-44df-8e49-591e844b3f83,3,iYvFyn,2020-11-02,2020,11,Monday,1,3.5,
ffdd508a-fadc-46ea-ba9c-eb071e09ceca,3,fvBBXY,2020-11-02,2020,11,Monday,1,3.5,
976edc90-193b-4479-b8e1-3c42424a08e6,3,1X3p2H,2020-11-02,2020,11,Monday,3,10.5,
b43f8fae-2141-477b-8abd-395b14c9a4e5,3,K8gkI8,2020-11-02,2020,11,Monday,3,10.5,07326e55-8820-4c75-9a7e-9a782bf59a7c
3e675d88-47f6-4c98-ac80-6cf002fe3a92,3,YnyFQq,2020-11-02,2020,11,Monday,2,7.0,
b94f6683-f902-4667-aa3a-b13afa05cf30,3,TwErrn,2020-11-02,2020,11,Monday,3,10.5,4ee6b65e-1a08-4a35-816b-6a81194fe810
5c2135ae-106b-4654-81cc-1f9b87aed3b6,3,fvBBXY,2020-11-02,2020,11,Monday,2,7.0,cdf18b2b-d3a6-4f4c-8cd0-645d2bcb6a11
f6b5eee9-420e-4a6c-87f2-459246fbee69,3,J4fMRf,2020-11-02,2020,11,Monday,2,7.0,
3bf026cf-efd4-4915-a4db-68f1e95c8ebe,3,pCjr1R,2020-11-02,2020,11,Monday,1,3.5,
6f86abae-86ab-48eb-bdc6-372d98c6d5e4,3,TwErrn,2020-11-02,2020,11,Monday,2,7.0,
4e4f3d77-4838-4541-871f-30f03e61b447,3,9FFwEf,2020-11-02,2020,11,Monday,1,3.5,
50ca33a9-9889-4b6b-9768-64e8e8e8f299,3,g0RPTY,2020-11-02,2020,11,Monday,2,7.0,
6c3bc7ab-8fc8-4034-9037-7ee4b038ee48,3,QIb1Te,2020-11-02,2020,11,Monday,2,7.0,
db186a19-c43d-4801-ae0b-196ebf5b2817,3,8CnCaM,2020-11-02,2020,11,Monday,3,10.5,
9586768f-eb7b-49db-857a-bcd6f513fea6,3,Xd4sZA,2020-11-02,2020,11,Monday,3,10.5,
d8adadfd-4258-4779-b826-7afa1849065c,3,AcIRu7,2020-11-02,2020,11,Monday,3,10.5,
f8d3aa45-1b56-4a6d-b45a-d34b763ca668,3,AcIRu7,2020-11-02,2020,11,Monday,3,10.5,
99b5c739-9252-4f55-bb75-eccf8e5d8082,3,1X3p2H,2020-11-02,2020,11,Monday,2,7.0,
b1edc85b-c7e5-4be8-8d52-168a1274e298,3,fvBBXY,2020-11-02,2020,11,Monday,2,7.0,
e152ba67-58c0-413d-9a4c-72245fe4eb07,3,AcIRu7,2020-11-02,2020,11,Monday,1,3.5,
96bd0ddf-a527-42d1-83b2-b4c69b608281,3,J4fMRf,2020-11-02,2020,11,Monday,3,10.5,6602f38b-51f4-4597-978d-088936a2f80a
49adcb2c-917c-4257-9338-b186822e131e,3,K8gkI8,2020-11-02,2020,11,Monday,2,7.0,
1a5b4ea6-90d8-4041-bf7a-4e9b49c11682,3,V9hDyY,2020-11-02,2020,11,Monday,1,3.5,
63ca0785-608c-4417-abc7-ae428f4c0eda,3,J4fMRf,2020-11-02,2020,11,Monday,2,7.0,
b25154b1-00af-4d27-84dc-429145cbc6af,3,IWoDZ7,2020-11-02,2020,11,Monday,2,7.0,
e64d4b15-e392-40c4-bcbd-27ea24ec89c9,3,AcIRu7,2020-11-02,2020,11,Monday,2,7.0,78cf43f3-f011-47ec-bf94-29999cdbd4d7
3277fe5c-7d64-4019-87d4-c21d9a22d5a4,3,g0RPTY,2020-11-02,2020,11,Monday,3,10.5,92379d33-a068-4ba0-abb3-0b3a46925bcc
af2b79e5-8c08-4aa6-ab83-f68466a179f3,3,TwErrn,2020-11-02,2020,11,Monday,2,7.0,
eb809ae9-20e5-40b5-aa1d-a2471566250b,3,RZZSxq,2020-11-02,2020,11,Monday,1,3.5,
e67ae7aa-a112-45cf-89e4-8752d135d4a8,3,pCjr1R,2020-11-02,2020,11,Monday,2,7.0,
b38cf340-dfc4-4a54-907e-e28c8f039ebf,3,fvBBXY,2020-11-02,2020,11,Monday,2,7.0,
7dc662f9-134b-4a5a-9dc1-f33b5d1fbda8,3,iYvFyn,2020-11-02,2020,11,Monday,2,7.0,
877d8cc3-2c6f-45d2-8876-6a9bf9a82c66,3,TwErrn,2020-11-02,2020,11,Monday,2,7.0,
3ae42a19-07e8-4781-8705-ee9f1542b3d5,3,XkiZ9D,2020-11-02,2020,11,Monday,2,7.0,41875687-b3a0-4ca3-88b9-107ab9e2dc96
4487cbd8-97aa-46e8-bd5e-6670704167d2,3,IWoDZ7,2020-11-02,2020,11,Monday,2,7.0,
35e82242-9468-4cc7-a78e-f8ce80cc1dcc,3,g0RPTY,2020-11-02,2020,11,Monday,3,10.5,
97a1a90f-9f5a-46bf-a5ec-7ac3a31e19fc,3,QIb1Te,2020-11-02,2020,11,Monday,2,7.0,
840d13f0-ad9f-4f55-8ae8-eab220df8ccb,3,TwErrn,2020-11-02,2020,11,Monday,1,3.5,
80872174-b09d-47fa-977a-557110e6dfb5,3,9FFwEf,2020-11-02,2020,11,Monday,2,7.0,
f911363c-1732-4be1-be75-71632715ed7e,3,IWoDZ7,2020-11-02,2020,11,Monday,3,10.5,7a359c55-7a89-45e1-b8c2-0bd5e3d7e997
a09c64ef-080f-4bcb-882b-327e472c9c53,3,fvBBXY,2020-11-02,2020,11,Monday,2,7.0,
c2380d37-65f8-45e0-aa5d-3a4848b2d9c6,3,YnyFQq,2020-11-02,2020,11,Monday,3,10.5,
35bcb924-5045-4ec0-8bca-831b66c8f5e4,3,9FFwEf,2020-11-02,2020,11,Monday,2,7.0,
10d0d4c7-330e-41ab-86c1-9334f95e0676,3,IWoDZ7,2020-11-02,2020,11,Monday,3,10.5,
019cd1d8-3a14-44a1-91e2-76d4d076dc6e,3,iYvFyn,2020-11-02,2020,11,Monday,3,10.5,
5380f7f2-fcda-498e-bc53-38d222bc2f3a,3,HHY1ds,2020-11-02,2020,11,Monday,2,7.0,
f3b37bcb-3d0f-41e0-8bbc-4a0e29bbe492,3,iYvFyn,2020-11-02,2020,11,Monday,2,7.0,0a84fed2-01ed-477a-a4d7-963087b5e4a2
99f634ff-1c33-4f3e-904b-f63935ea66ff,3,YnyFQq,2020-11-02,2020,11,Monday,2,7.0,
8f9f09e5-3d38-4b26-96e4-d7a2f4088afd,3,AcIRu7,2020-11-02,2020,11,Monday,3,10.5,8b168093-a508-407e-96b1-5fe3ae301949
514515d2-546f-4c78-9cc0-74033d17348f,3,g0RPTY,2020-11-02,2020,11,Monday,3,10.5,
32d12ef4-65c2-4c1f-8e05-4a7446598af7,3,J4fMRf,2020-11-03,2020,11,Tuesday,3,10.5,
3f73cda9-dff9-4868-be5e-84438a6f5adf,3,J4fMRf,2020-11-03,2020,11,Tuesday,2,7.0,
da47baaf-5cf0-413b-a871-db0eff6406e2,3,g0RPTY,2020-11-03,2020,11,Tuesday,2,7.0,32c77228-8890-42e9-9c1c-ff9dbdbe0572
6918e37b-1034-423f-b20d-78a60baf0556,3,Xd4sZA,2020-11-03,2020,11,Tuesday,1,3.5,
4dbdd03e-341e-4f53-bfdb-513292743a81,3,Xd4sZA,2020-11-03,2020,11,Tuesday,2,7.0,ef5b667b-f24f-418f-939e-2b18ac75abdc
9a9db15c-6b67-4198-8be5-a89ef0256caa,3,V9hDyY,2020-11-03,2020,11,Tuesday,3,10.5,413f2c9c-eeaf-4c9e-9170-1ac1510f49af
3135b538-6315-411c-b2ec-37f8edf73bed,3,1X3p2H,2020-11-03,2020,11,Tuesday,2,7.0,8682b298-cd41-4e28-88f5-efa1311efdfe
23193aeb-0165-45b6-80ac-6ab13983c1c4,3,1X3p2H,2020-11-03,2020,11,Tuesday,3,10.5,10a27af3-5860-4743-bc01-36bb4309f16c
7356f1f0-4482-4510-a111-157052d07ee3,3,K8gkI8,2020-11-03,2020,11,Tuesday,2,7.0,f3970868-3c90-46d8-a20f-2390b8a7c8f2
0f489e13-f3a8-4bb7-929b-9d851818c253,3,1X3p2H,2020-11-03,2020,11,Tuesday,2,7.0,
41a37355-ec09-4b7b-a800-7be856752b29,3,TwErrn,2020-11-03,2020,11,Tuesday,2,7.0,
103650a0-19be-40b1-85dc-a11cf968d0df,3,K8gkI8,2020-11-03,2020,11,Tuesday,2,7.0,
07ebe9a4-f485-4e79-a368-37594ef971df,3,pCjr1R,2020-11-03,2020,11,Tuesday,3,10.5,eecee997-4db9-4719-a897-a93fcf18660f
cf80fe84-7b90-4ddc-8ff0-a3e13cb7470b,3,fvBBXY,2020-11-03,2020,11,Tuesday,2,7.0,
781fa712-49c2-44f4-b1d5-1ed4efdd58d0,3,9FFwEf,2020-11-03,2020,11,Tuesday,2,7.0,
765240f3-b6bc-4539-a368-63efb3bec5f4,3,8CnCaM,2020-11-03,2020,11,Tuesday,3,10.5,1e50503a-5e78-4555-93d3-9a7d0fcbfa20
58576a27-7144-4f64-8b8c-dd9fe3b9e692,3,RZZSxq,2020-11-03,2020,11,Tuesday,1,3.5,
838c1002-73dc-4499-b5d5-43a83370363d,3,iYvFyn,2020-11-03,2020,11,Tuesday,1,3.5,
72b75be3-abaf-4b2d-9eee-60ba21bbf959,3,pCjr1R,2020-11-03,2020,11,Tuesday,2,7.0,
7cd4e683-ce46-4c8f-a451-bc0475e601c7,3,Xd4sZA,2020-11-03,2020,11,Tuesday,2,7.0,47d56ab4-ce6a-42a5-a36a-27f80ce31957
04320353-d557-4f84-9cea-2f6bd14a948e,3,AcIRu7,2020-11-03,2020,11,Tuesday,3,10.5,aa1a664c-d8cc-4ebf-9a54-9aa43ee73e21
3759aae5-8f82-47be-a0b8-b737a11196fa,3,XkiZ9D,2020-11-03,2020,11,Tuesday,1,3.5,d5fe0da4-50b9-4d2b-a7b2-124ea8ef1dd0
40690ab2-0a77-473f-b0ec-5d50b29733fe,3,1X3p2H,2020-11-03,2020,11,Tuesday,3,10.5,8383619b-3bdb-48df-86e0-b47c5979f229
646ce5f1-388a-47bc-b410-c07f374c44fc,3,pCjr1R,2020-11-03,2020,11,Tuesday,2,7.0,
75866e3c-fc7e-4281-a061-7bbb628847dc,3,YnyFQq,2020-11-03,2020,11,Tuesday,1,3.5,
14f4b320-44d8-4f08-87bf-f8dfd70e07f5,3,LRN0uO,2020-11-03,2020,11,Tuesday,1,3.5,
a1774bc5-5407-4ff6-b502-ed38a521fac7,3,QIb1Te,2020-11-03,2020,11,Tuesday,3,10.5,
41db0bd1-7797-4007-a5c7-fba0ca377a22,3,1X3p2H,2020-11-03,2020,11,Tuesday,2,7.0,6d695221-8bcc-4965-8172-8b4b283b54b5
e6865c9d-0ce3-436d-8360-97d1cf7fdb78,3,AcIRu7,2020-11-03,2020,11,Tuesday,2,7.0,
2b5e728d-2832-4075-b571-e93d7bea60ef,3,J4fMRf,2020-11-03,2020,11,Tuesday,2,7.0,
bc8b1fea-d9fd-45dc-9dac-d6fe5d6350b9,3,XkiZ9D,2020-11-03,2020,11,Tuesday,2,7.0,025d4384-9f20-43d5-8681-556f60219635
29dbab42-4c41-4c69-ba1e-f86fd3f59b3e,3,AcIRu7,2020-11-03,2020,11,Tuesday,2,7.0,
82e19cc2-7854-4d17-9aa1-e1204288c5c4,3,Xd4sZA,2020-11-03,2020,11,Tuesday,2,7.0,644b45e9-650a-45b4-8466-0021529cbb90
bb01177c-bf25-4cf6-90f6-c39bc739a8e9,3,9FFwEf,2020-11-03,2020,11,Tuesday,1,3.5,
0615ce57-9e1e-4c6a-9227-b19ec91519d2,3,YnyFQq,2020-11-03,2020,11,Tuesday,2,7.0,0c4795ee-75eb-4f9e-b73f-1b8826a15029
323f4123-a6e2-402e-af2a-98a0d71b99da,3,9FFwEf,2020-11-03,2020,11,Tuesday,2,7.0,
11960629-e397-40c0-aca8-347364864508,3,TwErrn,2020-11-03,2020,11,Tuesday,3,10.5,
1e9e26ab-cf8a-40e3-9fa4-cc07c6499224,3,IWoDZ7,2020-11-03,2020,11,Tuesday,3,10.5,3a2aa1d7-afcd-4437-9fec-1d7cda3faf1b
120bcb12-8e3f-4590-8379-75fb5e77dbb5,3,YnyFQq,2020-11-03,2020,11,Tuesday,2,7.0,
fe517851-10c4-4e21-ae9b-f85205c2f3ef,3,J4fMRf,2020-11-03,2020,11,Tuesday,2,7.0,
4d454c6d-dbe8-4d87-ad69-3aed837ecf58,3,8CnCaM,2020-11-03,2020,11,Tuesday,3,10.5,
7a6f3d39-7c3f-4bb8-a052-afd607237273,3,RZZSxq,2020-11-03,2020,11,Tuesday,3,10.5,a3e4cdb2-1805-4c03-9b19-ea53b131cf80
21811beb-0c79-49df-bf42-c0927f2ae263,3,9FFwEf,2020-11-03,2020,11,Tuesday,1,3.5,
3d8042a3-56b8-4dbb-bbff-02f361303ed3,3,K8gkI8,2020-11-03,2020,11,Tuesday,2,7.0,
e742ffe8-de69-4410-971f-0e68c0aa6a2c,3,AcIRu7,2020-11-03,2020,11,Tuesday,2,7.0,
045f5fcc-f166-4e61-ae64-6214a47c5d93,3,8CnCaM,2020-11-03,2020,11,Tuesday,2,7.0,b0eb35f7-0be6-441b-bc00-8a668dc64666
56aaab9b-0b73-433f-b69b-6c6ae8bc2606,3,IWoDZ7,2020-11-03,2020,11,Tuesday,2,7.0,
867b8793-c663-43e4-a841-5d704b36ae09,3,fvBBXY,2020-11-03,2020,11,Tuesday,2,7.0,
7f61722d-2d15-4d6e-866f-f994e76cf021,3,V9hDyY,2020-11-03,2020,11,Tuesday,2,7.0,3b509243-8181-49d2-9250-2d0ccb8461c3
500539f8-4c21-46f1-a51f-640832332b03,3,HHY1ds,2020-11-03,2020,11,Tuesday,1,3.5,8c105e64-6e97-44dd-aad9-f202fc3d635b
3c70d7a9-0ce8-41b8-923d-5d3ee785413c,3,AcIRu7,2020-11-03,2020,11,Tuesday,1,3.5,
499da15f-e274-423a-824f-93465839e990,3,Xd4sZA,2020-11-03,2020,11,Tuesday,1,3.5,8c105e64-6e97-44dd-aad9-f202fc3d635b
936b75de-c2fe-41e0-8839-c789bed0b424,3,AcIRu7,2020-11-03,2020,11,Tuesday,1,3.5,43e0cce2-3e42-49c3-9393-9809d329029a
d9706072-b6eb-453c-89a4-d37e993a291e,3,1X3p2H,2020-11-03,2020,11,Tuesday,3,10.5,5b131659-3019-4235-82e0-98adbc84a35c
78a6d8a4-4ad2-4439-b879-35e98b90a763,3,K8gkI8,2020-11-03,2020,11,Tuesday,3,10.5,
37cb19a2-d238-4283-9863-6c638f1abf7b,3,K8gkI8,2020-11-03,2020,11,Tuesday,1,3.5,97ecb963-546c-486e-b147-cef5cf3f8031
3f1b7b6f-a780-446a-a7f1-d7ca4c8648fc,3,g0RPTY,2020-11-03,2020,11,Tuesday,3,10.5,
ce1b088e-3291-4e94-a75e-53e14845f1cc,3,RZZSxq,2020-11-03,2020,11,Tuesday,1,3.5,
19723de8-940b-4efa-a777-db1de02144cc,3,Xd4sZA,2020-11-03,2020,11,Tuesday,3,10.5,e9946638-1a80-418e-b2c6-92e88f30aa34
60a70cf3-fe17-4cb7-8520-ef78ae4dfac4,3,IWoDZ7,2020-11-03,2020,11,Tuesday,2,7.0,
27361976-588e-409d-b127-cd4f9e70353e,3,g0RPTY,2020-11-03,2020,11,Tuesday,2,7.0,
8bc22099-4706-4e99-b200-262b58edb03d,3,1X3p2H,2020-11-03,2020,11,Tuesday,2,7.0,
d7f73f6d-4693-44ca-b864-c6cb672df229,3,XkiZ9D,2020-11-03,2020,11,Tuesday,1,3.5,8383619b-3bdb-48df-86e0-b47c5979f229
cc884aa4-80f9-4449-b022-e899e35aef13,3,QIb1Te,2020-11-03,2020,11,Tuesday,1,3.5,40fdee27-e2a8-41a3-bd7f-aea31b7d952c
b9ba97e6-f897-4a3a-ae2e-b46265ba9129,3,YnyFQq,2020-11-03,2020,11,Tuesday,2,7.0,
e9313065-88f4-4625-85ec-111ee62537d3,3,TwErrn,2020-11-03,2020,11,Tuesday,2,7.0,
a0c02c73-82da-4906-b389-66da0e39e27c,3,g0RPTY,2020-11-03,2020,11,Tuesday,2,7.0,54c2f33c-ff98-4537-bd8e-a17e8942faf5
bc24c5f9-ac7a-4553-931d-fcb78e4f0a1a,3,1X3p2H,2020-11-03,2020,11,Tuesday,2,7.0,
31fb5861-d10a-464c-ac9e-7e28581b0f62,3,8CnCaM,2020-11-03,2020,11,Tuesday,2,7.0,
2d4a176f-7530-4209-9ca3-50a1ea44ae0a,3,HHY1ds,2020-11-03,2020,11,Tuesday,3,10.5,
e27b982e-4115-49ca-a727-a40d969dfe2e,3,pCjr1R,2020-11-03,2020,11,Tuesday,3,10.5,7c50e972-e539-4f75-9a2e-0d107de2ce62
b18939da-9763-4a8c-8d44-c4cb7fb4c418,3,V9hDyY,2020-11-03,2020,11,Tuesday,2,7.0,
314c9672-6487-4646-9103-d48f21ace5a4,3,RZZSxq,2020-11-03,2020,11,Tuesday,2,7.0,
5d022e39-2970-402b-bc74-8c42263e7848,3,AcIRu7,2020-11-03,2020,11,Tuesday,2,7.0,
009eb289-a00c-4799-92b8-5d7ba305df3b,3,YnyFQq,2020-11-03,2020,11,Tuesday,3,10.5,db4c39e2-5614-4fcf-8152-e37a6a8f4146
e27edd91-7675-48d4-9878-072b636d0b09,3,QIb1Te,2020-11-03,2020,11,Tuesday,1,3.5,048e9595-17a8-41fc-80a6-06ca24ad196e
d43f01a4-fc29-4632-a93c-55fb222e9159,3,RZZSxq,2020-11-03,2020,11,Tuesday,2,7.0,aa1a664c-d8cc-4ebf-9a54-9aa43ee73e21
b938aece-c239-46e4-aed8-01a2a84b7c42,3,V9hDyY,2020-11-03,2020,11,Tuesday,3,10.5,
78df8d94-eb5e-4b89-a299-f6fadcac0cb7,3,8CnCaM,2020-11-03,2020,11,Tuesday,3,10.5,62a533f6-6bc0-456a-b021-f353603edde6
9d28e6da-0444-42fb-a6a0-869c9cd60882,3,8CnCaM,2020-11-03,2020,11,Tuesday,2,7.0,
82e93b3e-6380-45ee-98c3-2eaf8c147c16,3,9FFwEf,2020-11-03,2020,11,Tuesday,3,10.5,a79c13e0-73e9-41b1-ac5e-4ed4a5fb83f9
bddcd092-5a50-48cf-b2ae-b85343733627,3,XkiZ9D,2020-11-03,2020,11,Tuesday,2,7.0,
7c093c58-875b-4c2c-9cbc-7916245eda33,3,RZZSxq,2020-11-03,2020,11,Tuesday,2,7.0,
129206f3-d9ab-44a4-a6ea-3822fc031286,3,pCjr1R,2020-11-03,2020,11,Tuesday,1,3.5,
84c7946e-a68c-447a-a928-e0b07f1a5b37,3,9FFwEf,2020-11-03,2020,11,Tuesday,3,10.5,
650029de-1e1d-4916-a086-1949b9fea29f,3,QIb1Te,2020-11-03,2020,11,Tuesday,3,10.5,ed820c9a-947d-4c0a-b9d7-931dbf7e6363
6d3753e6-0fa2-4de9-85c8-105ee19b9f82,3,J4fMRf,2020-11-03,2020,11,Tuesday,3,10.5,
fcca137c-d26d-4f36-9b1b-3791e320d39d,3,Xd4sZA,2020-11-03,2020,11,Tuesday,2,7.0,
52c40cde-0452-4a18-8848-884f71e29c45,3,LRN0uO,2020-11-03,2020,11,Tuesday,2,7.0,
9c9fe18b-f344-45f0-badb-bbd2a8877e34,3,g0RPTY,2020-11-03,2020,11,Tuesday,2,7.0,c54f15f6-db04-45ff-9de4-f060a1231ccf
d9ac9ca7-078c-41ac-b257-3601a54390d7,3,XkiZ9D,2020-11-03,2020,11,Tuesday,1,3.5,
d9d493cb-123b-4f38-82c5-752e6c701508,3,iYvFyn,2020-11-03,2020,11,Tuesday,1,3.5,
4f117b0c-2cf9-4483-9f2c-1161453667c5,3,AcIRu7,2020-11-03,2020,11,Tuesday,3,10.5,
c9e04664-e3e4-48f6-968c-59b4d69d2fc8,3,AcIRu7,2020-11-03,2020,11,Tuesday,3,10.5,
d3c750b5-7531-408f-8164-10ef777dc733,3,J4fMRf,2020-11-03,2020,11,Tuesday,3,10.5,
c7ab7ebc-782c-413b-97cf-1de17f84f838,3,iYvFyn,2020-11-03,2020,11,Tuesday,1,3.5,
249d3e41-54e3-4bc0-917b-801125258059,3,LRN0uO,2020-11-03,2020,11,Tuesday,3,10.5,
694fc2ff-abcf-4fbb-aa9e-c101a5c20d0c,3,LRN0uO,2020-11-03,2020,11,Tuesday,3,10.5,
ab49998b-1aad-43b8-8a07-36772c42f93b,3,XkiZ9D,2020-11-03,2020,11,Tuesday,3,10.5,dc1125e2-055b-4e66-8c5d-ac3f413f4479
718a1da6-ca55-4d42-b5d9-d7392e8e5373,3,QIb1Te,2020-11-03,2020,11,Tuesday,2,7.0,
b36fd646-2b33-47a8-90f6-4f9583459a42,3,TwErrn,2020-11-03,2020,11,Tuesday,3,10.5,6755615f-3d98-4737-9004-d69a2a09b024
15583d0b-67c6-41b4-b8bd-3196d57f618d,3,LRN0uO,2020-11-03,2020,11,Tuesday,2,7.0,
929b99ff-6497-48a6-9658-60f5e4115cc8,3,K8gkI8,2020-11-03,2020,11,Tuesday,2,7.0,
d1d75e4d-f6c2-44e1-9631-3170a27c27a1,3,pCjr1R,2020-11-03,2020,11,Tuesday,1,3.5,
47bfc83f-cdbe-489c-8cf7-4b1dcd7e7f5c,3,Xd4sZA,2020-11-03,2020,11,Tuesday,3,10.5,
5914f1d5-3cab-4c2f-babf-4844a52f085c,3,1X3p2H,2020-11-03,2020,11,Tuesday,2,7.0,d045403b-05fc-45af-ad57-8e04b52ef4e8
81839718-fcd3-4b02-a0a5-4af028e71d95,3,V9hDyY,2020-11-03,2020,11,Tuesday,2,7.0,
798f93c4-a142-4af0-b424-e2483dbdca0e,3,K8gkI8,2020-11-03,2020,11,Tuesday,2,7.0,ed050506-c8b3-4107-b4f4-61c0cc28ff0d
ce1d83c9-b7d6-42e1-b2e0-431aa6a5a76e,3,RZZSxq,2020-11-03,2020,11,Tuesday,3,10.5,
24c26600-35a7-445a-a6ed-b377d888f948,3,YnyFQq,2020-11-03,2020,11,Tuesday,1,3.5,3b8d6dd7-132d-4457-acc2-277888d24021
9d6c4695-f87e-464f-bbb4-c48601f64c20,3,9FFwEf,2020-11-03,2020,11,Tuesday,3,10.5,
d7a5dbd2-fb9d-4121-8b0b-bac969a7c8c8,3,Xd4sZA,2020-11-03,2020,11,Tuesday,1,3.5,
ee83802e-db95-46ec-b52f-121d7b8d617a,3,QIb1Te,2020-11-03,2020,11,Tuesday,2,7.0,
1c7f18fc-710b-4875-ac2a-860bfe432550,3,g0RPTY,2020-11-03,2020,11,Tuesday,2,7.0,
f4850aee-c775-49cc-851e-822dd37282b6,3,K8gkI8,2020-11-03,2020,11,Tuesday,3,10.5,
6536beb4-1919-41f9-bd38-1853e3bc2165,3,fvBBXY,2020-11-03,2020,11,Tuesday,1,3.5,
61b891dc-bdf3-4290-8704-692f9391e582,3,IWoDZ7,2020-11-03,2020,11,Tuesday,1,3.5,9d5a946d-d4bc-426c-b2c9-da3c468583e9
6868b57c-a8f1-4f22-8923-fffb821853ac,3,HHY1ds,2020-11-03,2020,11,Tuesday,1,3.5,
9096842e-d1d8-4c05-a431-8768cf9ceae9,3,YnyFQq,2020-11-03,2020,11,Tuesday,2,7.0,
e87f8501-5da2-4d6c-bef0-35f5fb998a35,3,8CnCaM,2020-11-03,2020,11,Tuesday,2,7.0,
3cd74ba5-9f7d-49d5-a989-f7e8dae72131,3,Xd4sZA,2020-11-03,2020,11,Tuesday,2,7.0,eecee997-4db9-4719-a897-a93fcf18660f
b0294631-4b73-448d-ba12-d8649231dd03,3,1X3p2H,2020-11-03,2020,11,Tuesday,1,3.5,
9ed64779-2c7e-4f37-98c6-16fff1b51eaf,3,YnyFQq,2020-11-03,2020,11,Tuesday,1,3.5,bb0cf9e0-c317-4001-b76e-47d525b74100
5a7eed6f-3966-49a3-b8a6-17aa13859dff,3,iYvFyn,2020-11-03,2020,11,Tuesday,3,10.5,3ea82e3b-b6db-45eb-b759-4900a573b78a
53b574fc-db91-4023-a486-7545a3a78e94,3,YnyFQq,2020-11-04,2020,11,Wednesday,2,7.0,c2a9d258-5877-405e-8781-35fc5a2abeab
1e64cf48-c554-4d35-a2cf-bb284ef7c2ae,3,K8gkI8,2020-11-04,2020,11,Wednesday,3,10.5,c13e87b1-eb73-4922-99da-b4acd5a0bf97
52d89791-87c4-4584-a201-f505f78ebfa6,3,HHY1ds,2020-11-04,2020,11,Wednesday,2,7.0,503cec84-9c67-4752-81c3-26a1276f91c9
e3bd7616-4157-4fc0-b030-717622d66f7b,3,g0RPTY,2020-11-04,2020,11,Wednesday,2,7.0,
da400ebe-cccb-4f9f-b863-7eefa91c979f,3,V9hDyY,2020-11-04,2020,11,Wednesday,3,10.5,
cfab0b9c-3b33-4ac2-bd11-72c612051570,3,LRN0uO,2020-11-04,2020,11,Wednesday,2,7.0,
86c4e1b0-01bf-473d-b4f5-a88afd7a5ecc,3,pCjr1R,2020-11-04,2020,11,Wednesday,2,7.0,
6a520b9b-d0f3-488c-9a8a-e051a46f4e65,3,YnyFQq,2020-11-04,2020,11,Wednesday,1,3.5,
cf72752f-7cd7-4ddd-b7c3-6d4f9b842239,3,1X3p2H,2020-11-04,2020,11,Wednesday,1,3.5,6755615f-3d98-4737-9004-d69a2a09b024
585f1a02-a4ab-4b27-a941-a1f0378fface,3,XkiZ9D,2020-11-04,2020,11,Wednesday,1,3.5,
4ff4eff6-a42b-49ff-ace3-94e63191e1a4,3,1X3p2H,2020-11-04,2020,11,Wednesday,1,3.5,
684c6cfd-23ab-40f9-8a5b-10c1536457b7,3,AcIRu7,2020-11-04,2020,11,Wednesday,2,7.0,dbb767d1-ef88-4dc7-a7c0-39046444ec72
2afc45cf-e763-4a44-abc5-fffdd836f219,3,pCjr1R,2020-11-04,2020,11,Wednesday,2,7.0,
d6a18f38-3596-48ab-99fe-8a16646e4f35,3,fvBBXY,2020-11-04,2020,11,Wednesday,2,7.0,2df4b7df-3344-4e69-83ab-33aabb8b6131
2696c1d7-6596-4d45-925b-cbb7bfbbe7ac,3,AcIRu7,2020-11-04,2020,11,Wednesday,1,3.5,
26cccf09-129a-4b38-9432-b3dbe5921f7b,3,QIb1Te,2020-11-04,2020,11,Wednesday,1,3.5,
0d529d0d-7284-4471-9b57-528d4ac71701,3,AcIRu7,2020-11-04,2020,11,Wednesday,1,3.5,
5e944503-aa25-4daf-9d69-9cc1b730b256,3,YnyFQq,2020-11-04,2020,11,Wednesday,2,7.0,cf96d80e-620b-4b4f-b346-83828a391ca8
c57a1551-86bb-42e5-b716-2ff7a2e948ab,3,pCjr1R,2020-11-04,2020,11,Wednesday,2,7.0,
4fa85cdc-43b3-408a-bb59-43ac07457801,3,J4fMRf,2020-11-04,2020,11,Wednesday,2,7.0,
24963842-fa2c-4209-bbd0-ea0e5024aa75,3,iYvFyn,2020-11-04,2020,11,Wednesday,1,3.5,
9b987580-91fe-4c05-aa59-16ffe70857e9,3,HHY1ds,2020-11-04,2020,11,Wednesday,2,7.0,97ecb963-546c-486e-b147-cef5cf3f8031
d0548c23-45e7-4562-9d8a-7e4d2b912988,3,9FFwEf,2020-11-04,2020,11,Wednesday,3,10.5,
3821a10c-d5b4-4497-a4c1-b14f4bf5308b,3,iYvFyn,2020-11-04,2020,11,Wednesday,2,7.0,
24108dcb-3847-45ea-b8cd-2a1924711eec,3,g0RPTY,2020-11-04,2020,11,Wednesday,1,3.5,
2e1ef882-9b38-4e83-8802-0a08e14de127,3,9FFwEf,2020-11-04,2020,11,Wednesday,2,7.0,
524fe1f4-da16-47d1-85e8-d90b2ab07896,3,8CnCaM,2020-11-04,2020,11,Wednesday,2,7.0,
2fffc8f4-49ec-4a98-bf71-b33077acce74,3,1X3p2H,2020-11-04,2020,11,Wednesday,1,3.5,
4b540a48-c06f-4256-b069-557ff3468661,3,V9hDyY,2020-11-04,2020,11,Wednesday,2,7.0,
f73ee95c-0cac-4388-a0e1-ae0af9c8d167,3,K8gkI8,2020-11-04,2020,11,Wednesday,2,7.0,4b4fef43-ff1a-4ed6-bbd4-00d9a0102340
e3e2a9c4-ff55-47a3-8ace-40a7aeeb08b6,3,V9hDyY,2020-11-04,2020,11,Wednesday,1,3.5,bc99d594-0bb8-441d-a412-f522223815d9
5085c253-49c9-4bd3-aac6-349e508f7342,3,HHY1ds,2020-11-04,2020,11,Wednesday,2,7.0,
6969cb1b-9160-4240-9d98-f49d7c3091aa,3,HHY1ds,2020-11-04,2020,11,Wednesday,1,3.5,
46809365-9d41-420d-aaa2-20b1483fa305,3,LRN0uO,2020-11-04,2020,11,Wednesday,1,3.5,
5d28b6be-9a7b-42d9-bda7-9d2b1d7e1db2,3,Xd4sZA,2020-11-04,2020,11,Wednesday,1,3.5,
4a8451db-df02-4f0a-99e6-1961081028e5,3,fvBBXY,2020-11-04,2020,11,Wednesday,3,10.5,2e7d4c34-ac47-495e-9466-00813888a037
d1242af9-28ce-46b1-8c5f-415a3611c25a,3,K8gkI8,2020-11-04,2020,11,Wednesday,1,3.5,
8681be78-117e-4134-b272-ae399f85c246,3,V9hDyY,2020-11-04,2020,11,Wednesday,2,7.0,
b3bc672f-6aca-497b-b734-98c27370bfb6,3,IWoDZ7,2020-11-04,2020,11,Wednesday,3,10.5,
784c830e-bafb-4605-84d4-d053ae2bdeb6,3,TwErrn,2020-11-04,2020,11,Wednesday,2,7.0,1f2d862f-18f9-4c58-a4b3-45b3db796ad4
32a14e96-0deb-428d-a0d9-596994e63890,3,J4fMRf,2020-11-04,2020,11,Wednesday,2,7.0,
861e7f22-87f7-4b43-af9b-51565dbe2521,3,J4fMRf,2020-11-04,2020,11,Wednesday,3,10.5,
13d8abab-39ff-4d9c-9364-660fd26e609f,3,AcIRu7,2020-11-04,2020,11,Wednesday,3,10.5,
ea7ac11d-d5af-411f-bf36-4a50d4340364,3,AcIRu7,2020-11-04,2020,11,Wednesday,1,3.5,
10f9272b-886c-4d39-9a80-a36deac01c01,3,AcIRu7,2020-11-04,2020,11,Wednesday,1,3.5,105a8dbd-e318-4fdc-bac2-342b4e296d81
f75be5c4-5231-40ee-adc3-3cb2082c3649,3,IWoDZ7,2020-11-04,2020,11,Wednesday,3,10.5,5e1d69cf-4548-4c11-a711-d751fad6a8e8
e3ad1757-29b5-4969-9e63-a05bcc9b7dc0,3,Xd4sZA,2020-11-04,2020,11,Wednesday,2,7.0,
0b015087-12a3-4174-ba4e-d048488f0b00,3,Xd4sZA,2020-11-04,2020,11,Wednesday,2,7.0,2a743fc8-b7e6-47e3-b5a3-b8ab806527d8
c4f92580-1a3a-4283-994e-96b4f08fc103,3,YnyFQq,2020-11-04,2020,11,Wednesday,3,10.5,
04b1c98b-c450-4ab7-afd8-179645f27234,3,YnyFQq,2020-11-04,2020,11,Wednesday,2,7.0,
1b3dce7c-b8bc-4880-ae09-534073b77ba3,3,IWoDZ7,2020-11-04,2020,11,Wednesday,1,3.5,47dea8ae-0261-4a68-a357-76a7ed1e6d54
8e81d22c-35da-4578-b94e-ccbba5000245,3,QIb1Te,2020-11-04,2020,11,Wednesday,2,7.0,
21dab867-ffe9-4041-bd0e-ba4eebbcd4fb,3,K8gkI8,2020-11-04,2020,11,Wednesday,3,10.5,
324b8590-c57d-4151-84e2-294b419ceead,3,QIb1Te,2020-11-04,2020,11,Wednesday,1,3.5,5f412899-76c5-465a-89ed-e1b81c2efdd6
614bc13e-c0b9-4636-a272-587ad9ed12c1,3,g0RPTY,2020-11-04,2020,11,Wednesday,2,7.0,
338e8e7f-b4cc-476f-b247-1b8e6662cc14,3,RZZSxq,2020-11-04,2020,11,Wednesday,2,7.0,
2bb8b1f4-2e07-4b59-b3f8-e1fd4ef00caa,3,K8gkI8,2020-11-04,2020,11,Wednesday,1,3.5,
23a47b16-31d5-4e3f-a70a-8f23c16449f8,3,XkiZ9D,2020-11-04,2020,11,Wednesday,2,7.0,
f8237249-6aa3-4b74-9c65-7f322b687305,3,YnyFQq,2020-11-04,2020,11,Wednesday,2,7.0,
af3e740f-f24e-499c-86e8-8a5e19b1020f,3,V9hDyY,2020-11-04,2020,11,Wednesday,2,7.0,
5fe44ede-aba0-445b-90d2-7a4a34faeda5,3,XkiZ9D,2020-11-04,2020,11,Wednesday,1,3.5,
70dc875d-0635-484a-b0af-6578a6931390,3,V9hDyY,2020-11-04,2020,11,Wednesday,2,7.0,
51545144-13c6-462c-b403-2e038a6e0500,3,iYvFyn,2020-11-04,2020,11,Wednesday,3,10.5,7341c94d-ab5c-4974-b41c-062cf1da0647
b48e0842-ec81-49c1-9d36-fee867f732d0,3,QIb1Te,2020-11-04,2020,11,Wednesday,1,3.5,2a8d55a4-20a0-47e3-9cf9-ef0c1fdd65f3
a9268bd3-a137-4ebf-90de-5540cf2f1856,3,IWoDZ7,2020-11-04,2020,11,Wednesday,3,10.5,
53b94435-c3a5-45ee-8965-f60acc0f9f6b,3,LRN0uO,2020-11-04,2020,11,Wednesday,2,7.0,6c33cfca-8bdf-4045-ba5f-3f01b6e2c51a
8ac2a3af-d7d6-43e9-96e3-067be9546ba7,3,IWoDZ7,2020-11-04,2020,11,Wednesday,1,3.5,
916483ba-77c4-42b4-83fb-bd1bf5950879,3,RZZSxq,2020-11-04,2020,11,Wednesday,3,10.5,
8c110e44-062b-4e32-b134-653e5f42ae3a,3,8CnCaM,2020-11-04,2020,11,Wednesday,1,3.5,
9e201396-d934-4ccf-87a1-1604476b9957,3,TwErrn,2020-11-04,2020,11,Wednesday,3,10.5,
a95c578d-e71d-4547-aff0-57c092cae69f,3,Xd4sZA,2020-11-04,2020,11,Wednesday,2,7.0,
6e1023c2-5faa-46e6-8deb-c048216b387f,3,IWoDZ7,2020-11-04,2020,11,Wednesday,2,7.0,
78485bce-c746-4102-97fc-fbd1bafb2403,3,V9hDyY,2020-11-04,2020,11,Wednesday,2,7.0,
f949e676-815b-4e42-9af3-abb807a9f57c,3,IWoDZ7,2020-11-04,2020,11,Wednesday,3,10.5,
c05410a0-9e69-432d-96e1-f154718bb472,3,LRN0uO,2020-11-04,2020,11,Wednesday,2,7.0,
a7e42429-24df-4281-937c-89845a8d4c6e,3,IWoDZ7,2020-11-04,2020,11,Wednesday,2,7.0,
ced434a8-493e-410d-9190-99a97fcffce4,3,AcIRu7,2020-11-04,2020,11,Wednesday,1,3.5,
5cdfc14e-5fa9-4427-9124-69032b56115a,3,YnyFQq,2020-11-04,2020,11,Wednesday,1,3.5,
f2c0f410-705c-48ae-8737-502e8110921a,3,QIb1Te,2020-11-04,2020,11,Wednesday,2,7.0,587f8f67-e282-4753-9f22-fc4e9ecd7990
274bf00e-9373-42c9-89cc-8b119f31e923,3,pCjr1R,2020-11-04,2020,11,Wednesday,2,7.0,
264deff9-50d1-464f-8818-980397b2e450,3,fvBBXY,2020-11-04,2020,11,Wednesday,2,7.0,62a533f6-6bc0-456a-b021-f353603edde6
11709f98-20a5-46c5-801b-af4f9556d4d8,3,iYvFyn,2020-11-04,2020,11,Wednesday,1,3.5,26487452-4a1c-4a11-9a65-f906bd039317
840c8f1a-d5d8-4710-9e4a-b9c2be01288b,3,8CnCaM,2020-11-04,2020,11,Wednesday,2,7.0,
61773d27-7550-4a5a-ae72-716fd6689dad,3,1X3p2H,2020-11-04,2020,11,Wednesday,2,7.0,6b9f9a71-70d3-4b5f-9b01-ed609b79d287
fb58f56e-8467-4993-b524-bae596f716ae,3,K8gkI8,2020-11-04,2020,11,Wednesday,2,7.0,
fc0cd8d0-bc1b-4764-9b10-97cfa923cf21,3,RZZSxq,2020-11-04,2020,11,Wednesday,3,10.5,
2ee3491b-fa94-434e-9a1a-34e8dd7c8723,3,LRN0uO,2020-11-04,2020,11,Wednesday,2,7.0,a50448b4-f787-4d5a-b211-5bcc2e8566fc
9d6b5475-fa8f-4fd8-8b02-83bcf85500b9,3,QIb1Te,2020-11-04,2020,11,Wednesday,2,7.0,
24d986d2-8969-40eb-8992-61ed6543430d,3,HHY1ds,2020-11-04,2020,11,Wednesday,2,7.0,7da0c8b9-94cc-4568-aafc-6d44a0026782
d6a85c9b-73a4-480d-bc70-6fdd4f7c769e,3,K8gkI8,2020-11-04,2020,11,Wednesday,2,7.0,
dd992fed-229d-4f41-9782-580dc0ffa0bf,3,QIb1Te,2020-11-04,2020,11,Wednesday,2,7.0,
1809e18a-ce33-4a58-89f8-fe3a7f3aa37b,3,Xd4sZA,2020-11-04,2020,11,Wednesday,1,3.5,
224e0537-3a5d-4337-99e5-79a7fc6897d0,3,YnyFQq,2020-11-04,2020,11,Wednesday,3,10.5,
a30934e6-c540-4ee2-b227-a42fd2bc7231,3,9FFwEf,2020-11-04,2020,11,Wednesday,2,7.0,
fbe32dec-bb23-4a04-b0cf-4f53ac9296d0,3,YnyFQq,2020-11-04,2020,11,Wednesday,3,10.5,
f03d902d-b5b1-4d29-a082-34f6314e19ef,3,J4fMRf,2020-11-04,2020,11,Wednesday,2,7.0,b31a1b02-af7a-407b-93af-62fbf6bc9710
ce9b4b51-98b3-456a-9d80-5c244848d37a,3,8CnCaM,2020-11-04,2020,11,Wednesday,2,7.0,
acc8fa42-b576-4a9f-8055-9466d47110c9,3,YnyFQq,2020-11-04,2020,11,Wednesday,2,7.0,639c17e3-0c72-47c6-9bdb-0f2ecc01c37f
7ead8c8b-93d1-4bae-8206-998b54505b87,3,IWoDZ7,2020-11-04,2020,11,Wednesday,3,10.5,
bd94a48f-686d-4c5b-8174-06414c245f78,3,pCjr1R,2020-11-04,2020,11,Wednesday,2,7.0,40fdee27-e2a8-41a3-bd7f-aea31b7d952c
8f68b84c-77ae-47bb-9dd9-9364a3f7ae50,3,8CnCaM,2020-11-04,2020,11,Wednesday,2,7.0,b7dfa7c9-c593-4ef7-9124-d90bd78901a3
76b07a80-9247-40ed-8354-89fa7ebb709a,3,8CnCaM,2020-11-04,2020,11,Wednesday,2,7.0,
7cbdb747-61e8-4bd5-a453-80ecf50db290,3,TwErrn,2020-11-04,2020,11,Wednesday,3,10.5,587f8f67-e282-4753-9f22-fc4e9ecd7990
3ea4e912-4fd4-4de7-8895-b36da2202492,3,9FFwEf,2020-11-04,2020,11,Wednesday,2,7.0,
c1641d4c-2c83-4d52-bc5d-770eeda96b15,3,RZZSxq,2020-11-04,2020,11,Wednesday,1,3.5,
a6c51f1c-0249-4415-ab14-6a9854ccc908,3,8CnCaM,2020-11-04,2020,11,Wednesday,1,3.5,
930d3175-0c5f-4a1f-bfbf-e9c4019cb8d3,3,XkiZ9D,2020-11-04,2020,11,Wednesday,2,7.0,
1d80571e-f726-4ad0-86f0-a6a5f460fba7,3,K8gkI8,2020-11-04,2020,11,Wednesday,1,3.5,
5280082d-95d0-4291-85e3-4e066bd04222,3,fvBBXY,2020-11-04,2020,11,Wednesday,3,10.5,30006795-823b-43d8-8e9e-38dd92091162
f1a69562-5369-4c8c-8d43-8994b3b6543a,3,QIb1Te,2020-11-04,2020,11,Wednesday,1,3.5,3ee4b12b-d7b4-4a47-858f-860fa3a302ed
39a1ef92-682a-40e4-911c-5a40deb7ecba,3,LRN0uO,2020-11-04,2020,11,Wednesday,2,7.0,c156afed-2a1a-4752-b30e-4fd66eba36d1
f6e4f658-4eea-42e3-adce-e76092363caa,3,fvBBXY,2020-11-04,2020,11,Wednesday,2,7.0,
b9a93d1e-a9cd-4e7d-9bc2-129158990141,3,J4fMRf,2020-11-05,2020,11,Thursday,3,10.5,61d0c3fc-28ce-49a7-acca-d6ee69254fb7
488287da-ed6c-47d3-b1df-f0fa95330eb6,3,9FFwEf,2020-11-05,2020,11,Thursday,2,7.0,413f2c9c-eeaf-4c9e-9170-1ac1510f49af
7c0eeb66-76fc-45cd-9c0e-0acd312cb044,3,Xd4sZA,2020-11-05,2020,11,Thursday,2,7.0,4b4fef43-ff1a-4ed6-bbd4-00d9a0102340
72b99a1b-69ce-4b21-b8c4-e9bde9c4986d,3,TwErrn,2020-11-05,2020,11,Thursday,2,7.0,
d76237bf-192b-43d3-a9cf-2cb9dc61fec6,3,AcIRu7,2020-11-05,2020,11,Thursday,2,7.0,
465e62bc-def9-425d-ae8b-37b1d33f1c48,3,1X3p2H,2020-11-05,2020,11,Thursday,2,7.0,dbf11348-5740-4798-83eb-469a9560bec6
05e93bfe-cad7-40ac-83f6-b6835552c0a8,3,IWoDZ7,2020-11-05,2020,11,Thursday,1,3.5,
ca80c80d-3eba-408a-a376-ca1c3f83299e,3,XkiZ9D,2020-11-05,2020,11,Thursday,2,7.0,
78b77576-bda6-43d2-abaa-201f85deeb42,3,QIb1Te,2020-11-05,2020,11,Thursday,2,7.0,eb5e4ba1-74e3-43f4-9013-20a68153a09c
c720537d-f740-4ca6-8190-ffad56be5eda,3,fvBBXY,2020-11-05,2020,11,Thursday,2,7.0,
6b0eabdf-481b-4e99-837f-4d6eb1d6f324,3,K8gkI8,2020-11-05,2020,11,Thursday,3,10.5,
c4500551-eac4-4ce7-9b9d-9d50d31cc954,3,XkiZ9D,2020-11-05,2020,11,Thursday,1,3.5,
05997dbe-f920-4d40-a825-c6a9e81b7083,3,pCjr1R,2020-11-05,2020,11,Thursday,3,10.5,
2b9b978a-cf85-4385-ba49-aaad414143e2,3,TwErrn,2020-11-05,2020,11,Thursday,2,7.0,
f395a53b-2569-42ab-b21e-c1244d1e12f7,3,RZZSxq,2020-11-05,2020,11,Thursday,2,7.0,
758d22ad-4ecd-46db-a33b-6d7e2f2936f1,3,K8gkI8,2020-11-05,2020,11,Thursday,3,10.5,511ed47d-4be3-4a52-b7e5-49c7703a7006
3625a1cd-e932-4a56-92d3-727cc89d81fe,3,AcIRu7,2020-11-05,2020,11,Thursday,2,7.0,5e1d69cf-4548-4c11-a711-d751fad6a8e8
78177803-a98f-4761-ae0d-ef75fb0b87c8,3,HHY1ds,2020-11-05,2020,11,Thursday,3,10.5,
a96f7b35-d09d-4208-ae21-9e633d3698e0,3,YnyFQq,2020-11-05,2020,11,Thursday,1,3.5,
6fa0e882-24bf-483d-985c-9bd4a94b4c9e,3,RZZSxq,2020-11-05,2020,11,Thursday,3,10.5,
443a6ecb-51be-4e09-bb59-c26aa3b773bb,3,9FFwEf,2020-11-05,2020,11,Thursday,3,10.5,a7f14513-0cf4-4ab9-84ac-81ba93548782
2aa5a96d-adc7-4361-8d89-d8fb39c5bf67,3,Xd4sZA,2020-11-05,2020,11,Thursday,2,7.0,
ea0118d4-c16c-48f0-8206-c01a2c577201,3,QIb1Te,2020-11-05,2020,11,Thursday,3,10.5,7690b1d8-6f6f-42d8-ae62-30e85e25055f
c9da5633-20c9-4b42-8da8-a9bf2011d1e8,3,RZZSxq,2020-11-05,2020,11,Thursday,3,10.5,
5eb4447a-e3dc-4cf2-93bf-76916097ffa3,3,1X3p2H,2020-11-05,2020,11,Thursday,2,7.0,dafd8819-1bf8-40d0-b829-149ab59dea42
1b6a5bd4-0e09-4150-acf0-8524c436157a,3,IWoDZ7,2020-11-05,2020,11,Thursday,2,7.0,
896ca33b-6e4a-46ae-b94f-a179151d7245,3,8CnCaM,2020-11-05,2020,11,Thursday,2,7.0,
e3ef969a-0664-488a-b8f9-2e83e0ac838d,3,V9hDyY,2020-11-05,2020,11,Thursday,3,10.5,b7be8719-d7cc-4c06-8bf6-d5bd0cc7df37
19271221-ff3a-4dcf-9992-5eaa91843fd0,3,HHY1ds,2020-11-05,2020,11,Thursday,2,7.0,
8ddde8f5-120b-45b4-ba53-92de9bd12005,3,TwErrn,2020-11-05,2020,11,Thursday,2,7.0,
3f3689ca-8a66-4923-98a9-2c44f24589b5,3,AcIRu7,2020-11-05,2020,11,Thursday,1,3.5,e535c38b-71a8-40c0-bf54-fbeb2f09ce8d
bd3f8103-da3e-41ac-b6fa-143f97fe3f63,3,TwErrn,2020-11-05,2020,11,Thursday,2,7.0,
4f983375-9402-4655-ad7c-249b8b1e0434,3,TwErrn,2020-11-05,2020,11,Thursday,1,3.5,
0377d252-50c0-4901-8bb8-ab0074cc8d25,3,J4fMRf,2020-11-05,2020,11,Thursday,2,7.0,
9e369c59-fd0c-40b4-b76c-4d824ceb8c35,3,9FFwEf,2020-11-05,2020,11,Thursday,1,3.5,
24a92b00-e3c4-424a-ab49-8fc29fff60b4,3,RZZSxq,2020-11-05,2020,11,Thursday,1,3.5,3ad9afcd-1507-4e4b-88cb-8d5e4ec8bdfc
5a7d3b38-5748-4cc2-a5e9-3625df30497d,3,9FFwEf,2020-11-05,2020,11,Thursday,2,7.0,
1cc56cfd-ade6-4efe-9174-fced6d6f8c1f,3,1X3p2H,2020-11-05,2020,11,Thursday,1,3.5,
4917ed48-6391-4e12-8b85-34a3cd791db2,3,8CnCaM,2020-11-05,2020,11,Thursday,3,10.5,
8fae4ec3-b486-4a5d-9695-cc0c47002be0,3,J4fMRf,2020-11-05,2020,11,Thursday,1,3.5,
60d34b76-117d-468d-8686-613263286336,3,pCjr1R,2020-11-05,2020,11,Thursday,1,3.5,
005499cf-a5d6-49c4-9138-a3743662a781,3,fvBBXY,2020-11-05,2020,11,Thursday,1,3.5,
59967a57-9310-4ac5-ba05-383c2f5f7c6a,3,9FFwEf,2020-11-05,2020,11,Thursday,1,3.5,
02e80cd8-1be0-4d82-bc7f-b4a6247af420,3,IWoDZ7,2020-11-05,2020,11,Thursday,1,3.5,
f912f165-ba68-4d45-b506-e7e27725266a,3,8CnCaM,2020-11-05,2020,11,Thursday,2,7.0,
e3be6464-af9b-4eed-977e-3309b81fd588,3,fvBBXY,2020-11-05,2020,11,Thursday,2,7.0,
77b6d628-dcb1-420c-a620-7cb4cb5260f8,3,IWoDZ7,2020-11-05,2020,11,Thursday,3,10.5,
468d31a7-f6c2-4da9-b0e0-657a8717b56c,3,pCjr1R,2020-11-05,2020,11,Thursday,2,7.0,2a743fc8-b7e6-47e3-b5a3-b8ab806527d8
d403356d-20c6-460f-b64e-eaf3381c15fd,3,iYvFyn,2020-11-05,2020,11,Thursday,1,3.5,
c46b7ca0-dea3-4c80-95b7-445b8e5b3c13,3,fvBBXY,2020-11-05,2020,11,Thursday,2,7.0,
8964b34b-d5fc-4ec3-a540-8dd0fcf69e6f,3,pCjr1R,2020-11-05,2020,11,Thursday,2,7.0,c1166789-397b-48e4-8c61-0a2a242d6286
85f80374-d38a-416a-bae2-12bc64dcfe8d,3,LRN0uO,2020-11-05,2020,11,Thursday,2,7.0,82a5c0bc-5576-46f9-bc3d-7db3d1cf6ee1
a5b8032e-313b-4141-804a-c48fcedd65da,3,g0RPTY,2020-11-05,2020,11,Thursday,2,7.0,
0a0ceebf-eba3-4b21-9bf4-30e10ab2dbad,3,1X3p2H,2020-11-05,2020,11,Thursday,3,10.5,
402cabf5-689c-4c55-aa4c-225efa543177,3,TwErrn,2020-11-05,2020,11,Thursday,1,3.5,
52481c53-0099-4842-99be-9acba58eb363,3,fvBBXY,2020-11-05,2020,11,Thursday,3,10.5,0fbcb773-42cb-475d-963c-41ef5eeecd36
01588d53-3521-4cd6-a628-27007cba4f9d,3,RZZSxq,2020-11-05,2020,11,Thursday,3,10.5,dcdb286e-dce5-4c89-abdb-feb3d66e7bc9
5f1b0dd8-811e-4ed1-9551-b610145b3150,3,8CnCaM,2020-11-05,2020,11,Thursday,3,10.5,
0c6cdaa6-afdf-40ca-9cb8-c77e5a341f13,3,fvBBXY,2020-11-05,2020,11,Thursday,1,3.5,
b4b1240e-c872-42b5-a153-afdf11ed8d5b,3,J4fMRf,2020-11-05,2020,11,Thursday,2,7.0,
6e0e97d8-81b7-4265-b07a-6d21d263562a,3,YnyFQq,2020-11-05,2020,11,Thursday,1,3.5,
24ce46e5-1e7a-4378-b0e3-b5efcaae0a3b,3,TwErrn,2020-11-05,2020,11,Thursday,3,10.5,
ab09bbd3-91a5-4524-a474-f30b4f30dbb5,3,J4fMRf,2020-11-05,2020,11,Thursday,2,7.0,
def012bc-f3a9-46e0-9c88-aed5eaa18224,3,J4fMRf,2020-11-05,2020,11,Thursday,2,7.0,
22f1f305-54c9-42d7-b77a-dd448f007699,3,pCjr1R,2020-11-05,2020,11,Thursday,2,7.0,
9ce14c98-135e-4219-a468-235896d5d8e1,3,1X3p2H,2020-11-05,2020,11,Thursday,1,3.5,fb13695f-1e57-447f-b970-23f48ea3494f
2e3c121b-f88c-4dae-bade-59595f06223d,3,LRN0uO,2020-11-05,2020,11,Thursday,1,3.5,
78de7348-cde0-4733-9541-1ce801f722aa,3,LRN0uO,2020-11-05,2020,11,Thursday,1,3.5,
acadf334-9c01-44c6-9b21-b6206a61f385,3,1X3p2H,2020-11-05,2020,11,Thursday,1,3.5,
d0925158-4646-4972-b8eb-726c67d925f0,3,IWoDZ7,2020-11-05,2020,11,Thursday,2,7.0,
a281f40c-9821-4563-922b-336482e87f50,3,8CnCaM,2020-11-05,2020,11,Thursday,1,3.5,
2fb8f673-7a86-4ad5-b03c-3e062a32d9a1,3,iYvFyn,2020-11-05,2020,11,Thursday,3,10.5,
8486ee51-f3ab-4d50-ba52-ffdf6e9d3f95,3,J4fMRf,2020-11-05,2020,11,Thursday,1,3.5,
df3948fe-0d8a-4803-9ce4-2e9639fc1da9,3,g0RPTY,2020-11-05,2020,11,Thursday,3,10.5,db2e9331-c037-4681-a06e-c49ee9735060
4b4d194a-3675-4e8b-a8e6-4a1a56a088e9,3,fvBBXY,2020-11-05,2020,11,Thursday,1,3.5,
d8bd5a7c-8828-40ad-b508-6a38f4806fa3,3,XkiZ9D,2020-11-05,2020,11,Thursday,2,7.0,
f62fa51b-445d-4841-9df1-ced5ff895914,3,1X3p2H,2020-11-05,2020,11,Thursday,1,3.5,
bdc9c3d5-bc94-4b57-8729-88d8c43358f7,3,LRN0uO,2020-11-05,2020,11,Thursday,2,7.0,07326e55-8820-4c75-9a7e-9a782bf59a7c
b3224fd3-5f04-40e5-a50d-deb1978abd11,3,iYvFyn,2020-11-05,2020,11,Thursday,2,7.0,503cec84-9c67-4752-81c3-26a1276f91c9
1acc83d8-ef0c-4b4c-8a55-b016c224f54d,3,pCjr1R,2020-11-05,2020,11,Thursday,3,10.5,
ff9e2ac1-bb42-4427-a24d-ca2c1fbfb3d0,3,K8gkI8,2020-11-05,2020,11,Thursday,2,7.0,5b131659-3019-4235-82e0-98adbc84a35c
f5e8f136-515b-4e9a-b47e-12a82aacb756,3,RZZSxq,2020-11-05,2020,11,Thursday,2,7.0,4eb6dca4-2802-4d0e-805a-50aad8e75553
787723cc-5eb8-416b-8490-0575f12418dd,3,8CnCaM,2020-11-05,2020,11,Thursday,3,10.5,
fe72baa6-6830-48b3-9c43-c7fc81a60cb5,3,IWoDZ7,2020-11-05,2020,11,Thursday,3,10.5,
25968e72-eaf8-4463-9ad6-214956f87907,3,pCjr1R,2020-11-05,2020,11,Thursday,3,10.5,
cf9f0958-de93-4f80-8335-c9618eae1f3c,3,RZZSxq,2020-11-05,2020,11,Thursday,3,10.5,
ea667182-6203-42c1-b251-5cd242077fb6,3,V9hDyY,2020-11-05,2020,11,Thursday,3,10.5,7c50e972-e539-4f75-9a2e-0d107de2ce62
13d8bd12-9f61-47da-8620-f2daad4e7b52,3,LRN0uO,2020-11-05,2020,11,Thursday,1,3.5,
2dcb30cb-e8a2-4ca1-abf6-0aae68bb50ea,3,pCjr1R,2020-11-05,2020,11,Thursday,1,3.5,62a533f6-6bc0-456a-b021-f353603edde6
b5018a85-728b-4aad-a4e2-0f63821ff58a,3,LRN0uO,2020-11-05,2020,11,Thursday,1,3.5,b0dffef8-7809-410f-b710-1931a00176b4
11629f2f-f2e3-40a9-b57d-070ad38c4f59,3,iYvFyn,2020-11-05,2020,11,Thursday,3,10.5,b18ca521-5b7b-4f8e-920b-ada6404e2be6
93cdf171-2e5f-4fe8-8510-d52f3318d08f,3,Xd4sZA,2020-11-05,2020,11,Thursday,3,10.5,
fc98f9a1-5650-45f8-baf7-65049e212403,3,RZZSxq,2020-11-05,2020,11,Thursday,2,7.0,
de8824b1-aca7-4a62-9931-fee4d334fbb0,3,Xd4sZA,2020-11-05,2020,11,Thursday,2,7.0,2a8d55a4-20a0-47e3-9cf9-ef0c1fdd65f3
adbd8325-e949-4957-8755-b3ebe4ed4051,3,V9hDyY,2020-11-05,2020,11,Thursday,2,7.0,7ff5b5dd-26fb-4f36-b734-caf92b4657fc
04bd0df1-b58d-4937-b162-9e01626c1cbe,3,8CnCaM,2020-11-05,2020,11,Thursday,2,7.0,4ee6b65e-1a08-4a35-816b-6a81194fe810
9c4ff391-b646-41f7-95c9-4183e0b1c97b,3,YnyFQq,2020-11-05,2020,11,Thursday,2,7.0,e22cd5a7-c542-47c0-a422-e1f3868ad009
56291cfa-8a81-4970-bfe9-fd0d6aea4fd9,3,IWoDZ7,2020-11-05,2020,11,Thursday,2,7.0,
7874c49e-91c0-45eb-bfcc-0a0cb1283851,3,pCjr1R,2020-11-05,2020,11,Thursday,2,7.0,
fdfaec79-ca8b-404a-a059-0b109271d9f0,3,Xd4sZA,2020-11-05,2020,11,Thursday,2,7.0,
b1da98fc-e176-4e0d-8368-acf35842f820,3,V9hDyY,2020-11-05,2020,11,Thursday,2,7.0,
eb404361-989b-4eba-9ee2-2daefadf6498,3,AcIRu7,2020-11-05,2020,11,Thursday,2,7.0,
5552fa05-eaf9-4a76-88b7-3012f9dea437,3,1X3p2H,2020-11-05,2020,11,Thursday,2,7.0,058f1c4b-7fbe-479f-9e0c-932bb60c1108
e341eaef-30bd-4d6d-8d61-911cbb620f5d,3,J4fMRf,2020-11-05,2020,11,Thursday,3,10.5,4a7bf947-f675-4f67-a4f7-da66b1a32be1
3365463a-3e65-478b-b3a0-068cf28c1192,3,LRN0uO,2020-11-05,2020,11,Thursday,2,7.0,
efeeb787-ec05-4d16-9bed-dcf3d27d3a43,3,QIb1Te,2020-11-05,2020,11,Thursday,2,7.0,
deeb4b4c-cfc8-4818-8bdf-5ab44856d5d3,3,1X3p2H,2020-11-05,2020,11,Thursday,1,3.5,
bb9716aa-7da5-4e31-bf83-d37e30dc8aac,3,pCjr1R,2020-11-06,2020,11,Friday,2,7.0,
7351417a-6f7d-4b64-9b0c-b9adb4a8d437,3,IWoDZ7,2020-11-06,2020,11,Friday,3,10.5,
4620c0aa-1e82-4301-a524-5234525068e3,3,IWoDZ7,2020-11-06,2020,11,Friday,2,7.0,
adbbba28-8518-496f-b5f2-73c8051e89c4,3,LRN0uO,2020-11-06,2020,11,Friday,1,3.5,
aa9dadee-c0d3-4f68-be07-64a9bf33d7b0,3,LRN0uO,2020-11-06,2020,11,Friday,3,10.5,0a84fed2-01ed-477a-a4d7-963087b5e4a2
d7233a39-80b9-4dad-8e72-ce6a231ca510,3,9FFwEf,2020-11-06,2020,11,Friday,2,7.0,
ef794226-93e2-47c5-be22-8390ca7bfa29,3,J4fMRf,2020-11-06,2020,11,Friday,2,7.0,
363f1abb-b70b-4cdc-a96f-a1c95a052b7b,3,Xd4sZA,2020-11-06,2020,11,Friday,2,7.0,
64154bc8-2896-4b0c-a73e-651991ee560b,3,pCjr1R,2020-11-06,2020,11,Friday,3,10.5,
f046930e-f1f0-4769-9ecb-84ae6df2ae93,3,IWoDZ7,2020-11-06,2020,11,Friday,3,10.5,
6e00b5ef-6055-412e-a1c4-178a91eaa89e,3,TwErrn,2020-11-06,2020,11,Friday,2,7.0,
f15302a9-d6a1-4dc2-b7a7-e92a46aec6e0,3,IWoDZ7,2020-11-06,2020,11,Friday,2,7.0,
f53998b0-d2c6-442c-984b-0f9181b3d205,3,RZZSxq,2020-11-06,2020,11,Friday,3,10.5,30a6cfe5-89f3-4b23-8d75-59fe203e518e
a7cf610f-d400-4148-bb6b-eaed45e2465a,3,QIb1Te,2020-11-06,2020,11,Friday,2,7.0,a3e4cdb2-1805-4c03-9b19-ea53b131cf80
009f97c0-0ced-4660-a359-313e07317f39,3,QIb1Te,2020-11-06,2020,11,Friday,2,7.0,
cb07d8fd-e0f8-4266-a1a1-a00e5e374943,3,iYvFyn,2020-11-06,2020,11,Friday,1,3.5,f79bfce9-1290-4719-b9e9-508a3d47d1ed
d7954393-e173-40ef-9c31-80d550370182,3,RZZSxq,2020-11-06,2020,11,Friday,3,10.5,7c50e972-e539-4f75-9a2e-0d107de2ce62
e75cd209-78b3-46c5-9459-a899cef10951,3,fvBBXY,2020-11-06,2020,11,Friday,2,7.0,634e2552-3187-4b58-8792-7b15fd08393e
2cf88409-2e50-4b13-9020-a1ac705968df,3,fvBBXY,2020-11-06,2020,11,Friday,1,3.5,
aed2c805-8ea7-4e5e-b021-4a6957c83194,3,pCjr1R,2020-11-06,2020,11,Friday,2,7.0,600266ac-5e18-4251-adaf-a059ac09e940
344a581a-d312-40da-b7e9-a8616b4c8c51,3,J4fMRf,2020-11-06,2020,11,Friday,1,3.5,
d717f839-498e-41c9-95c5-e55a03e6e5fe,3,g0RPTY,2020-11-06,2020,11,Friday,2,7.0,
2e24f854-ea92-428d-94b5-9a75557b5019,3,fvBBXY,2020-11-06,2020,11,Friday,2,7.0,
1043101e-8d56-4a68-b5c6-6a869e0cacbe,3,XkiZ9D,2020-11-06,2020,11,Friday,3,10.5,
7c5a7505-3e4a-4e05-8268-efba7b17f009,3,LRN0uO,2020-11-06,2020,11,Friday,3,10.5,
094b4111-6193-4f30-809d-c1c28b93a36c,3,XkiZ9D,2020-11-06,2020,11,Friday,3,10.5,9fa17acc-8fb4-46bc-98c2-c9d8b1da121b
ca1e55e0-275e-4e5b-8173-fbcc4e936b86,3,RZZSxq,2020-11-06,2020,11,Friday,3,10.5,
1d2f8352-b154-4d3d-8ac1-5e7574e43b6e,3,AcIRu7,2020-11-06,2020,11,Friday,1,3.5,9d5a946d-d4bc-426c-b2c9-da3c468583e9
00ba1df9-69da-4dab-bb55-be9a56a5a4cb,3,1X3p2H,2020-11-06,2020,11,Friday,2,7.0,
ba5ad5f3-4771-4f3e-9a91-cad24e5ef658,3,fvBBXY,2020-11-06,2020,11,Friday,2,7.0,
ec097080-749b-4767-b941-1fdcac706edd,3,RZZSxq,2020-11-06,2020,11,Friday,1,3.5,
6e0ef34f-07b1-497a-8025-5a211642a225,3,V9hDyY,2020-11-06,2020,11,Friday,3,10.5,2054d4a3-3b6d-4f49-9ad6-ecd01395a00b
81b48e4a-7a00-4192-bfab-b4ba961cafd7,3,Xd4sZA,2020-11-06,2020,11,Friday,3,10.5,
c095f1e3-73f9-48c9-a14f-53eb1f4c3c47,3,IWoDZ7,2020-11-06,2020,11,Friday,2,7.0,10a27af3-5860-4743-bc01-36bb4309f16c
f6085daf-f6d7-4451-847f-1c3607cbf3bf,3,RZZSxq,2020-11-06,2020,11,Friday,1,3.5,
f5699a38-d292-4553-86aa-921d88779cf8,3,iYvFyn,2020-11-06,2020,11,Friday,1,3.5,
6b06358d-99f4-42ac-8407-736f6d1b3122,3,YnyFQq,2020-11-06,2020,11,Friday,3,10.5,
7bdb8845-f5a3-4749-ab6c-ecd8a474e108,3,RZZSxq,2020-11-06,2020,11,Friday,2,7.0,634e2552-3187-4b58-8792-7b15fd08393e
05821f93-802d-447e-bd46-63b5fdbdb900,3,LRN0uO,2020-11-06,2020,11,Friday,2,7.0,29c2faeb-982a-456e-96c0-a4bfd071435a
7de4acfb-e605-442a-8ec2-0473f25806b8,3,LRN0uO,2020-11-06,2020,11,Friday,2,7.0,
9539355c-006f-4b7d-9c51-743a9fae34ec,3,8CnCaM,2020-11-06,2020,11,Friday,2,7.0,
5b2b0913-1230-4ec1-b8da-188cea469441,3,8CnCaM,2020-11-06,2020,11,Friday,2,7.0,
dc9741c4-8b56-405a-8bbd-6687cb394bec,3,g0RPTY,2020-11-06,2020,11,Friday,3,10.5,
e19807c6-3855-4bb3-b533-c1c637a5708f,3,YnyFQq,2020-11-06,2020,11,Friday,1,3.5,59070c57-269e-4e3f-b42c-fcc046c6a6bf
0d731da6-0117-44b8-8256-3b8ee97a2fb3,3,pCjr1R,2020-11-06,2020,11,Friday,2,7.0,
4b63eea7-36b7-4f50-bcb6-3348344f88f2,3,V9hDyY,2020-11-06,2020,11,Friday,3,10.5,058f1c4b-7fbe-479f-9e0c-932bb60c1108
8d741baa-0b13-409b-a7f9-221964c734be,3,J4fMRf,2020-11-06,2020,11,Friday,1,3.5,
c9b8c868-c347-490e-8947-bbeb2e7a4791,3,LRN0uO,2020-11-06,2020,11,Friday,2,7.0,0c4795ee-75eb-4f9e-b73f-1b8826a15029
2381202c-4137-4c48-8f84-4c0943cf9196,3,YnyFQq,2020-11-06,2020,11,Friday,2,7.0,
b3f02758-1fcb-4e0b-bd8d-ced46143c61d,3,IWoDZ7,2020-11-06,2020,11,Friday,1,3.5,
f40fd9b1-ad24-4f5c-bc5b-d04699f383f7,3,XkiZ9D,2020-11-06,2020,11,Friday,2,7.0,
12356270-9615-410b-a1ce-2bc5a7fdf1e5,3,YnyFQq,2020-11-06,2020,11,Friday,2,7.0,
23ed30f7-26de-42da-9b9d-adafad8ff2db,3,XkiZ9D,2020-11-06,2020,11,Friday,2,7.0,
3bb39e59-dab2-4fe5-b9dd-607fdfed0a15,3,pCjr1R,2020-11-06,2020,11,Friday,2,7.0,
bb699324-92fa-4712-9899-eb3be44d3e9f,3,9FFwEf,2020-11-06,2020,11,Friday,2,7.0,c1166789-397b-48e4-8c61-0a2a242d6286
2e6f1127-5b7c-4a60-8fb5-b70119e7ccd8,3,Xd4sZA,2020-11-06,2020,11,Friday,2,7.0,
fab80e52-956c-4a97-9652-3f68549b1d21,3,YnyFQq,2020-11-06,2020,11,Friday,2,7.0,
3af97ef7-5ded-4f3c-bb91-66ceca4ee0f4,3,J4fMRf,2020-11-06,2020,11,Friday,3,10.5,
cb432c78-cfee-4e28-9828-bdd18b486c44,3,J4fMRf,2020-11-06,2020,11,Friday,1,3.5,
701c639f-9eda-46d6-9857-d1de37386cf1,3,XkiZ9D,2020-11-06,2020,11,Friday,3,10.5,
a43c42c8-564b-41fc-b60e-7821f8d2b022,3,QIb1Te,2020-11-06,2020,11,Friday,1,3.5,
eb455441-d242-484b-9312-594e6c755994,3,J4fMRf,2020-11-06,2020,11,Friday,2,7.0,
a4a45c87-55dd-4be5-8b0c-b93e3593406e,3,IWoDZ7,2020-11-06,2020,11,Friday,3,10.5,
2e36f041-831a-4ba2-bf31-ef6875c00ff2,3,1X3p2H,2020-11-06,2020,11,Friday,3,10.5,d045403b-05fc-45af-ad57-8e04b52ef4e8
af907094-d98c-4a58-aebe-1c20ea980abc,3,LRN0uO,2020-11-06,2020,11,Friday,2,7.0,
3e2e4674-b823-4e4d-b2b7-8cd2b5813f87,3,g0RPTY,2020-11-06,2020,11,Friday,1,3.5,
635dec77-49f3-4c19-89ad-5d70379d66b0,3,iYvFyn,2020-11-06,2020,11,Friday,2,7.0,97ad7cde-882f-4b35-b155-c1bc17834c22
9f9f47a2-0d75-4379-b736-70012f1363ca,3,g0RPTY,2020-11-06,2020,11,Friday,2,7.0,
b0a7cd33-dfd7-459c-970c-9dc5a3bf5708,3,1X3p2H,2020-11-06,2020,11,Friday,2,7.0,
f1fa57c7-2314-4583-bd76-a10daa4b4473,3,J4fMRf,2020-11-06,2020,11,Friday,2,7.0,9a159fc2-25f6-4568-9170-6699d347fb53
6cf7770d-6e6c-4b20-ab34-1f2d1ff8079e,3,TwErrn,2020-11-06,2020,11,Friday,2,7.0,
c284d50e-0988-499c-986a-18c8e36c1e9c,3,1X3p2H,2020-11-06,2020,11,Friday,2,7.0,
06719f33-c97d-483d-b3c7-f845c38ae122,3,1X3p2H,2020-11-06,2020,11,Friday,3,10.5,8273b0f0-7a32-4583-8c5d-8a37290787dd
69e9e39d-aaa2-4e38-ae84-e18934a440fb,3,8CnCaM,2020-11-06,2020,11,Friday,3,10.5,
0fbf9e70-9d49-45dc-a4c8-f784e2ff4efb,3,1X3p2H,2020-11-06,2020,11,Friday,1,3.5,
fdf46340-e40c-4b13-948c-ffcb1519c6d3,3,8CnCaM,2020-11-06,2020,11,Friday,1,3.5,640a94d3-49c8-46e8-b0ea-e4d5bdc00647
f10baf92-f840-470b-a65a-42b3560539e9,3,fvBBXY,2020-11-06,2020,11,Friday,1,3.5,ea149788-2f86-4bd9-8df8-8f1e65a5237b
bbf02497-d610-46da-964f-904fa8c9b2f6,3,IWoDZ7,2020-11-06,2020,11,Friday,3,10.5,
d4b707be-351e-4fa0-b3b8-efc135a15366,3,pCjr1R,2020-11-06,2020,11,Friday,1,3.5,
97df1b55-0301-4387-a9d9-14e6ebff1f98,3,YnyFQq,2020-11-06,2020,11,Friday,1,3.5,
e5eb5f2f-63a7-4111-8dc8-c7756986c0ee,3,IWoDZ7,2020-11-06,2020,11,Friday,2,7.0,
77adbbc9-e572-458f-9c80-d865cc6c2f50,3,iYvFyn,2020-11-06,2020,11,Friday,1,3.5,
5d2506a5-80c0-49e1-abd6-5c08a60d78ba,3,9FFwEf,2020-11-06,2020,11,Friday,2,7.0,a77bb9ae-7872-4f37-bfaf-4a257aa72639
4cc14e1f-f6c2-41c7-9af3-c95f8139ebbe,3,TwErrn,2020-11-06,2020,11,Friday,2,7.0,
b85325a6-7531-4785-9c78-b4e06f158ef7,3,RZZSxq,2020-11-06,2020,11,Friday,2,7.0,
2f7fc7e9-4c08-4858-84bd-5d9942223757,3,iYvFyn,2020-11-06,2020,11,Friday,2,7.0,
e388ce89-97e4-4129-85d1-5a2e281ec5b6,3,AcIRu7,2020-11-06,2020,11,Friday,2,7.0,54d1910c-68e2-43d5-add1-4618b77eaa7a
7c4313a9-080d-4db7-b25c-f1cf89b0c3a2,3,K8gkI8,2020-11-06,2020,11,Friday,1,3.5,
3a971c5b-a479-44a8-a2b1-6a7169237b5f,3,fvBBXY,2020-11-06,2020,11,Friday,2,7.0,
5f80e244-44ff-4e79-a220-cb8bcd8fe68a,3,pCjr1R,2020-11-06,2020,11,Friday,2,7.0,
d620dc15-0465-4c9a-8790-cc7ce452ee69,3,1X3p2H,2020-11-06,2020,11,Friday,3,10.5,4f955eb4-4f2a-4ec9-ab9c-5e507778a689
101137b9-aaf4-4326-bc12-39c16e84f3b9,3,Xd4sZA,2020-11-07,2020,11,Saturday,1,3.5,
d698ae82-c0cf-45b2-9e44-51f894ceba52,3,Xd4sZA,2020-11-07,2020,11,Saturday,3,10.5,
eca57db4-fb47-4bcc-a4b7-ab2211e1f674,3,pCjr1R,2020-11-07,2020,11,Saturday,1,3.5,
b15d294a-935b-4c3e-9a02-05c820e1dc04,3,8CnCaM,2020-11-07,2020,11,Saturday,3,10.5,
2193e74d-87d8-43b4-9124-60e858100f10,3,iYvFyn,2020-11-07,2020,11,Saturday,1,3.5,
3809decc-622f-4b06-811a-7a7909dae380,3,XkiZ9D,2020-11-07,2020,11,Saturday,2,7.0,
de01235e-84ea-467d-a62d-e753b7388910,3,g0RPTY,2020-11-07,2020,11,Saturday,3,10.5,
ad50da55-d699-4263-a1ce-b4fbede05c42,3,K8gkI8,2020-11-07,2020,11,Saturday,2,7.0,
c2332d3b-fae4-4bf4-a8ac-9b2bad65be19,3,pCjr1R,2020-11-07,2020,11,Saturday,2,7.0,d5fe0da4-50b9-4d2b-a7b2-124ea8ef1dd0
70f2f5dc-34b5-4e68-a843-4bd46105ff37,3,fvBBXY,2020-11-07,2020,11,Saturday,3,10.5,33311a72-1547-4961-8674-78123e619fbb
3babaffd-de79-46e8-8f93-c7aadeb226bf,3,fvBBXY,2020-11-07,2020,11,Saturday,3,10.5,
324da1aa-0188-4cc4-a7d1-f64c0a59c316,3,g0RPTY,2020-11-07,2020,11,Saturday,1,3.5,
b5f01999-6a39-454b-b914-457f18795b33,3,LRN0uO,2020-11-07,2020,11,Saturday,3,10.5,
a0a4c5eb-2ec3-4bc6-af1c-1df67a29b9a4,3,TwErrn,2020-11-07,2020,11,Saturday,3,10.5,
005aa6a7-0bd7-4d15-8f5f-182995fef5eb,3,pCjr1R,2020-11-07,2020,11,Saturday,1,3.5,
420718b2-973d-4636-ab95-827250cca1c4,3,pCjr1R,2020-11-07,2020,11,Saturday,2,7.0,04a60e96-9b04-42f5-9f04-de4582f0d3d8
1954d930-2e95-4212-86a8-f89583ff7e93,3,pCjr1R,2020-11-07,2020,11,Saturday,3,10.5,8383619b-3bdb-48df-86e0-b47c5979f229
35ba063e-7b52-4ab2-9a5b-0aa4e1866064,3,IWoDZ7,2020-11-07,2020,11,Saturday,2,7.0,1e50503a-5e78-4555-93d3-9a7d0fcbfa20
9ce71f85-a90d-4345-88f1-25592fb39e33,3,pCjr1R,2020-11-07,2020,11,Saturday,1,3.5,
5264ca9e-2420-4c5e-8cdb-2073d135f4f3,3,V9hDyY,2020-11-07,2020,11,Saturday,2,7.0,
5f976e07-ad97-4392-a623-69960b49f785,3,K8gkI8,2020-11-07,2020,11,Saturday,3,10.5,091fa45d-62fa-4533-9fc2-a2ca35a8db2a
90c7683c-fcd4-4b99-ab4b-070f40e302ee,3,YnyFQq,2020-11-07,2020,11,Saturday,1,3.5,
94ed5031-850a-4e89-b4a8-99caef7727ac,3,8CnCaM,2020-11-07,2020,11,Saturday,3,10.5,797891e3-c60d-407b-8bb3-70304ffd1970
37650721-1cfe-4f27-bbcc-b40f7994b02d,3,QIb1Te,2020-11-07,2020,11,Saturday,1,3.5,
3bab009a-c0d0-43a5-8ff8-267d102f08f1,3,IWoDZ7,2020-11-07,2020,11,Saturday,2,7.0,
55a68a3e-43ec-4288-bbad-370f07891eff,3,YnyFQq,2020-11-07,2020,11,Saturday,1,3.5,9d4f62c7-e2cc-462b-8dec-5fbc785f2ff0
c1ffe194-ff33-464e-9f1b-1a771e320759,3,V9hDyY,2020-11-07,2020,11,Saturday,2,7.0,
75f900c4-555d-426c-afad-3232b13a6bd0,3,LRN0uO,2020-11-07,2020,11,Saturday,3,10.5,
e0361035-7eb4-4542-a9d7-273eb7be637a,3,9FFwEf,2020-11-07,2020,11,Saturday,3,10.5,
4499837b-35e4-4187-b5ae-b622735ff0d8,3,HHY1ds,2020-11-07,2020,11,Saturday,2,7.0,
d4d9ac70-380a-433d-af5c-f2b08679eba0,3,pCjr1R,2020-11-07,2020,11,Saturday,2,7.0,
cf455b7a-e27d-4c10-92cc-918fe923a7f5,3,IWoDZ7,2020-11-07,2020,11,Saturday,2,7.0,
b4c91ed7-6dc3-48e9-afac-e7c703869ec4,3,TwErrn,2020-11-07,2020,11,Saturday,2,7.0,
9ef79c19-8269-4f6a-b6f5-e2fdc5bed8b8,3,RZZSxq,2020-11-07,2020,11,Saturday,2,7.0,ae7408ac-411e-452c-807f-850d703c6bcb
442e3ea2-e13f-4e4f-9a0b-50f21c30b5e6,3,8CnCaM,2020-11-07,2020,11,Saturday,1,3.5,
adbad5f3-b9c8-4abf-99ae-1fd28fd1f472,3,fvBBXY,2020-11-07,2020,11,Saturday,3,10.5,0a84fed2-01ed-477a-a4d7-963087b5e4a2
f9d2b08f-c35d-4453-9bb3-a6c12aa9467a,3,g0RPTY,2020-11-07,2020,11,Saturday,2,7.0,
6a4f45e2-54f3-46fb-af4e-519a5a23f9ad,3,IWoDZ7,2020-11-07,2020,11,Saturday,2,7.0,aae169e6-375a-4446-aaad-38ca7eb6d2c9
218f5bfd-8e63-4b42-b5a6-905d7f70e728,3,RZZSxq,2020-11-07,2020,11,Saturday,1,3.5,
f77479fa-4f38-4c66-80e9-0d80f88cc9df,3,Xd4sZA,2020-11-07,2020,11,Saturday,1,3.5,b1f27570-eee7-4e27-8e68-08e6a0ae674a
34e363ac-4d3c-476b-b685-1145d2c1c35c,3,LRN0uO,2020-11-07,2020,11,Saturday,3,10.5,
c5345c67-0cae-40dc-b2e1-222c975264b2,3,J4fMRf,2020-11-07,2020,11,Saturday,2,7.0,
0b3690e7-5f26-479b-a911-5f703b59a14a,3,Xd4sZA,2020-11-07,2020,11,Saturday,2,7.0,
2dad168e-a8f2-45c8-aa1d-7e06ba8ee74f,3,YnyFQq,2020-11-07,2020,11,Saturday,2,7.0,e10aefa8-33b0-47a0-9bf7-f3a95113eac0
e2664fd2-0321-4afb-963d-52a2f7920a6b,3,g0RPTY,2020-11-07,2020,11,Saturday,2,7.0,
c6f1a429-4b1d-4140-a8b0-886aafd16a9f,3,AcIRu7,2020-11-07,2020,11,Saturday,2,7.0,6a295ac4-9de0-4628-9326-0f77eefd1659
b411a744-c4dc-4ba8-b45e-417bae66f5dd,3,AcIRu7,2020-11-07,2020,11,Saturday,2,7.0,
52bb46a9-b4a8-44e3-ae7f-2912cb42f856,3,AcIRu7,2020-11-07,2020,11,Saturday,2,7.0,
e17129df-a562-4c4a-9e1e-cdac03c1cc0b,3,K8gkI8,2020-11-07,2020,11,Saturday,3,10.5,2054d4a3-3b6d-4f49-9ad6-ecd01395a00b
8bbcb605-0bcd-4831-a2f4-e8c32ffe1318,3,9FFwEf,2020-11-07,2020,11,Saturday,3,10.5,
c0887c57-82fe-408a-bcac-973336ea6870,3,pCjr1R,2020-11-07,2020,11,Saturday,1,3.5,
2b7cad7f-154f-4865-a2a6-4165c1a957c3,3,K8gkI8,2020-11-07,2020,11,Saturday,2,7.0,
5007d0aa-5251-4b99-85ec-6bd970b141fe,3,IWoDZ7,2020-11-07,2020,11,Saturday,3,10.5,37cb3497-7618-4714-9354-68713e894f1b
1cb95c3e-8c50-4ceb-92b3-0f73f718f271,3,pCjr1R,2020-11-07,2020,11,Saturday,2,7.0,
fbce095d-dbfd-4315-838d-642e6d484c1a,3,pCjr1R,2020-11-07,2020,11,Saturday,2,7.0,
14bac562-7cc7-44c2-9595-06f03ec38e08,3,8CnCaM,2020-11-07,2020,11,Saturday,1,3.5,f458a543-dfd7-404c-a8c1-6c63aea441da
b54fd0d3-84d0-4b44-8d7a-e589c2887c09,3,fvBBXY,2020-11-07,2020,11,Saturday,2,7.0,
c6e6621c-0d23-47a5-8685-5de276fa630c,3,pCjr1R,2020-11-07,2020,11,Saturday,1,3.5,
337af884-3a16-494d-8263-d0d30036257d,3,9FFwEf,2020-11-07,2020,11,Saturday,2,7.0,
89dd8f8f-0f08-466a-a890-488bb1db5578,3,Xd4sZA,2020-11-07,2020,11,Saturday,2,7.0,
e2cc67d9-36a2-4727-aeae-a83b39989c1b,3,9FFwEf,2020-11-07,2020,11,Saturday,2,7.0,b838de81-e5d5-4653-a383-8d64b9a8914e
69e97ff6-a68a-4cb1-a40c-b1040bf8cfe4,3,iYvFyn,2020-11-07,2020,11,Saturday,2,7.0,ea149788-2f86-4bd9-8df8-8f1e65a5237b
2d57ef97-61f4-4662-9f69-a30c022c4d80,3,8CnCaM,2020-11-07,2020,11,Saturday,2,7.0,
c3406fc5-a45f-4634-b770-447cbde002d7,3,IWoDZ7,2020-11-07,2020,11,Saturday,1,3.5,
f25857da-eb28-427a-952b-86816aa23846,3,RZZSxq,2020-11-07,2020,11,Saturday,3,10.5,76f9b9c5-dfdf-44bc-8b8d-46655197cb87
c98834c7-a5cb-4fb4-b385-47f36699f176,3,J4fMRf,2020-11-07,2020,11,Saturday,1,3.5,
1dec240b-5662-4095-8565-64668a717726,3,LRN0uO,2020-11-07,2020,11,Saturday,1,3.5,
296ee214-3609-4bcf-88ee-87cd9ea4a4e6,3,TwErrn,2020-11-07,2020,11,Saturday,1,3.5,
92b3fa90-01c0-46a8-922b-619429cd4f24,3,QIb1Te,2020-11-07,2020,11,Saturday,1,3.5,0f7f5d2e-4280-4973-a9f5-cc2cd421d661
4f2b5435-b78b-40b8-b487-16b9915ecadc,3,g0RPTY,2020-11-07,2020,11,Saturday,3,10.5,2054d4a3-3b6d-4f49-9ad6-ecd01395a00b
f38d1bcc-720d-426c-ab5c-2795933ec8f0,3,IWoDZ7,2020-11-07,2020,11,Saturday,2,7.0,fddc8fba-39a9-45e7-b6e0-6ae522a5688d
bd1b6260-615d-400f-8582-7cff7aba5c58,3,QIb1Te,2020-11-07,2020,11,Saturday,2,7.0,
75fcafe9-7cbc-48f5-800c-d6d1c57c0768,3,8CnCaM,2020-11-07,2020,11,Saturday,3,10.5,
f30df072-b3b9-4a77-84f6-a26bca7db558,3,J4fMRf,2020-11-07,2020,11,Saturday,2,7.0,
feed8e86-b860-45a3-8174-44c5747f2482,3,XkiZ9D,2020-11-07,2020,11,Saturday,2,7.0,77d1d3e9-23f2-4e1c-ab60-fb6427929461
0b404cc1-74fc-4ae2-a2c5-895528abc59e,3,9FFwEf,2020-11-07,2020,11,Saturday,1,3.5,
27841513-f592-4e8a-878d-41c93260dfd5,3,8CnCaM,2020-11-07,2020,11,Saturday,2,7.0,5e9c40c4-7189-4919-97b8-07762440f4a4
123c3e65-43ad-4472-95c6-aadb8dab16a3,3,g0RPTY,2020-11-07,2020,11,Saturday,3,10.5,
778b0044-7ae2-41ba-875c-c00445e676dc,3,TwErrn,2020-11-07,2020,11,Saturday,3,10.5,a3051778-2cf8-4fdf-b056-1669dbfa1058
75307030-c5b1-4017-ab7c-77cf44969bb8,3,IWoDZ7,2020-11-07,2020,11,Saturday,1,3.5,382e479c-a17b-4fa8-8b85-18a3d58e902b
c4126083-c6e6-4316-8f3c-a2700c872bfc,3,IWoDZ7,2020-11-07,2020,11,Saturday,2,7.0,
0c12ce8a-b685-4f59-bc41-ca0e9673e9af,3,LRN0uO,2020-11-07,2020,11,Saturday,3,10.5,
0591484f-858b-4bd7-9f75-35ad5072e1fb,3,9FFwEf,2020-11-07,2020,11,Saturday,2,7.0,
404ecc33-44f7-466e-b8f3-d0902e4f25fa,3,AcIRu7,2020-11-07,2020,11,Saturday,1,3.5,7aef7783-f30c-4f06-857e-384405b60b60
94de6399-f699-4e8f-b47c-7fafbf04e10a,3,K8gkI8,2020-11-07,2020,11,Saturday,1,3.5,
f527260a-2de3-459a-b9fe-fdea0750d298,3,1X3p2H,2020-11-07,2020,11,Saturday,1,3.5,
1073a7a2-4ff0-42f2-a0b3-012b76f71126,3,K8gkI8,2020-11-07,2020,11,Saturday,3,10.5,b75e853f-1bc4-42c8-9ebb-613176b251a6
f79d5b6b-2913-4649-b571-a79a8c5beef9,3,XkiZ9D,2020-11-07,2020,11,Saturday,3,10.5,96edd678-1a42-4d57-b41e-fabc2434d120
88475413-fa5b-416b-841d-54b567c4be09,3,K8gkI8,2020-11-07,2020,11,Saturday,2,7.0,b75e853f-1bc4-42c8-9ebb-613176b251a6
23f88006-68ca-4487-a100-f392cbd7d42c,3,HHY1ds,2020-11-07,2020,11,Saturday,1,3.5,
1892eccf-03b3-4576-849b-390d42b91650,3,9FFwEf,2020-11-07,2020,11,Saturday,1,3.5,
58e46ece-3860-4084-8429-846213c8fa5f,3,QIb1Te,2020-11-07,2020,11,Saturday,2,7.0,
d6506887-3270-4731-aab9-60402096a984,3,TwErrn,2020-11-07,2020,11,Saturday,2,7.0,10b3ef9e-7e8f-48c9-a2ae-0b189993340e
7f276e34-991e-4e61-896a-1d09b0171967,3,IWoDZ7,2020-11-07,2020,11,Saturday,2,7.0,78cf43f3-f011-47ec-bf94-29999cdbd4d7
aa00b097-960b-48d3-b1a1-686c1f7410d3,3,pCjr1R,2020-11-07,2020,11,Saturday,3,10.5,
46e5272a-c108-4768-a390-049c4d7a7c11,3,9FFwEf,2020-11-07,2020,11,Saturday,1,3.5,
b15e0874-86bb-4276-b834-50ab996b317e,3,HHY1ds,2020-11-07,2020,11,Saturday,2,7.0,
3034d8aa-f854-45e3-b750-f16100687609,3,1X3p2H,2020-11-07,2020,11,Saturday,3,10.5,43e0cce2-3e42-49c3-9393-9809d329029a
18c77727-857a-4903-84a9-abd76675dcf8,3,iYvFyn,2020-11-07,2020,11,Saturday,2,7.0,
735f9408-791f-46f4-b886-5a7c52c58b94,3,9FFwEf,2020-11-08,2020,11,Sunday,3,10.5,
15f96242-fd88-409d-9029-2022881b0696,3,8CnCaM,2020-11-08,2020,11,Sunday,1,3.5,
381273f7-0dd6-44b2-b7a1-1cbf0e4b3d34,3,9FFwEf,2020-11-08,2020,11,Sunday,2,7.0,
7a45e7d3-794e-481e-8964-80caeab0deda,3,RZZSxq,2020-11-08,2020,11,Sunday,2,7.0,
3f9de270-14b5-467e-b952-75a7f385e569,3,HHY1ds,2020-11-08,2020,11,Sunday,2,7.0,f4281d01-2e2c-4b24-a745-d5f26813ff4b
05d0bf20-7f7e-4cc1-9ca7-8670b3ea4a64,3,Xd4sZA,2020-11-08,2020,11,Sunday,2,7.0,d084d4eb-9978-464e-8ef6-fad8f8e9536f
3a667558-bbe4-4cc4-b3a1-cb01e534a411,3,iYvFyn,2020-11-08,2020,11,Sunday,2,7.0,
db0172b8-a8f7-408c-9e0b-92b5ec2898ef,3,TwErrn,2020-11-08,2020,11,Sunday,2,7.0,2a743fc8-b7e6-47e3-b5a3-b8ab806527d8
a0a6343b-a55f-4428-b491-a8707b30ee27,3,Xd4sZA,2020-11-08,2020,11,Sunday,2,7.0,
8a2cf10d-e845-4b92-b1de-d75dc19e7e75,3,g0RPTY,2020-11-08,2020,11,Sunday,3,10.5,a7fabe96-a2cb-48e7-b004-89ea784688ab
57a52075-8790-473e-b095-dc6bd2e21f36,3,HHY1ds,2020-11-08,2020,11,Sunday,2,7.0,
5a3373a0-383b-41eb-a1bc-71a1310a8cbf,3,1X3p2H,2020-11-08,2020,11,Sunday,2,7.0,
0381df7e-86a2-4476-93c0-724bcda0412e,3,YnyFQq,2020-11-08,2020,11,Sunday,2,7.0,
8ad76a76-4d7b-4901-890d-17000292dbbe,3,fvBBXY,2020-11-08,2020,11,Sunday,2,7.0,
3034afc1-12c5-4bdb-bc1f-2e4f81a400f7,3,g0RPTY,2020-11-08,2020,11,Sunday,2,7.0,
6fa4b5e7-3b9b-445a-9ce8-b07d301f5dd7,3,LRN0uO,2020-11-08,2020,11,Sunday,1,3.5,
e71ff2fc-8c01-41d3-ab3a-e5744558bc0b,3,IWoDZ7,2020-11-08,2020,11,Sunday,2,7.0,
58ed0707-ca4f-41f6-b9ab-6dd41e291017,3,K8gkI8,2020-11-08,2020,11,Sunday,1,3.5,
3492aa21-ae51-4438-a325-7e37ffcdf99d,3,Xd4sZA,2020-11-08,2020,11,Sunday,1,3.5,
4ecef331-8bcd-47b2-b402-a5883d87941a,3,TwErrn,2020-11-08,2020,11,Sunday,2,7.0,29c2faeb-982a-456e-96c0-a4bfd071435a
5e32affa-b1b7-4c2b-8de9-897eab4669e5,3,QIb1Te,2020-11-08,2020,11,Sunday,1,3.5,
ddd0bfcd-693f-4818-9b2f-1815d985d3b3,3,8CnCaM,2020-11-08,2020,11,Sunday,1,3.5,
141fb486-6cca-4e56-9957-10105ca4bc54,3,pCjr1R,2020-11-08,2020,11,Sunday,3,10.5,
819fcc2c-5b64-4597-a059-524458c6f5fd,3,K8gkI8,2020-11-08,2020,11,Sunday,1,3.5,7ccbf551-da7e-4502-ad43-7b191501f71e
f86e8562-f510-4ab8-8b9a-230ae4b7b2da,3,K8gkI8,2020-11-08,2020,11,Sunday,2,7.0,
5f87c747-c7de-4c54-a926-c7a9faf98670,3,J4fMRf,2020-11-08,2020,11,Sunday,2,7.0,
7e3a97fe-9a47-4bce-9bfd-12c17d942c43,3,LRN0uO,2020-11-08,2020,11,Sunday,3,10.5,
10a814be-0718-44fd-a95f-bdd489a17d7a,3,QIb1Te,2020-11-08,2020,11,Sunday,2,7.0,a2461689-37b8-4efa-91ba-013631f12a10
f4a03a51-373c-46dc-886b-c23dbfc27fde,3,IWoDZ7,2020-11-08,2020,11,Sunday,1,3.5,
75f3cec1-b8fa-431d-bae3-4f6f3141b79b,3,YnyFQq,2020-11-08,2020,11,Sunday,1,3.5,e7d9c1e6-2d06-4f07-938c-6977397f3e26
c4aaeccf-8ccf-4a23-aea5-321dfa9400a2,3,TwErrn,2020-11-08,2020,11,Sunday,2,7.0,4734d99c-eb05-4ee1-b2e0-e3d54380e1f8
6d40966b-1db7-43f3-85a7-073e5c06b63a,3,V9hDyY,2020-11-08,2020,11,Sunday,1,3.5,
a608a70a-6236-4ad4-b500-69984d18785e,3,IWoDZ7,2020-11-08,2020,11,Sunday,3,10.5,
a9f98dc3-6377-4cf2-855d-95a90414d38e,3,IWoDZ7,2020-11-08,2020,11,Sunday,2,7.0,
ffd8867a-1433-453f-a6ca-bb4317bfdffa,3,fvBBXY,2020-11-08,2020,11,Sunday,3,10.5,
cea58035-6f5f-4c6e-a214-653f6d36fb59,3,IWoDZ7,2020-11-08,2020,11,Sunday,1,3.5,
d38a61d5-4f86-4987-8f58-ce6f798b8cff,3,8CnCaM,2020-11-08,2020,11,Sunday,3,10.5,e93486f6-eb6e-4dcf-925f-1195070a4bdd
860ff1c9-ec15-485b-8eb9-8a707b712941,3,AcIRu7,2020-11-08,2020,11,Sunday,2,7.0,
200165f6-544b-4e8e-b0e5-6b436733e4eb,3,iYvFyn,2020-11-08,2020,11,Sunday,2,7.0,
3d0d69eb-ad61-4518-9952-2c31155dcbc4,3,g0RPTY,2020-11-08,2020,11,Sunday,1,3.5,b66155ef-4cbf-4f68-ba34-10f986b42bad
b1c1d8a0-684e-498e-aed3-e13b085900a8,3,AcIRu7,2020-11-08,2020,11,Sunday,2,7.0,
4141afa3-7493-4d3c-b466-0dd17c4b3f91,3,pCjr1R,2020-11-08,2020,11,Sunday,3,10.5,
1055033a-19b5-4eb9-9dc6-983ad34f3749,3,9FFwEf,2020-11-08,2020,11,Sunday,3,10.5,
31b3bdae-952d-4d5c-ac7c-d2705038d294,3,fvBBXY,2020-11-08,2020,11,Sunday,3,10.5,
2f38de37-47a4-4dde-ab51-715fe3ff3c92,3,8CnCaM,2020-11-08,2020,11,Sunday,1,3.5,
df5eec38-624d-4dbd-a18d-49dcbb1b67c8,3,HHY1ds,2020-11-08,2020,11,Sunday,2,7.0,
37310cac-615a-4ee9-926a-3d0561912d13,3,iYvFyn,2020-11-08,2020,11,Sunday,2,7.0,
5afa7561-c2c2-46b7-b36d-c0d3b4b33962,3,9FFwEf,2020-11-08,2020,11,Sunday,2,7.0,
ffaa0cb1-683d-4d4f-b48e-bdcfc4b38bef,3,RZZSxq,2020-11-08,2020,11,Sunday,2,7.0,8ef02017-720c-498e-baaf-2dfba3fdcfe4
04755027-290e-4e60-8f65-2142c792fdde,3,HHY1ds,2020-11-08,2020,11,Sunday,3,10.5,
619d9958-209c-47b7-aaef-906eed87bed1,3,fvBBXY,2020-11-08,2020,11,Sunday,1,3.5,
19e233e8-59d7-4ec1-8243-17f7de7e048a,3,XkiZ9D,2020-11-08,2020,11,Sunday,2,7.0,8275b9f3-1623-43b8-b2f3-c7d7128df5eb
4c7b7b30-e103-410c-a18c-31620107216a,3,J4fMRf,2020-11-08,2020,11,Sunday,2,7.0,503cec84-9c67-4752-81c3-26a1276f91c9
d0f8ad80-59d7-4f77-8661-9872571c4321,3,1X3p2H,2020-11-08,2020,11,Sunday,1,3.5,
5de14552-cb40-44b7-a65e-2aeb90e4c09c,3,Xd4sZA,2020-11-08,2020,11,Sunday,2,7.0,4ee6b65e-1a08-4a35-816b-6a81194fe810
93e28026-9a44-4a1a-933e-ef330e6c1a24,3,K8gkI8,2020-11-08,2020,11,Sunday,2,7.0,
24efa98e-b857-4fa7-8842-fd7db3af3b1d,3,9FFwEf,2020-11-08,2020,11,Sunday,1,3.5,
1500374e-c19a-4254-be0d-1f9f13639267,3,pCjr1R,2020-11-08,2020,11,Sunday,3,10.5,a3e4cdb2-1805-4c03-9b19-ea53b131cf80
465201ae-8f96-46ed-810f-6344595f4f50,3,QIb1Te,2020-11-08,2020,11,Sunday,2,7.0,4d5134d1-2f06-4d63-8263-eec292d23312
56a60783-d78d-4863-88a5-1ba170e0f806,3,8CnCaM,2020-11-08,2020,11,Sunday,2,7.0,
5ca7ab8b-0619-4a23-b468-332d9b5be10f,3,8CnCaM,2020-11-08,2020,11,Sunday,1,3.5,ed820c9a-947d-4c0a-b9d7-931dbf7e6363
799664e6-503c-4ba1-9f00-e7ea6f9425ad,3,V9hDyY,2020-11-08,2020,11,Sunday,1,3.5,
0491778e-58cb-4fd5-9f8b-6fc87e528e3f,3,9FFwEf,2020-11-08,2020,11,Sunday,2,7.0,
422b29c2-5ccb-48f7-93ea-6d6c07cb0f95,3,QIb1Te,2020-11-08,2020,11,Sunday,3,10.5,
474f6cbb-07fc-4990-9ac2-9ab11deb5ac8,3,g0RPTY,2020-11-08,2020,11,Sunday,2,7.0,
9a66b0f7-7bd3-404e-b516-6033d8ebd7bc,3,V9hDyY,2020-11-08,2020,11,Sunday,1,3.5,
92bbef34-9a38-4a5e-a82a-68173ae6e152,3,V9hDyY,2020-11-08,2020,11,Sunday,3,10.5,6a295ac4-9de0-4628-9326-0f77eefd1659
15b8c802-ca90-43e0-aa55-2a37b0683525,3,RZZSxq,2020-11-08,2020,11,Sunday,3,10.5,15be168c-0083-41ce-b4b3-f27bb89be366
7b7b0e89-3d56-4dac-b25c-a5fa5cc64fc1,3,IWoDZ7,2020-11-08,2020,11,Sunday,2,7.0,
246120f1-f009-49db-a2f4-963843768adc,3,pCjr1R,2020-11-08,2020,11,Sunday,1,3.5,
da3d42b7-cde9-415f-aedd-5d9f7e57505b,3,QIb1Te,2020-11-08,2020,11,Sunday,1,3.5,
2b788e62-1e80-45d6-a2d1-ebcfac9ac031,3,8CnCaM,2020-11-08,2020,11,Sunday,3,10.5,
e0d2422b-bd84-4641-8058-a4b8da981bd1,3,pCjr1R,2020-11-08,2020,11,Sunday,1,3.5,
9864d328-e5d8-418f-8231-0c3e317b82d3,3,pCjr1R,2020-11-08,2020,11,Sunday,3,10.5,640a94d3-49c8-46e8-b0ea-e4d5bdc00647
181b0a1c-9c03-4d34-93ce-e2786bcaf2cd,3,8CnCaM,2020-11-08,2020,11,Sunday,1,3.5,ae7408ac-411e-452c-807f-850d703c6bcb
648f7cf0-f2ac-4b37-a458-7935800b706f,3,J4fMRf,2020-11-08,2020,11,Sunday,3,10.5,
b7efe19a-fd1d-4a45-ba73-26c51ffcf974,3,YnyFQq,2020-11-08,2020,11,Sunday,2,7.0,dcdb286e-dce5-4c89-abdb-feb3d66e7bc9
01daaaa9-6b1b-4cf9-bfab-e1f4cecbbeb4,3,K8gkI8,2020-11-08,2020,11,Sunday,2,7.0,
beb8b412-132d-4923-a60f-bfd5ffce8399,3,g0RPTY,2020-11-08,2020,11,Sunday,2,7.0,9ec00839-ed08-4b36-96f4-beca5bf0ab6f
07d57f49-d996-4eed-bc92-2fbd5a26308c,3,RZZSxq,2020-11-08,2020,11,Sunday,2,7.0,
16d9372e-8f1c-4539-95b5-a10c2bc2ea38,3,K8gkI8,2020-11-08,2020,11,Sunday,2,7.0,
af64498c-67f1-456a-b1d8-44728e69b228,3,HHY1ds,2020-11-08,2020,11,Sunday,2,7.0,
9fedac6a-4f36-4fb3-bacf-bd1fcdc684e5,3,J4fMRf,2020-11-08,2020,11,Sunday,1,3.5,
8f00d49c-e445-4162-86b0-593411375200,3,HHY1ds,2020-11-08,2020,11,Sunday,2,7.0,
376a1393-af50-4390-b2d4-42afb4624464,3,HHY1ds,2020-11-08,2020,11,Sunday,3,10.5,
ef904277-248d-41fc-8cfe-46bc876611fe,3,RZZSxq,2020-11-08,2020,11,Sunday,3,10.5,
5c72a6e0-2035-4474-a590-eac9e2fcc712,3,9FFwEf,2020-11-08,2020,11,Sunday,1,3.5,39d6adaa-01bc-4001-a570-eb4d49528f47
9b93d4a8-4215-451f-bc62-6fb2b0b0df6d,3,QIb1Te,2020-11-08,2020,11,Sunday,2,7.0,
fb0c3130-264f-4d79-aaca-5b8b56e3ed9d,3,QIb1Te,2020-11-08,2020,11,Sunday,3,10.5,
274a978d-4f35-4886-a028-ae97bccd7e89,3,AcIRu7,2020-11-08,2020,11,Sunday,3,10.5,
267be61e-c4ed-4c5d-8480-a14eedd9a30a,3,TwErrn,2020-11-08,2020,11,Sunday,3,10.5,
d5469efd-736a-44b0-983e-d67a772cc7f3,3,K8gkI8,2020-11-08,2020,11,Sunday,3,10.5,587f8f67-e282-4753-9f22-fc4e9ecd7990
5ccd1f23-d7a1-43e1-96bc-9da52e8bc3b5,3,AcIRu7,2020-11-08,2020,11,Sunday,3,10.5,
32494ceb-e1a1-4166-bdae-690b79ba5873,3,QIb1Te,2020-11-08,2020,11,Sunday,1,3.5,b4abaaeb-d742-4b38-91f8-49c9eaf5b22a
22085b14-055f-4707-ab2d-017b53d1771d,3,TwErrn,2020-11-08,2020,11,Sunday,2,7.0,
5282cc94-24bd-4c0a-999e-00fa6853d9a6,3,AcIRu7,2020-11-08,2020,11,Sunday,2,7.0,
06ecfc7c-0094-4009-93b3-2661fa791318,3,TwErrn,2020-11-08,2020,11,Sunday,2,7.0,e760c2d0-2a0d-401f-b3e0-6dff7eb78a11
b5ce3647-e76b-4960-836a-87e232438dec,3,IWoDZ7,2020-11-08,2020,11,Sunday,1,3.5,
04715e2f-5936-438d-a8b4-9fce7bc6d18d,3,TwErrn,2020-11-08,2020,11,Sunday,2,7.0,
adeef60e-b503-460a-be48-259e64057c1d,3,QIb1Te,2020-11-08,2020,11,Sunday,2,7.0,
f883d8c0-baa6-4266-9f17-9c55b83d07b0,3,YnyFQq,2020-11-08,2020,11,Sunday,2,7.0,
59031918-0557-4804-be7e-d630aa759c0a,3,fvBBXY,2020-11-08,2020,11,Sunday,2,7.0,
cb1b3946-f880-4b94-8206-a2c9261aff92,3,K8gkI8,2020-11-08,2020,11,Sunday,1,3.5,
4f4ec1d0-ace4-4305-94c4-c7db3c7191c0,3,LRN0uO,2020-11-08,2020,11,Sunday,1,3.5,97ecb963-546c-486e-b147-cef5cf3f8031
e95f9c29-36be-4fda-a17f-0eabdac3889d,3,8CnCaM,2020-11-08,2020,11,Sunday,1,3.5,
df2e0faa-9ba4-453f-80a9-5d3bd4a79005,3,LRN0uO,2020-11-08,2020,11,Sunday,1,3.5,
d468295c-e5cf-442e-b603-84bb3e04d976,3,XkiZ9D,2020-11-08,2020,11,Sunday,2,7.0,
2f9d6705-dff7-4fbb-b4aa-a2d1244e6312,3,IWoDZ7,2020-11-08,2020,11,Sunday,2,7.0,
5580dcb6-7a10-4cbd-ba29-44d06df70d3f,3,g0RPTY,2020-11-09,2020,11,Monday,2,7.0,
b2dcbeac-a9c3-485f-9456-1e236a3d3908,3,V9hDyY,2020-11-09,2020,11,Monday,2,7.0,
df4b7813-37ae-4fe7-82e5-d51f69ad524f,3,iYvFyn,2020-11-09,2020,11,Monday,2,7.0,
1f99c868-12bf-46c1-85fd-d9253df5a811,3,9FFwEf,2020-11-09,2020,11,Monday,2,7.0,
9f78eb41-ef75-4ad7-a616-4daebd9b028d,3,TwErrn,2020-11-09,2020,11,Monday,1,3.5,96edd678-1a42-4d57-b41e-fabc2434d120
bab8e9ac-6ec0-4e5a-a1cc-e5e5e34b4011,3,Xd4sZA,2020-11-09,2020,11,Monday,1,3.5,
5778643f-3eaf-4f39-8615-2b1cc17a3c4b,3,pCjr1R,2020-11-09,2020,11,Monday,2,7.0,
3002821f-7de5-4a6e-89b8-fdef0952de27,3,iYvFyn,2020-11-09,2020,11,Monday,3,10.5,
2c6f2b33-77bb-4c90-afa8-1d6636a3f288,3,XkiZ9D,2020-11-09,2020,11,Monday,2,7.0,
5a0f6ed5-6fd8-4f79-8f67-47c18c8e96a7,3,TwErrn,2020-11-09,2020,11,Monday,2,7.0,
954526ce-3a61-402d-b5cd-effd82bf6bc0,3,RZZSxq,2020-11-09,2020,11,Monday,3,10.5,
ba7669f3-840d-485b-a397-6e9b8ca982d4,3,iYvFyn,2020-11-09,2020,11,Monday,2,7.0,f3970868-3c90-46d8-a20f-2390b8a7c8f2
9df72542-b035-41d7-9540-9d8476f2164c,3,9FFwEf,2020-11-09,2020,11,Monday,3,10.5,
d0c766c2-fb68-453c-bbd3-16d8bcaf3210,3,AcIRu7,2020-11-09,2020,11,Monday,3,10.5,8b168093-a508-407e-96b1-5fe3ae301949
a1d171f0-a667-430a-8f7c-056be5f2713b,3,QIb1Te,2020-11-09,2020,11,Monday,2,7.0,430ecc3b-25ca-412a-b2c3-824cbb15071b
f08298b7-98ca-49a0-8403-621dfef73403,3,g0RPTY,2020-11-09,2020,11,Monday,3,10.5,e9946638-1a80-418e-b2c6-92e88f30aa34
52ec028e-d710-473a-83e0-ea8c96312dbd,3,9FFwEf,2020-11-09,2020,11,Monday,2,7.0,68effe8f-4917-4e28-8c34-a16030a48045
0478f424-cd97-4d5e-b5b0-421e173f31ad,3,iYvFyn,2020-11-09,2020,11,Monday,3,10.5,dbb767d1-ef88-4dc7-a7c0-39046444ec72
5d1448d8-4959-4d9c-9a67-0a852891c74a,3,YnyFQq,2020-11-09,2020,11,Monday,3,10.5,
ea721481-8bbc-460b-a74c-b1237f8a659c,3,V9hDyY,2020-11-09,2020,11,Monday,3,10.5,
af84aba4-ffa9-4c9b-ad73-9cde893b93cb,3,AcIRu7,2020-11-09,2020,11,Monday,1,3.5,
d0863ba8-4cac-461d-ad95-434cb9b5b8c3,3,iYvFyn,2020-11-09,2020,11,Monday,1,3.5,
ea290b98-33ce-435a-89e3-802e03751686,3,HHY1ds,2020-11-09,2020,11,Monday,3,10.5,
1103caa7-114e-429d-a27d-0775bdf9dc3f,3,XkiZ9D,2020-11-09,2020,11,Monday,2,7.0,058f1c4b-7fbe-479f-9e0c-932bb60c1108
32632b12-74e8-4792-86f8-65ee3f22cbca,3,g0RPTY,2020-11-09,2020,11,Monday,3,10.5,
a4995f4f-e62f-48a4-89e5-e8ea6aec2583,3,fvBBXY,2020-11-09,2020,11,Monday,2,7.0,
3b2aefcc-766b-4bec-830b-0dcb1d8833bb,3,8CnCaM,2020-11-09,2020,11,Monday,2,7.0,fddc8fba-39a9-45e7-b6e0-6ae522a5688d
9407ca01-8c18-44c0-bab7-5e89e4f9e126,3,LRN0uO,2020-11-09,2020,11,Monday,2,7.0,13dc425e-563d-4852-b2b7-2a09b94c7040
5b69af36-dbce-44cb-b412-7484a223def0,3,J4fMRf,2020-11-09,2020,11,Monday,2,7.0,
358435e6-c1ae-4b37-a1c7-d062784923db,3,HHY1ds,2020-11-09,2020,11,Monday,3,10.5,6b9f9a71-70d3-4b5f-9b01-ed609b79d287
660c5909-40cf-47b6-8ae5-556f8ed70a90,3,LRN0uO,2020-11-09,2020,11,Monday,2,7.0,
b92105a9-95d0-42b5-ad7f-f2f6c00510da,3,TwErrn,2020-11-09,2020,11,Monday,1,3.5,
a14e901b-9d06-40ce-bbc8-c66b734e9362,3,iYvFyn,2020-11-09,2020,11,Monday,3,10.5,
c359938f-887a-487e-83df-bc59a11ade0b,3,LRN0uO,2020-11-09,2020,11,Monday,2,7.0,
241073d0-2907-480a-b641-a1c62defdbce,3,AcIRu7,2020-11-09,2020,11,Monday,3,10.5,
ed53e78f-5ffd-4a09-841c-8daa3c27418e,3,1X3p2H,2020-11-09,2020,11,Monday,3,10.5,
5b0b5df1-9d7e-4beb-b65b-d31d6b1cfd6e,3,pCjr1R,2020-11-09,2020,11,Monday,1,3.5,
e25af5d6-50d8-4102-b146-460b15cdab2f,3,fvBBXY,2020-11-09,2020,11,Monday,2,7.0,7341c94d-ab5c-4974-b41c-062cf1da0647
335dbde6-b852-4d4e-a1b9-763fa0318e07,3,K8gkI8,2020-11-09,2020,11,Monday,2,7.0,
13d463ee-3777-4364-8db8-4a62fa0e6500,3,g0RPTY,2020-11-09,2020,11,Monday,3,10.5,30006795-823b-43d8-8e9e-38dd92091162
7a0aad0b-5444-42d8-aab2-a1ee634831a0,3,YnyFQq,2020-11-09,2020,11,Monday,2,7.0,
17b8f0da-7553-42b2-b224-af778b08e0be,3,LRN0uO,2020-11-09,2020,11,Monday,2,7.0,
e0bbdab5-ced2-40ec-83ed-ccf14f1750f0,3,K8gkI8,2020-11-09,2020,11,Monday,3,10.5,96edd678-1a42-4d57-b41e-fabc2434d120
35949dda-25f2-4acb-97e9-7a43ce977fac,3,QIb1Te,2020-11-09,2020,11,Monday,2,7.0,
c3c6e5fa-8166-4412-858e-08404fbc56dc,3,QIb1Te,2020-11-09,2020,11,Monday,2,7.0,
59bfa537-493e-4ca1-afaf-790f2fba0f2d,3,V9hDyY,2020-11-09,2020,11,Monday,2,7.0,2df4b7df-3344-4e69-83ab-33aabb8b6131
2a1406ec-5504-4396-bec3-a22bf810a7c1,3,K8gkI8,2020-11-09,2020,11,Monday,3,10.5,33c44abb-b522-4163-8a0e-352dff24cd18
d0334b4f-c45a-4abd-8d17-8e4f3f5d40d3,3,9FFwEf,2020-11-09,2020,11,Monday,3,10.5,
056b71e5-df52-4894-b7a5-06990493c349,3,TwErrn,2020-11-09,2020,11,Monday,2,7.0,511ed47d-4be3-4a52-b7e5-49c7703a7006
ecf41719-252f-4b15-ad1e-d6ce875b2233,3,fvBBXY,2020-11-09,2020,11,Monday,2,7.0,
cf568ad8-6d26-4a32-a767-9bfed688d7b6,3,V9hDyY,2020-11-09,2020,11,Monday,1,3.5,
b7b929ae-8d1f-4da1-8d93-b0f67bae859e,3,fvBBXY,2020-11-09,2020,11,Monday,1,3.5,
f0082ebb-cb57-4d6b-a695-b8ed142d49c5,3,J4fMRf,2020-11-09,2020,11,Monday,2,7.0,
8ed73645-b312-45a0-876f-3bd32fa2d93c,3,HHY1ds,2020-11-09,2020,11,Monday,1,3.5,5df12d06-bb99-4df9-93bf-f627c9b36881
d47545c6-3bc5-4c67-81b4-74703eb3802f,3,V9hDyY,2020-11-09,2020,11,Monday,2,7.0,
557e7a4d-29ee-43d5-857c-dbf6029e95cc,3,fvBBXY,2020-11-09,2020,11,Monday,1,3.5,3ee4b12b-d7b4-4a47-858f-860fa3a302ed
bad5454f-e32f-4b1d-b2c9-cf6ba22eabbe,3,K8gkI8,2020-11-09,2020,11,Monday,2,7.0,
56a3b31c-b916-4e01-8528-fc55f74b7922,3,1X3p2H,2020-11-09,2020,11,Monday,2,7.0,
3ba15efa-0c97-4b39-8d24-4afc841932b0,3,Xd4sZA,2020-11-09,2020,11,Monday,2,7.0,
85b8d351-5aa4-4775-945c-2124f1341cec,3,RZZSxq,2020-11-09,2020,11,Monday,1,3.5,
7f4b1416-bc7f-4291-b63d-a553b1afc00c,3,QIb1Te,2020-11-09,2020,11,Monday,3,10.5,e0182375-f127-46d4-b152-07ffa4839271
19eb52fc-d52d-46b1-b925-7f1b1d37bf67,3,9FFwEf,2020-11-09,2020,11,Monday,2,7.0,
a4de390e-9f5d-4747-bf7e-6b25fbe632e5,3,IWoDZ7,2020-11-09,2020,11,Monday,2,7.0,
fd4846e2-14f5-401f-bbb3-ee01fa4ad2fe,3,8CnCaM,2020-11-09,2020,11,Monday,1,3.5,
4049e228-1ab8-472b-ab3e-a13abf174259,3,pCjr1R,2020-11-09,2020,11,Monday,2,7.0,
f37743aa-ea5b-481e-ae07-b40bdddd0b3f,3,QIb1Te,2020-11-09,2020,11,Monday,3,10.5,
7d3d5fe6-f03c-4548-b57a-989be2d75246,3,AcIRu7,2020-11-09,2020,11,Monday,1,3.5,6bb8b6a7-9577-485d-bfc4-45a0b47945f4
3b36d9fb-ef91-4907-8709-6b77dcf609a8,3,TwErrn,2020-11-09,2020,11,Monday,2,7.0,
211addae-0c1f-4665-8520-65817c0bab6b,3,iYvFyn,2020-11-09,2020,11,Monday,2,7.0,
a8a3a77f-96c4-403d-b621-4f526d5df337,3,Xd4sZA,2020-11-09,2020,11,Monday,2,7.0,
23ac9634-797e-4c31-8b72-4a24bd5d7a2e,3,IWoDZ7,2020-11-09,2020,11,Monday,2,7.0,
22648990-0fab-423f-9be8-cddb79876361,3,RZZSxq,2020-11-09,2020,11,Monday,2,7.0,d5fe0da4-50b9-4d2b-a7b2-124ea8ef1dd0
e01c5f1b-6a65-44b8-9535-7b7b7432df3a,3,AcIRu7,2020-11-09,2020,11,Monday,2,7.0,
b528fa59-9041-4015-b29c-96791a04d183,3,iYvFyn,2020-11-09,2020,11,Monday,3,10.5,
217b9a5f-8636-4671-99b2-27f041f7e50f,3,LRN0uO,2020-11-09,2020,11,Monday,2,7.0,
88ffda3b-314e-4134-a765-2d627bab8f4a,3,pCjr1R,2020-11-09,2020,11,Monday,2,7.0,
f8a0d72f-7e20-44e5-90bd-131693b856bb,3,HHY1ds,2020-11-09,2020,11,Monday,1,3.5,
ac89ab58-1e32-40f7-8b22-06e4debd2428,3,HHY1ds,2020-11-09,2020,11,Monday,1,3.5,5b131659-3019-4235-82e0-98adbc84a35c
a1d5b81f-15a1-43fa-a461-90c64328a132,3,iYvFyn,2020-11-09,2020,11,Monday,3,10.5,
964b18d7-a85a-40ce-b10a-7e6d02509a6a,3,fvBBXY,2020-11-09,2020,11,Monday,1,3.5,
9a67473c-f5c3-4094-9ca0-391f01aa56a2,3,RZZSxq,2020-11-09,2020,11,Monday,3,10.5,
91503747-a76c-470d-9ba1-95083fd03722,3,TwErrn,2020-11-09,2020,11,Monday,3,10.5,766aaadc-cc74-4a3c-8ce6-5ef3a26d4665
b3b5c3f6-5890-4f3b-bdd2-b138c8fa3011,3,HHY1ds,2020-11-09,2020,11,Monday,2,7.0,
5c3659d2-2575-4ea0-8301-a88132b5befe,3,J4fMRf,2020-11-09,2020,11,Monday,1,3.5,
161e3115-1515-476f-a499-b753baf0f9bc,3,IWoDZ7,2020-11-10,2020,11,Tuesday,2,7.0,
ed05be31-8703-42f0-9a74-b17b4591ccb0,3,RZZSxq,2020-11-10,2020,11,Tuesday,2,7.0,
bc275a33-d8b0-4e85-be5c-cb11a019cc4d,3,QIb1Te,2020-11-10,2020,11,Tuesday,2,7.0,
0e3c74d8-a9a3-447c-b25e-ffe6a2c73241,3,iYvFyn,2020-11-10,2020,11,Tuesday,1,3.5,
a11f5fbf-0ce9-4cb4-b17c-804e15f34a02,3,9FFwEf,2020-11-10,2020,11,Tuesday,3,10.5,
87181725-61fa-41aa-a3f4-b1d71c2f66ad,3,Xd4sZA,2020-11-10,2020,11,Tuesday,2,7.0,
72255b6e-4278-46a3-bcd3-e8d6282b9b45,3,V9hDyY,2020-11-10,2020,11,Tuesday,3,10.5,32c77228-8890-42e9-9c1c-ff9dbdbe0572
e72634db-4ad4-4537-9f77-49095daa2ff0,3,iYvFyn,2020-11-10,2020,11,Tuesday,2,7.0,33311a72-1547-4961-8674-78123e619fbb
3d4dae0a-76eb-459d-8159-95457502243d,3,iYvFyn,2020-11-10,2020,11,Tuesday,2,7.0,3479dcf8-8995-42ca-a2d4-23c65b1b9302
73c46f3f-d574-4f5a-9cd8-ef3ac9588f00,3,TwErrn,2020-11-10,2020,11,Tuesday,1,3.5,54d1910c-68e2-43d5-add1-4618b77eaa7a
43c3607d-f51a-475a-ae1f-5b3fb40102b4,3,iYvFyn,2020-11-10,2020,11,Tuesday,1,3.5,
c4be5b7b-197f-40ab-a824-6ceb57bf8d58,3,RZZSxq,2020-11-10,2020,11,Tuesday,2,7.0,
a3d1702f-1c73-48d0-ae13-7344dffe945d,3,IWoDZ7,2020-11-10,2020,11,Tuesday,1,3.5,93504b15-1e57-4092-864d-81bec49329e6
8c80396b-fd82-41ef-87af-28a426cddccd,3,iYvFyn,2020-11-10,2020,11,Tuesday,3,10.5,
c48933a0-d9d3-46fb-be71-18514e0c4006,3,fvBBXY,2020-11-10,2020,11,Tuesday,3,10.5,
b7a8d900-1c51-4ea5-8497-b4fd8b242659,3,QIb1Te,2020-11-10,2020,11,Tuesday,1,3.5,5de746d2-23fa-4b26-82a8-ae7e5f9571af
614272b3-4bc7-428a-9e12-b7032bff7162,3,QIb1Te,2020-11-10,2020,11,Tuesday,3,10.5,
b5900ef4-91df-466b-a221-59150c472880,3,8CnCaM,2020-11-10,2020,11,Tuesday,1,3.5,cf96d80e-620b-4b4f-b346-83828a391ca8
8b5a2d58-4c23-48a8-824e-f7d7b4f122c6,3,Xd4sZA,2020-11-10,2020,11,Tuesday,2,7.0,
e568924e-f064-43f3-84dd-d23b5c61ac3c,3,pCjr1R,2020-11-10,2020,11,Tuesday,3,10.5,
75624b40-e61d-456c-a6ef-ebc3b20b32dc,3,AcIRu7,2020-11-10,2020,11,Tuesday,2,7.0,
520bf982-80e5-441e-889e-fee815753265,3,K8gkI8,2020-11-10,2020,11,Tuesday,3,10.5,
af38be14-4e2f-4682-8f87-670a65ffa422,3,HHY1ds,2020-11-10,2020,11,Tuesday,2,7.0,
e84d049e-5a4e-4898-958c-98fd38f64ea8,3,HHY1ds,2020-11-10,2020,11,Tuesday,1,3.5,
8f4fab33-3fbf-4766-9961-5f4bab8a1dfe,3,g0RPTY,2020-11-10,2020,11,Tuesday,3,10.5,
fab76f86-a029-4534-bee7-c4656f3314b9,3,XkiZ9D,2020-11-10,2020,11,Tuesday,3,10.5,
f64b7c35-b636-4bc7-a9b4-3adc950443e0,3,XkiZ9D,2020-11-10,2020,11,Tuesday,3,10.5,aeee026c-d517-474a-9d71-31b4cb8612b2
10ef8aa3-787c-4abf-9779-b52e6a2b0a2b,3,TwErrn,2020-11-10,2020,11,Tuesday,3,10.5,
56583d5b-e87c-4277-bd10-60731b002a35,3,8CnCaM,2020-11-10,2020,11,Tuesday,2,7.0,ea149788-2f86-4bd9-8df8-8f1e65a5237b
091db9f8-ad41-4a8e-9544-79c63f6bbd56,3,J4fMRf,2020-11-10,2020,11,Tuesday,3,10.5,f52acfa1-c82c-4d44-8ec1-4ab2337c0502
735f3ee7-784c-4c8d-aac5-2e8bfc540524,3,XkiZ9D,2020-11-10,2020,11,Tuesday,1,3.5,
34c427c7-77ab-49ce-8548-e007eff1b510,3,AcIRu7,2020-11-10,2020,11,Tuesday,2,7.0,
6c63d5ad-f6e7-4378-9ec8-a37820231823,3,fvBBXY,2020-11-10,2020,11,Tuesday,2,7.0,
7a674e27-aa34-455d-b674-9d9971dcdafc,3,1X3p2H,2020-11-10,2020,11,Tuesday,2,7.0,
9376c1fd-da2b-4fb5-b930-ba2332671f07,3,8CnCaM,2020-11-10,2020,11,Tuesday,1,3.5,634e2552-3187-4b58-8792-7b15fd08393e
c11272e6-bb0f-4d33-b051-383f828fda28,3,QIb1Te,2020-11-10,2020,11,Tuesday,1,3.5,
21f55563-f90d-4453-98e5-35ae2ee0aaca,3,QIb1Te,2020-11-10,2020,11,Tuesday,3,10.5,05bc364f-9163-4cce-8290-fbe64ea56e5b
2e5b6e41-19f1-4049-a599-8edf31c1c397,3,fvBBXY,2020-11-10,2020,11,Tuesday,2,7.0,
a7d37f6a-5411-4b6d-8c97-3ac4e9647279,3,XkiZ9D,2020-11-10,2020,11,Tuesday,3,10.5,
e14a1f8e-4f83-471a-a6f4-f5d6d21daf15,3,fvBBXY,2020-11-10,2020,11,Tuesday,2,7.0,b103d647-4ca5-451f-b87f-7bab4a832756
b3e82cba-7c21-49f1-b384-06fecb1e2236,3,8CnCaM,2020-11-10,2020,11,Tuesday,2,7.0,
6dc289a1-8830-459a-8090-913bfeccd7f3,3,fvBBXY,2020-11-10,2020,11,Tuesday,2,7.0,78cf43f3-f011-47ec-bf94-29999cdbd4d7
51f8ee73-d9ec-498d-9b00-c3dab36f59b4,3,pCjr1R,2020-11-10,2020,11,Tuesday,2,7.0,
6289e71a-42e6-45f5-9120-015bc52b8c19,3,8CnCaM,2020-11-10,2020,11,Tuesday,2,7.0,
442ee4fa-6f9e-4cf5-a1cf-69d139b17c66,3,pCjr1R,2020-11-10,2020,11,Tuesday,1,3.5,cdf18b2b-d3a6-4f4c-8cd0-645d2bcb6a11
b7461124-c79f-4eb7-869a-61c037dd95fc,3,YnyFQq,2020-11-10,2020,11,Tuesday,2,7.0,
d0599a02-5bda-4205-9bca-3daf93d84979,3,J4fMRf,2020-11-10,2020,11,Tuesday,2,7.0,
01447f70-e10f-4dbc-88fa-c83b73999975,3,1X3p2H,2020-11-10,2020,11,Tuesday,3,10.5,
76550b46-2ace-43fd-af31-0337e4f3fde4,3,TwErrn,2020-11-10,2020,11,Tuesday,3,10.5,6755615f-3d98-4737-9004-d69a2a09b024
b5ef6fbe-3022-450f-9c90-b1b19db9577a,3,IWoDZ7,2020-11-10,2020,11,Tuesday,2,7.0,
eaeddf7d-c76e-44f2-a728-2d49a817e615,3,iYvFyn,2020-11-10,2020,11,Tuesday,1,3.5,
3b8b1f98-72e9-41b4-8aa3-b67cedef0303,3,Xd4sZA,2020-11-10,2020,11,Tuesday,3,10.5,
8b7ffc8d-f365-45b0-8202-dc6e6e3c753d,3,Xd4sZA,2020-11-10,2020,11,Tuesday,2,7.0,
e9886d29-d4dc-45cc-97ae-7ea7a3bc240e,3,XkiZ9D,2020-11-10,2020,11,Tuesday,3,10.5,7a359c55-7a89-45e1-b8c2-0bd5e3d7e997
d430e07a-8ebf-4f87-baee-960e01c340ca,3,LRN0uO,2020-11-10,2020,11,Tuesday,2,7.0,
50b26dd9-0049-430a-9e2b-f1c60d5ebfbc,3,pCjr1R,2020-11-10,2020,11,Tuesday,1,3.5,cfc813e7-80a1-41bf-8ef0-3587c731fdc7
35053b6f-064a-4af0-a69c-f3df8bc95995,3,TwErrn,2020-11-10,2020,11,Tuesday,1,3.5,
3ae608a5-973e-4774-a291-6f8c4b36cbd2,3,8CnCaM,2020-11-10,2020,11,Tuesday,2,7.0,
2bca058e-1891-428c-af3f-c1943aaa9bfa,3,9FFwEf,2020-11-10,2020,11,Tuesday,1,3.5,
411d14ae-9b6a-43a4-a2d7-a01d1ef935e7,3,AcIRu7,2020-11-10,2020,11,Tuesday,2,7.0,41875687-b3a0-4ca3-88b9-107ab9e2dc96
2742010c-c48c-4c9b-9174-4dd7f9baef45,3,J4fMRf,2020-11-10,2020,11,Tuesday,2,7.0,bc99d594-0bb8-441d-a412-f522223815d9
e88b6467-ea37-490b-86de-0a1a097d3102,3,1X3p2H,2020-11-10,2020,11,Tuesday,1,3.5,
2f7b5734-b614-4e9f-9062-07de58efc973,3,K8gkI8,2020-11-10,2020,11,Tuesday,2,7.0,
b66ca05b-474a-4c0b-ad2c-0d7c6a434ca0,3,g0RPTY,2020-11-10,2020,11,Tuesday,2,7.0,
fd443f63-8cc5-456e-8594-c18edb70e7ea,3,g0RPTY,2020-11-10,2020,11,Tuesday,2,7.0,
c1d48aaf-46c6-44d4-951a-3daed45cda1c,3,J4fMRf,2020-11-10,2020,11,Tuesday,1,3.5,54c2f33c-ff98-4537-bd8e-a17e8942faf5
333e7b9d-aaf1-47a8-9cd8-fef7fb2d94b5,3,8CnCaM,2020-11-10,2020,11,Tuesday,3,10.5,4aefd4c5-e273-47fa-aeeb-0feb7c28c166
625da6db-2c16-4d1c-8dc4-313fee2c3397,3,K8gkI8,2020-11-10,2020,11,Tuesday,2,7.0,
3edc1ddd-51ce-4b86-a3a6-3765158909f0,3,QIb1Te,2020-11-10,2020,11,Tuesday,2,7.0,
c76b20ae-2d0c-447c-8969-c2f0e290b2e9,3,XkiZ9D,2020-11-10,2020,11,Tuesday,1,3.5,
7f5b8182-5f5c-4f8a-8815-f12def255767,3,Xd4sZA,2020-11-10,2020,11,Tuesday,2,7.0,
ec426ad2-21cb-4bd9-82cd-a9c9888f9704,3,QIb1Te,2020-11-10,2020,11,Tuesday,3,10.5,
5729d43c-b510-48a1-ac66-dfe0060a0be5,3,8CnCaM,2020-11-10,2020,11,Tuesday,2,7.0,
d08dfe7a-6974-4f3a-8646-47d9b19a6c54,3,TwErrn,2020-11-10,2020,11,Tuesday,2,7.0,
5d1d9a81-4ee5-4660-ac5c-7df1353c6f15,3,HHY1ds,2020-11-10,2020,11,Tuesday,1,3.5,
55e49d00-4566-4a60-984a-abf1f8b05f9f,3,fvBBXY,2020-11-10,2020,11,Tuesday,2,7.0,
7e833de7-08c1-4672-ab57-096c888474f4,3,pCjr1R,2020-11-10,2020,11,Tuesday,1,3.5,2e41a9a8-d523-470f-ac7f-15b32ab7644b
21fa4ad4-7666-47db-b2e9-9612d68f5dbc,3,Xd4sZA,2020-11-10,2020,11,Tuesday,2,7.0,
3f12e29e-72cc-418b-8866-3bcd45d6c450,3,YnyFQq,2020-11-10,2020,11,Tuesday,2,7.0,b0dffef8-7809-410f-b710-1931a00176b4
5ed52226-c266-49c9-801f-79690525e10a,3,TwErrn,2020-11-10,2020,11,Tuesday,2,7.0,59070c57-269e-4e3f-b42c-fcc046c6a6bf
ff93e463-1f1a-4141-95ba-0c3c59a19b37,3,V9hDyY,2020-11-10,2020,11,Tuesday,3,10.5,
fd6a7cb5-863f-4b15-b97d-e8b862dd3a1b,3,TwErrn,2020-11-10,2020,11,Tuesday,2,7.0,
ea06832f-79ea-4fb3-817e-b08e8ccd87c4,3,RZZSxq,2020-11-10,2020,11,Tuesday,2,7.0,
5049b64d-3e3b-4362-91f9-f8e12b5604b8,3,LRN0uO,2020-11-10,2020,11,Tuesday,1,3.5,
138251de-fbee-4aaa-941f-906b01f58de1,3,1X3p2H,2020-11-10,2020,11,Tuesday,1,3.5,
15020bac-2c96-464a-88e2-65bb1674ee03,3,1X3p2H,2020-11-10,2020,11,Tuesday,1,3.5,766aaadc-cc74-4a3c-8ce6-5ef3a26d4665
e6090288-2cfd-4e3e-8719-a753ca44e977,3,Xd4sZA,2020-11-10,2020,11,Tuesday,3,10.5,
490a3ab7-21bb-4525-ba12-c3ff87003048,3,IWoDZ7,2020-11-10,2020,11,Tuesday,2,7.0,
bc02447a-9728-420c-96c5-33bb1732daf9,3,RZZSxq,2020-11-10,2020,11,Tuesday,2,7.0,
2964ccf7-b6d6-480e-837a-0c8218bc9c93,3,9FFwEf,2020-11-10,2020,11,Tuesday,1,3.5,
d1f4f10c-0ce8-42c8-b7bc-70208257e7ba,3,Xd4sZA,2020-11-10,2020,11,Tuesday,3,10.5,220ccbee-70ff-479f-b49e-2d79b6f877cf
c5c3b56e-5b90-4f81-9f5a-20664902c5c5,3,QIb1Te,2020-11-10,2020,11,Tuesday,1,3.5,
e69fef8b-d947-4a89-a150-deb079827f68,3,V9hDyY,2020-11-10,2020,11,Tuesday,3,10.5,
eb0f95ec-6d78-44e1-aed6-316b2353af2f,3,fvBBXY,2020-11-10,2020,11,Tuesday,2,7.0,
cd93342c-bdc5-46cd-970a-1d00191809a5,3,LRN0uO,2020-11-10,2020,11,Tuesday,3,10.5,
61616314-d3b5-40c6-b276-9f1e0b878d31,3,AcIRu7,2020-11-10,2020,11,Tuesday,1,3.5,3b8d6dd7-132d-4457-acc2-277888d24021
6993e33f-8f70-4e91-bfe8-774406bcc19a,3,pCjr1R,2020-11-10,2020,11,Tuesday,3,10.5,
51478c61-2b03-4baf-b937-aa99576de526,3,RZZSxq,2020-11-10,2020,11,Tuesday,2,7.0,
4480bb04-482e-4011-b75e-95c1f346ca93,3,XkiZ9D,2020-11-10,2020,11,Tuesday,1,3.5,
bcda6e1a-3178-41da-9b37-56be6a546d99,3,K8gkI8,2020-11-10,2020,11,Tuesday,2,7.0,
f7e8570b-d908-4fba-82d5-c696e5fec989,3,8CnCaM,2020-11-10,2020,11,Tuesday,3,10.5,2df4b7df-3344-4e69-83ab-33aabb8b6131
4ea942fb-c9c2-4e95-ba5d-5022fba3cd3a,3,8CnCaM,2020-11-10,2020,11,Tuesday,2,7.0,
e5aa3025-c6e0-42cb-b1ea-1488520a3710,3,fvBBXY,2020-11-11,2020,11,Wednesday,2,7.0,
6e2ed664-540f-412e-92df-07b0e5561e37,3,1X3p2H,2020-11-11,2020,11,Wednesday,2,7.0,
1b7bfce0-ff6e-4fbb-ad18-b46389e5f934,3,RZZSxq,2020-11-11,2020,11,Wednesday,2,7.0,
c807900d-3a1a-4eb2-bb58-3171a383eca8,3,YnyFQq,2020-11-11,2020,11,Wednesday,3,10.5,
17b4265c-f810-4ea7-8842-0a7263cecb59,3,YnyFQq,2020-11-11,2020,11,Wednesday,1,3.5,
32da2a84-0471-4748-89f0-b67145cc1e50,3,RZZSxq,2020-11-11,2020,11,Wednesday,2,7.0,
3fe1f892-40fe-475f-a19e-1a3e742c72b0,3,fvBBXY,2020-11-11,2020,11,Wednesday,2,7.0,
f054b688-7dea-4bb0-80c2-5a26254bf2bb,3,LRN0uO,2020-11-11,2020,11,Wednesday,2,7.0,587f8f67-e282-4753-9f22-fc4e9ecd7990
320f0e24-76f4-4a36-b516-1e36168c0d59,3,RZZSxq,2020-11-11,2020,11,Wednesday,1,3.5,
5d8ae14b-779c-4599-a1e2-2199c511ea5a,3,9FFwEf,2020-11-11,2020,11,Wednesday,1,3.5,
e86ad286-7e4f-4879-b277-b898b60fb41d,3,iYvFyn,2020-11-11,2020,11,Wednesday,1,3.5,3b509243-8181-49d2-9250-2d0ccb8461c3
fc0acecd-1a8c-493d-a254-11b0838ac6b5,3,HHY1ds,2020-11-11,2020,11,Wednesday,2,7.0,8d06dd34-a8bc-4e75-905b-38447644819e
2d7e0545-43fd-4548-ba26-26f9f90d3801,3,1X3p2H,2020-11-11,2020,11,Wednesday,2,7.0,
b3f81687-e617-471e-af97-4c8879d89af2,3,fvBBXY,2020-11-11,2020,11,Wednesday,3,10.5,
195494e6-dad4-476f-bae3-61234a37f37e,3,1X3p2H,2020-11-11,2020,11,Wednesday,2,7.0,
8836a6ca-c49f-4f62-81b2-7d077a460580,3,Xd4sZA,2020-11-11,2020,11,Wednesday,1,3.5,
3bd79408-2e41-41f7-b837-b354b83c4308,3,IWoDZ7,2020-11-11,2020,11,Wednesday,2,7.0,
ad27b935-0417-4147-b5b8-d6178b1c0b20,3,pCjr1R,2020-11-11,2020,11,Wednesday,3,10.5,
bd2b5c2f-619c-4a10-8cd1-7ce328148fc7,3,g0RPTY,2020-11-11,2020,11,Wednesday,2,7.0,82a5c0bc-5576-46f9-bc3d-7db3d1cf6ee1
d74c66e9-4084-4027-988e-08791962be4f,3,HHY1ds,2020-11-11,2020,11,Wednesday,3,10.5,
c8482a28-0e60-4c0a-8319-e9a16529037a,3,pCjr1R,2020-11-11,2020,11,Wednesday,1,3.5,
3f955a14-5697-48d2-bafb-e9e506b95665,3,1X3p2H,2020-11-11,2020,11,Wednesday,2,7.0,
38210673-95d6-4327-a9f5-82a650c9aabc,3,J4fMRf,2020-11-11,2020,11,Wednesday,2,7.0,3844157a-114c-4cbc-968a-7c30f702f9a7
6a17bd81-bc77-4cfe-822e-71059f1e2125,3,IWoDZ7,2020-11-11,2020,11,Wednesday,3,10.5,
8a6e1537-3a02-4766-8bd0-abc26c21ca87,3,fvBBXY,2020-11-11,2020,11,Wednesday,2,7.0,585ae186-7664-4f6d-a1d8-621d0b33a57c
67b5ef40-152b-4ecf-9086-efaa303f717d,3,J4fMRf,2020-11-11,2020,11,Wednesday,3,10.5,cf96d80e-620b-4b4f-b346-83828a391ca8
464179e5-9039-45c8-84cb-7adcff5c24b9,3,1X3p2H,2020-11-11,2020,11,Wednesday,2,7.0,
e4e66640-b464-47b3-b092-520d1d1dddfa,3,HHY1ds,2020-11-11,2020,11,Wednesday,3,10.5,
fba159a2-ebf2-4741-8655-fe2cf76edf6a,3,Xd4sZA,2020-11-11,2020,11,Wednesday,3,10.5,
1cfa76cb-3782-4362-9c01-85780bcd7089,3,Xd4sZA,2020-11-11,2020,11,Wednesday,2,7.0,
a030d34b-10f5-40b6-86cb-93d04eed3f9f,3,J4fMRf,2020-11-11,2020,11,Wednesday,3,10.5,3ad9afcd-1507-4e4b-88cb-8d5e4ec8bdfc
f139ba7f-d3ac-415d-8b88-da4f3af8dc17,3,K8gkI8,2020-11-11,2020,11,Wednesday,2,7.0,
e8bde775-ab6f-429a-8c49-910127166cc9,3,IWoDZ7,2020-11-11,2020,11,Wednesday,1,3.5,bd1a9f56-31b7-47e8-91bc-f14430b9a604
2f31736d-ef67-495a-8488-b595785637d3,3,iYvFyn,2020-11-11,2020,11,Wednesday,2,7.0,d084d4eb-9978-464e-8ef6-fad8f8e9536f
cfc681ac-58a9-4470-b9d7-5712df3b67c0,3,YnyFQq,2020-11-11,2020,11,Wednesday,2,7.0,
214436fa-bb7e-421b-84f4-3df08125b1fc,3,LRN0uO,2020-11-11,2020,11,Wednesday,1,3.5,
2757df50-c125-4684-be5e-520ee3a54b83,3,HHY1ds,2020-11-11,2020,11,Wednesday,2,7.0,
6383e934-d732-47af-b6f4-1899918d0f6a,3,AcIRu7,2020-11-11,2020,11,Wednesday,1,3.5,
e6162f45-f36f-4d69-8b55-a59446905263,3,1X3p2H,2020-11-11,2020,11,Wednesday,2,7.0,
3f509e0f-a048-4e19-85e3-eace59dddfa2,3,RZZSxq,2020-11-11,2020,11,Wednesday,2,7.0,
cfa040c7-c8cd-4a0e-a8c3-245cfd3b48c5,3,LRN0uO,2020-11-11,2020,11,Wednesday,2,7.0,
1b62f994-5f25-40fb-8c89-ce2ff2a0b1ca,3,9FFwEf,2020-11-11,2020,11,Wednesday,3,10.5,
95ad99a2-2f74-460a-b267-ac88179874dc,3,iYvFyn,2020-11-11,2020,11,Wednesday,1,3.5,68b6c205-1a23-49fa-a960-d1df67800f0a
f1f2b8d4-33cf-495a-bca7-8ca5c1026e71,3,fvBBXY,2020-11-11,2020,11,Wednesday,3,10.5,ea149788-2f86-4bd9-8df8-8f1e65a5237b
ca02dac4-38d9-4bc7-8ddb-d4b89e537631,3,HHY1ds,2020-11-11,2020,11,Wednesday,2,7.0,0a84fed2-01ed-477a-a4d7-963087b5e4a2
0598ab7a-ac03-42be-9dfc-524e5c392c31,3,9FFwEf,2020-11-11,2020,11,Wednesday,2,7.0,78cf43f3-f011-47ec-bf94-29999cdbd4d7
29a5f79f-09ef-416f-8778-c9445bbd5b52,3,pCjr1R,2020-11-11,2020,11,Wednesday,2,7.0,
943d2ee4-f573-4665-bf6a-1ad6801ad6cf,3,9FFwEf,2020-11-11,2020,11,Wednesday,1,3.5,
1b24a014-0ec3-4cfd-95d9-bc3776413441,3,TwErrn,2020-11-11,2020,11,Wednesday,2,7.0,43e0cce2-3e42-49c3-9393-9809d329029a
6c5ad6bc-bb95-479b-9704-0c83465a1437,3,YnyFQq,2020-11-11,2020,11,Wednesday,1,3.5,49285447-0ea3-4df0-99e3-0c5304ab0f58
645aeec0-bc53-400c-a14a-1211ab4a4938,3,TwErrn,2020-11-11,2020,11,Wednesday,3,10.5,
8edc7d24-a2eb-4676-ba4d-de5dd2747067,3,XkiZ9D,2020-11-11,2020,11,Wednesday,2,7.0,
abfad221-9806-4041-a55f-a8d3635e05bc,3,XkiZ9D,2020-11-11,2020,11,Wednesday,1,3.5,41875687-b3a0-4ca3-88b9-107ab9e2dc96
3ecc9cee-314b-4638-9d47-13e60704f092,3,AcIRu7,2020-11-11,2020,11,Wednesday,1,3.5,
756f5233-d81e-4cb3-a409-28963a83d60d,3,iYvFyn,2020-11-11,2020,11,Wednesday,2,7.0,
7f28a3dc-e1d7-4cd4-a310-72d2399d3298,3,XkiZ9D,2020-11-11,2020,11,Wednesday,1,3.5,8c105e64-6e97-44dd-aad9-f202fc3d635b
4c652d90-e55e-4c1c-b8e6-97d005ca0a08,3,IWoDZ7,2020-11-11,2020,11,Wednesday,2,7.0,
eb12fc84-daad-4998-9b1a-40b5f175cc15,3,RZZSxq,2020-11-11,2020,11,Wednesday,3,10.5,
0ed19dcd-64e6-4a5e-9bb2-a32ae79cfb31,3,YnyFQq,2020-11-11,2020,11,Wednesday,2,7.0,
764304d6-8bca-44ad-9ea2-1a22de9c18fb,3,iYvFyn,2020-11-11,2020,11,Wednesday,2,7.0,618444df-1a60-43ae-bb24-698b38e7e786
0c2b9743-43ed-42cc-af57-128057fc068b,3,Xd4sZA,2020-11-11,2020,11,Wednesday,2,7.0,cf96d80e-620b-4b4f-b346-83828a391ca8
ac5fabde-6244-48a5-af1e-a77dcd66b323,3,1X3p2H,2020-11-11,2020,11,Wednesday,2,7.0,
abe09aef-2ac1-4b18-8fc4-333277643740,3,pCjr1R,2020-11-11,2020,11,Wednesday,2,7.0,c2a9d258-5877-405e-8781-35fc5a2abeab
0feb19e5-3099-4e1d-ab62-64f8275f0a0b,3,TwErrn,2020-11-11,2020,11,Wednesday,1,3.5,30006795-823b-43d8-8e9e-38dd92091162
2898620b-7e40-4c49-a616-8ae59eca9481,3,iYvFyn,2020-11-11,2020,11,Wednesday,1,3.5,
bf7e7ad6-551d-4a05-8cca-5d6742987f1a,3,J4fMRf,2020-11-11,2020,11,Wednesday,1,3.5,
ec46a1fc-3b08-4991-a091-e56d387d4505,3,V9hDyY,2020-11-11,2020,11,Wednesday,3,10.5,
ea557abe-78e0-4f0a-8fab-f91297fbf535,3,J4fMRf,2020-11-11,2020,11,Wednesday,2,7.0,
9437e605-2d1f-49fe-a92f-19541e6d86a6,3,8CnCaM,2020-11-11,2020,11,Wednesday,3,10.5,4d5134d1-2f06-4d63-8263-eec292d23312
99a4b532-781e-4145-9440-151d0acefe96,3,AcIRu7,2020-11-11,2020,11,Wednesday,2,7.0,15be168c-0083-41ce-b4b3-f27bb89be366
01227d9a-82fe-42c6-8da3-0d8203bf6480,3,QIb1Te,2020-11-11,2020,11,Wednesday,3,10.5,
1ef22d2b-0a6e-483f-8496-07e2289bb166,3,HHY1ds,2020-11-11,2020,11,Wednesday,2,7.0,
d6c0a1a0-66d5-4a4a-b1a2-c4329aaf72dc,3,J4fMRf,2020-11-11,2020,11,Wednesday,2,7.0,ea149788-2f86-4bd9-8df8-8f1e65a5237b
a12a08dc-f167-403a-9283-d9a97739c927,3,IWoDZ7,2020-11-11,2020,11,Wednesday,2,7.0,62bdc5cf-1de2-438b-b406-35dedad24192
abee56b0-8971-4683-bdac-35b3a41f4652,3,J4fMRf,2020-11-11,2020,11,Wednesday,2,7.0,068fe63d-3ac8-4b1d-94cc-d8f6cf8185f6
461bc90d-cfb3-4167-999a-0e74c3dd284a,3,J4fMRf,2020-11-11,2020,11,Wednesday,2,7.0,
205e6798-89d1-47c1-9548-6b11c6d74692,3,V9hDyY,2020-11-11,2020,11,Wednesday,2,7.0,
bb97edd3-9f5f-44f2-9bcf-9c01f2d829e7,3,YnyFQq,2020-11-11,2020,11,Wednesday,3,10.5,4a1ba2e8-6d29-4d1e-8c0f-6e1b020860d9
c6061af3-2eb0-4bd0-8141-69cacda6556b,3,J4fMRf,2020-11-11,2020,11,Wednesday,1,3.5,77d1d3e9-23f2-4e1c-ab60-fb6427929461
4ac7ec1c-a6df-4ed3-adf3-4258c607d206,3,LRN0uO,2020-11-11,2020,11,Wednesday,3,10.5,98395614-ad13-47e3-82c0-999d618cd2a8
6eaa6cc7-290a-4937-b916-4d8cfb560460,3,HHY1ds,2020-11-11,2020,11,Wednesday,2,7.0,1c99f61c-33d7-4035-b2e8-33bb13a9f458
b81a73a4-5933-4e2d-bf72-8971c08f9fad,3,fvBBXY,2020-11-11,2020,11,Wednesday,3,10.5,
58ec5803-5c16-4d18-97cd-429b78e130a5,3,IWoDZ7,2020-11-11,2020,11,Wednesday,3,10.5,
843abfb8-b6a0-495f-9736-e6c496bfd546,3,J4fMRf,2020-11-11,2020,11,Wednesday,3,10.5,048e9595-17a8-41fc-80a6-06ca24ad196e
c258de05-4985-42f7-9d2d-681733912bb1,3,RZZSxq,2020-11-11,2020,11,Wednesday,1,3.5,8001fef8-78dd-4684-a5a1-d2cc89bd5d33
2daba11b-97f1-4169-924a-ca52d812feff,3,iYvFyn,2020-11-11,2020,11,Wednesday,1,3.5,
cdb0123c-d9f3-425c-b832-b768a80c78f4,3,QIb1Te,2020-11-11,2020,11,Wednesday,2,7.0,
2816f581-c8da-478c-bca9-67d4310297bb,3,pCjr1R,2020-11-11,2020,11,Wednesday,2,7.0,
9319b498-14b9-411d-96ae-cd1f21afb0d8,3,XkiZ9D,2020-11-11,2020,11,Wednesday,2,7.0,
29e8347f-a2d7-475a-9630-70cd55ae5517,3,g0RPTY,2020-11-11,2020,11,Wednesday,1,3.5,
9b4f07e0-ff4c-4f55-9fc6-3b77db5dc8b9,3,V9hDyY,2020-11-11,2020,11,Wednesday,2,7.0,
52c57408-d8f4-4575-9bb4-0d48f53c03f0,3,J4fMRf,2020-11-11,2020,11,Wednesday,1,3.5,fa972560-0f76-4cef-8f02-6f370e7a9544
56803b06-1dea-4fa1-a35b-594d93a92274,3,YnyFQq,2020-11-11,2020,11,Wednesday,1,3.5,
8e4643d6-5e7e-43a0-8c5c-0622ca5a7c0e,3,Xd4sZA,2020-11-11,2020,11,Wednesday,2,7.0,d691a8b9-ef7a-4ab1-9297-daca6d0cb381
5fafaa1a-05fd-463d-ba9a-16d19ceb75f5,3,AcIRu7,2020-11-11,2020,11,Wednesday,1,3.5,
4dc515a3-a357-4bba-acdd-499691ac1be5,3,TwErrn,2020-11-11,2020,11,Wednesday,2,7.0,
19111c58-f2ed-4722-8c6b-506faeea58c4,3,QIb1Te,2020-11-11,2020,11,Wednesday,2,7.0,
f21b3746-fdaf-43bf-9e04-8b31e37cb680,3,iYvFyn,2020-11-11,2020,11,Wednesday,3,10.5,b48b2c62-403d-472d-85e6-217bff89d1ee
0205b4a6-26ea-4442-919c-2356d40ef3ad,3,LRN0uO,2020-11-11,2020,11,Wednesday,2,7.0,
da0ab259-79c3-4e80-8122-62b91e169bb5,3,J4fMRf,2020-11-11,2020,11,Wednesday,1,3.5,
f3b6e934-28fb-4371-9f52-b06929129c45,3,AcIRu7,2020-11-11,2020,11,Wednesday,2,7.0,
ac4bb62a-5a36-445f-a6fb-1b9bdc46a7ea,3,HHY1ds,2020-11-11,2020,11,Wednesday,1,3.5,49285447-0ea3-4df0-99e3-0c5304ab0f58
f258fa58-853f-4720-96b7-6a8a80f9cbef,3,IWoDZ7,2020-11-11,2020,11,Wednesday,2,7.0,4a6e53fc-c312-4986-81b1-f2e2fc3a5097
b8c5561b-b697-4d2d-844c-d06f0d91fb9c,3,AcIRu7,2020-11-11,2020,11,Wednesday,1,3.5,
5eec1d79-d8dd-472b-918a-95681bd149b9,3,8CnCaM,2020-11-11,2020,11,Wednesday,2,7.0,b4a395b1-165d-4174-93b9-ccf601f432fd
ec820b3f-3542-4f76-9946-7795dd98c7dd,3,YnyFQq,2020-11-11,2020,11,Wednesday,1,3.5,e9946638-1a80-418e-b2c6-92e88f30aa34
0abf6b94-2b53-401d-a2e2-9c7d9cbde02c,3,iYvFyn,2020-11-12,2020,11,Thursday,2,7.0,
5174085b-d1c3-4161-82ca-e1515b0bb577,3,XkiZ9D,2020-11-12,2020,11,Thursday,3,10.5,9fa17acc-8fb4-46bc-98c2-c9d8b1da121b
59b17589-0aa4-45bb-bc4a-c4a0c7ca9ecc,3,J4fMRf,2020-11-12,2020,11,Thursday,1,3.5,
4834ec4f-480e-456b-a3c1-5e46a67eae3e,3,8CnCaM,2020-11-12,2020,11,Thursday,3,10.5,5d8bc7fb-98d4-4474-b7cc-d28d94497941
79640f35-3366-4c89-a6d1-4e81119690ea,3,iYvFyn,2020-11-12,2020,11,Thursday,2,7.0,5af7924b-0487-49bf-8e32-794bf77e9bb1
02163162-3ba5-4abe-8bfb-37adcdefb8c4,3,g0RPTY,2020-11-12,2020,11,Thursday,2,7.0,
d01a6701-f676-4772-8b11-46d158ca4571,3,K8gkI8,2020-11-12,2020,11,Thursday,2,7.0,
91d35d18-d534-4fcb-8e84-6174c67b5438,3,LRN0uO,2020-11-12,2020,11,Thursday,2,7.0,
ad9ba158-dacf-473c-bd4d-5a02151555eb,3,V9hDyY,2020-11-12,2020,11,Thursday,3,10.5,
f791edd6-9679-4814-8d8a-3e3896313962,3,QIb1Te,2020-11-12,2020,11,Thursday,2,7.0,
aa3f9c52-3abe-4b89-9c1b-7c3a2d07ec43,3,iYvFyn,2020-11-12,2020,11,Thursday,2,7.0,
52a4c4d3-2abc-4600-ad97-54c4ea68cf16,3,8CnCaM,2020-11-12,2020,11,Thursday,3,10.5,
fc5a6764-146e-4b1d-a57c-0c14e6dcec46,3,8CnCaM,2020-11-12,2020,11,Thursday,2,7.0,
74d43180-ad3c-4da2-9f9e-484ccf9b4836,3,XkiZ9D,2020-11-12,2020,11,Thursday,2,7.0,
e857e520-88ec-48a3-9afa-e26a9c3a7a53,3,K8gkI8,2020-11-12,2020,11,Thursday,2,7.0,
91b99c94-f4e4-46e3-9235-763b83639c3b,3,K8gkI8,2020-11-12,2020,11,Thursday,2,7.0,
3fa6df1d-5ca3-47a1-9e17-44ea1ec7f658,3,Xd4sZA,2020-11-12,2020,11,Thursday,3,10.5,
774644cb-5461-46dc-bf72-e1a3ec677c26,3,pCjr1R,2020-11-12,2020,11,Thursday,1,3.5,
5e85328f-4e23-48a0-94eb-2dcda2cca518,3,TwErrn,2020-11-12,2020,11,Thursday,3,10.5,955d03c6-b9d6-4aae-acb4-8a36f781e1da
c34a8501-8539-4b9a-a67e-144515b5dc0d,3,TwErrn,2020-11-12,2020,11,Thursday,2,7.0,
ff02d24f-79bf-4b68-83e8-65ddde916c03,3,AcIRu7,2020-11-12,2020,11,Thursday,3,10.5,c2a9d258-5877-405e-8781-35fc5a2abeab
a6786892-918c-49c0-8357-2fc418a80329,3,1X3p2H,2020-11-12,2020,11,Thursday,3,10.5,
34e371a2-d2a8-4965-a9df-3b30d2faa060,3,YnyFQq,2020-11-12,2020,11,Thursday,2,7.0,d045403b-05fc-45af-ad57-8e04b52ef4e8
ac550a47-3bcf-4675-a4a6-c89c5432be0a,3,pCjr1R,2020-11-12,2020,11,Thursday,2,7.0,
83e5e9aa-650e-455d-b3d9-45af784c6936,3,RZZSxq,2020-11-12,2020,11,Thursday,2,7.0,97c36b3b-8c96-4e61-bb4f-57ab5ac2e8de
683fe80e-ad01-417b-bc05-b26af0371698,3,9FFwEf,2020-11-12,2020,11,Thursday,2,7.0,
92785fdc-37a6-4f0e-92b5-84bcef2c4e26,3,V9hDyY,2020-11-12,2020,11,Thursday,3,10.5,
5f5a2821-1857-45e5-b087-99eb440cc545,3,K8gkI8,2020-11-12,2020,11,Thursday,3,10.5,048e9595-17a8-41fc-80a6-06ca24ad196e
a7cf149b-648b-4c8a-a019-c7bcea10ae37,3,XkiZ9D,2020-11-12,2020,11,Thursday,3,10.5,
ff0c668c-b0c7-4caa-ba10-746b33c01f2a,3,g0RPTY,2020-11-12,2020,11,Thursday,2,7.0,
c3e857be-605a-4b05-b7dc-2a1b6d38af45,3,V9hDyY,2020-11-12,2020,11,Thursday,2,7.0,
e32201e3-686f-4fd9-8ef7-05e93ad9d0cb,3,HHY1ds,2020-11-12,2020,11,Thursday,3,10.5,
30fab455-2449-4843-b892-b5e9f577f228,3,XkiZ9D,2020-11-12,2020,11,Thursday,1,3.5,
dae4bd7f-6edb-45c4-90be-4e91291d88be,3,QIb1Te,2020-11-12,2020,11,Thursday,3,10.5,
46fe4689-ced3-4db0-8edf-008653e26a83,3,J4fMRf,2020-11-12,2020,11,Thursday,3,10.5,
a509de9b-d8c6-44f0-8e4f-ca6d7bc2d7b6,3,V9hDyY,2020-11-12,2020,11,Thursday,2,7.0,
7de2f431-7440-4020-b717-c68605f30b37,3,IWoDZ7,2020-11-12,2020,11,Thursday,1,3.5,1ef4bfd8-5ce2-456f-b105-3053c33fa937
1cec6f32-ae57-46db-8725-0d36e2ef5658,3,XkiZ9D,2020-11-12,2020,11,Thursday,3,10.5,3a2aa1d7-afcd-4437-9fec-1d7cda3faf1b
71d4d2bf-f3a3-47f1-ad06-8bc7eac33dd7,3,TwErrn,2020-11-12,2020,11,Thursday,2,7.0,1f2d862f-18f9-4c58-a4b3-45b3db796ad4
c34bac0a-60cc-406a-b866-0214c7f6770c,3,pCjr1R,2020-11-12,2020,11,Thursday,1,3.5,
f06b0bf4-3519-42bb-8af6-4c06d11d9356,3,pCjr1R,2020-11-12,2020,11,Thursday,1,3.5,
8fb9057e-278b-472f-8e82-5e69edce3081,3,TwErrn,2020-11-12,2020,11,Thursday,2,7.0,
bcbb69cc-4b2c-41cf-a587-5d5bf349a8ac,3,fvBBXY,2020-11-12,2020,11,Thursday,2,7.0,f458a543-dfd7-404c-a8c1-6c63aea441da
33b2594a-d451-488c-b285-2514cb696e3b,3,QIb1Te,2020-11-12,2020,11,Thursday,2,7.0,
b0029009-2317-4f9f-b53c-8f42f74978af,3,J4fMRf,2020-11-12,2020,11,Thursday,3,10.5,
414728ea-6f73-4d88-a683-3511e6ed7725,3,HHY1ds,2020-11-12,2020,11,Thursday,2,7.0,
0fc4523c-e485-4176-919d-d36767900f28,3,K8gkI8,2020-11-12,2020,11,Thursday,2,7.0,
be748fdd-4ed7-4efa-b048-8033b6614560,3,AcIRu7,2020-11-12,2020,11,Thursday,2,7.0,4b4fef43-ff1a-4ed6-bbd4-00d9a0102340
d6529f27-4e49-4299-b73c-678b52dc6e0e,3,V9hDyY,2020-11-12,2020,11,Thursday,1,3.5,
97180d84-7f25-4e63-a478-758b6a7b92ec,3,9FFwEf,2020-11-12,2020,11,Thursday,3,10.5,
00479c27-10c9-4f93-99aa-9b764bb927c1,3,K8gkI8,2020-11-12,2020,11,Thursday,3,10.5,
e5e8aeeb-13d9-49ad-bc0e-e10fb78b1633,3,V9hDyY,2020-11-12,2020,11,Thursday,3,10.5,
96953d38-784a-4dd5-acbb-2954af8e8dd1,3,IWoDZ7,2020-11-12,2020,11,Thursday,1,3.5,
fe7f1b6d-317a-4972-a367-b42643171ad4,3,8CnCaM,2020-11-12,2020,11,Thursday,1,3.5,
72f63768-9501-448c-845a-42e64ebbae64,3,IWoDZ7,2020-11-12,2020,11,Thursday,3,10.5,
2f3a2391-5885-4e4a-8947-64e1680a27f3,3,IWoDZ7,2020-11-12,2020,11,Thursday,1,3.5,4e998e65-c2ba-48ce-926c-caab949c569d
4ee030aa-2dc2-4cf2-82ec-aa2990d07f95,3,9FFwEf,2020-11-12,2020,11,Thursday,2,7.0,
68a58dd4-bfd6-4ed2-9624-3abcab678ba9,3,fvBBXY,2020-11-12,2020,11,Thursday,1,3.5,
41eeace1-bc07-4b5f-afb5-0e3c9d5f583f,3,iYvFyn,2020-11-12,2020,11,Thursday,3,10.5,
b350ba0a-9d1a-4d04-9e1d-9b66c4df1ffe,3,8CnCaM,2020-11-12,2020,11,Thursday,3,10.5,
e1933872-15a1-497d-8c2a-390a23b16a8c,3,9FFwEf,2020-11-12,2020,11,Thursday,3,10.5,
c8911792-f413-4178-bded-d6df0e260931,3,9FFwEf,2020-11-12,2020,11,Thursday,1,3.5,3ad9afcd-1507-4e4b-88cb-8d5e4ec8bdfc
b0273615-450d-43b5-b8bf-1076eebf7639,3,QIb1Te,2020-11-12,2020,11,Thursday,2,7.0,
3b124c69-da62-41c2-8ef0-e37a69713c21,3,QIb1Te,2020-11-12,2020,11,Thursday,1,3.5,c2a9d258-5877-405e-8781-35fc5a2abeab
a9dc3142-5ddc-492d-9d1b-98d18b9f686b,3,9FFwEf,2020-11-12,2020,11,Thursday,1,3.5,
7afedbfe-ec79-4c2c-b73c-3ee33e25134f,3,LRN0uO,2020-11-12,2020,11,Thursday,2,7.0,
05c8df42-c059-466c-bebd-1d69d743f76c,3,QIb1Te,2020-11-12,2020,11,Thursday,2,7.0,
2fc85221-17f0-4219-8b69-d73076b88ca3,3,AcIRu7,2020-11-12,2020,11,Thursday,2,7.0,
bca52419-dad4-4d81-8929-29fdce113fc8,3,TwErrn,2020-11-12,2020,11,Thursday,1,3.5,
e9da94d6-6ece-4314-ad10-86588d3a3513,3,g0RPTY,2020-11-12,2020,11,Thursday,2,7.0,b18ca521-5b7b-4f8e-920b-ada6404e2be6
c9884aa9-fe77-4f63-a53d-20c2b3cce59c,3,J4fMRf,2020-11-12,2020,11,Thursday,2,7.0,
eebb6ec0-f900-4d02-8684-77dc61c31883,3,1X3p2H,2020-11-12,2020,11,Thursday,2,7.0,9542576d-2df0-4707-bfa2-39de4ae1583d
1996f004-8280-402b-82b2-88451ee294e6,3,1X3p2H,2020-11-12,2020,11,Thursday,2,7.0,
93761c48-e214-483a-a688-092a36dfaef2,3,pCjr1R,2020-11-12,2020,11,Thursday,2,7.0,
cb9b815c-844f-49ac-8a7d-1a9a2e58fff8,3,V9hDyY,2020-11-12,2020,11,Thursday,2,7.0,
df3e692d-6f5b-4115-95bd-681008d23f5e,3,pCjr1R,2020-11-12,2020,11,Thursday,2,7.0,30a6cfe5-89f3-4b23-8d75-59fe203e518e
ed94b790-656f-47e4-86fe-96d52bf6cdf1,3,HHY1ds,2020-11-12,2020,11,Thursday,3,10.5,
0aa5da0b-e74c-4376-ba0d-50c28eee4f58,3,9FFwEf,2020-11-12,2020,11,Thursday,3,10.5,
9d9f6d1d-e6e8-4a62-b09e-9e20ffed009a,3,8CnCaM,2020-11-12,2020,11,Thursday,1,3.5,
87f597be-8806-40a7-8b5a-389ae5e10b1a,3,AcIRu7,2020-11-12,2020,11,Thursday,2,7.0,
d0072b7d-4913-4018-a30b-d2fd9be07fe5,3,pCjr1R,2020-11-12,2020,11,Thursday,3,10.5,
6a5dd948-089e-486e-a47c-385ea64f2f4f,3,TwErrn,2020-11-12,2020,11,Thursday,2,7.0,2a743fc8-b7e6-47e3-b5a3-b8ab806527d8
11a87ecf-70e8-4523-9202-2b22c1b46598,3,g0RPTY,2020-11-12,2020,11,Thursday,1,3.5,
6831b087-cff1-4921-af37-a65c3ad588bf,3,9FFwEf,2020-11-12,2020,11,Thursday,3,10.5,
bcc88f43-c240-49d0-a88b-03a65a701db1,3,TwErrn,2020-11-12,2020,11,Thursday,1,3.5,
2c8be341-8ffe-4356-a2c3-71a5d98f32b9,3,9FFwEf,2020-11-12,2020,11,Thursday,2,7.0,
6bb7cd04-5ac6-438a-ba77-909e607330d8,3,8CnCaM,2020-11-12,2020,11,Thursday,2,7.0,32ad9ccc-601f-45a6-bfaf-47ca2008fd7f
29f38354-e334-4c98-9ddf-ed6a0c567f14,3,IWoDZ7,2020-11-12,2020,11,Thursday,2,7.0,
e46432b6-df22-4fa2-89fe-13ea696e85d0,3,9FFwEf,2020-11-12,2020,11,Thursday,3,10.5,
49478ec6-11fb-4ec6-842b-3bd35384d443,3,g0RPTY,2020-11-12,2020,11,Thursday,3,10.5,aa1a664c-d8cc-4ebf-9a54-9aa43ee73e21
87fc9e72-ef36-461b-89eb-7d09f7a6726d,3,YnyFQq,2020-11-12,2020,11,Thursday,1,3.5,dafd8819-1bf8-40d0-b829-149ab59dea42
a6f1615b-6d28-45e7-8db5-a76225aeb8d7,3,XkiZ9D,2020-11-12,2020,11,Thursday,2,7.0,
7b3fb791-88c0-49cf-a388-a4f58e9dc7e5,3,V9hDyY,2020-11-12,2020,11,Thursday,2,7.0,
1b420473-3e7f-4db6-a190-6f670e84712c,3,RZZSxq,2020-11-12,2020,11,Thursday,3,10.5,b0eb35f7-0be6-441b-bc00-8a668dc64666
645eeff1-df5b-4e83-b11c-ee44da1b8f83,3,J4fMRf,2020-11-12,2020,11,Thursday,3,10.5,
993cee3c-8975-4b2e-9bd0-b6f5caaf0cac,3,J4fMRf,2020-11-12,2020,11,Thursday,3,10.5,
04aeb4b7-65d9-4864-b60b-964a3bb4e851,3,HHY1ds,2020-11-12,2020,11,Thursday,2,7.0,
cb871f04-2839-41dc-a70d-74dadc123623,3,Xd4sZA,2020-11-12,2020,11,Thursday,2,7.0,
912af393-07c3-4dc1-9100-f17a5ff4c068,3,K8gkI8,2020-11-12,2020,11,Thursday,2,7.0,
1d9e53c5-893d-418b-8c18-7af7e80e4db2,3,9FFwEf,2020-11-12,2020,11,Thursday,2,7.0,
1e55b5e2-2b90-4e02-8f04-ebbe3dbc05fd,3,XkiZ9D,2020-11-13,2020,11,Friday,2,7.0,
d1320d56-dfd1-4579-a03a-49319eb42dfd,3,YnyFQq,2020-11-13,2020,11,Friday,2,7.0,
02c34d8b-da07-439c-aea2-d1ed85a98568,3,RZZSxq,2020-11-13,2020,11,Friday,2,7.0,
de02c8e5-5e0b-4f46-8aec-0dac267d21fc,3,XkiZ9D,2020-11-13,2020,11,Friday,1,3.5,
8233a093-dbc1-45a9-af20-fdea71f66467,3,9FFwEf,2020-11-13,2020,11,Friday,2,7.0,
a4ca7ce9-e91c-4033-89e9-dea8672dbc56,3,fvBBXY,2020-11-13,2020,11,Friday,1,3.5,
23e5b0a0-9cda-4e12-9b64-db4d53eda46d,3,AcIRu7,2020-11-13,2020,11,Friday,3,10.5,e760c2d0-2a0d-401f-b3e0-6dff7eb78a11
be1027cf-4218-46db-89e6-28117a4a720b,3,AcIRu7,2020-11-13,2020,11,Friday,1,3.5,
c8acc62d-f074-41b4-8143-5438a89c7730,3,TwErrn,2020-11-13,2020,11,Friday,2,7.0,33c44abb-b522-4163-8a0e-352dff24cd18
8ed590a9-a483-40a2-9535-05937751743c,3,8CnCaM,2020-11-13,2020,11,Friday,2,7.0,
d4ee0352-b18b-4b60-a4d1-2976889dedaf,3,1X3p2H,2020-11-13,2020,11,Friday,2,7.0,
dea36eca-bfb4-47d6-b010-f0cc234170a9,3,LRN0uO,2020-11-13,2020,11,Friday,3,10.5,aeee026c-d517-474a-9d71-31b4cb8612b2
b26caeed-40b8-4146-b87a-224f24fda499,3,J4fMRf,2020-11-13,2020,11,Friday,3,10.5,
24f68575-38f5-412b-8771-e4cff456ae70,3,fvBBXY,2020-11-13,2020,11,Friday,2,7.0,409f7f20-99a7-4661-b7b4-488c27e01fb3
d0f28fbf-a49b-4083-9cec-21bdd63747e6,3,HHY1ds,2020-11-13,2020,11,Friday,2,7.0,b838de81-e5d5-4653-a383-8d64b9a8914e
c875d8cb-7079-4f86-a359-636f22292b20,3,QIb1Te,2020-11-13,2020,11,Friday,2,7.0,
886dc323-616f-4bcd-bab7-0cf472114231,3,IWoDZ7,2020-11-13,2020,11,Friday,2,7.0,
1b322267-e18e-4f76-89eb-10ad78b5369c,3,1X3p2H,2020-11-13,2020,11,Friday,1,3.5,2054d4a3-3b6d-4f49-9ad6-ecd01395a00b
c01317b2-74e7-4a42-85b3-bd6f9adcde2b,3,pCjr1R,2020-11-13,2020,11,Friday,2,7.0,
a4ac13e5-6b8a-4c58-a65e-1d0281860b3e,3,QIb1Te,2020-11-13,2020,11,Friday,2,7.0,
4acc6c09-9bd7-424f-b84d-d7b69b5adc45,3,K8gkI8,2020-11-13,2020,11,Friday,2,7.0,4a6e53fc-c312-4986-81b1-f2e2fc3a5097
40ebb32a-a99c-45f7-bb72-85708c24bdf9,3,XkiZ9D,2020-11-13,2020,11,Friday,2,7.0,9db5830f-36bd-4450-87bd-c754796a909e
4689ecef-2436-4b84-9b17-68828f40af9a,3,HHY1ds,2020-11-13,2020,11,Friday,3,10.5,
1c629045-0ec6-4d6c-b110-47020f317f81,3,LRN0uO,2020-11-13,2020,11,Friday,2,7.0,
1a8802d6-963b-4fac-9c0e-7507dc9dc014,3,1X3p2H,2020-11-13,2020,11,Friday,3,10.5,
92d2507c-dc81-49a1-8440-f975ca93c04c,3,AcIRu7,2020-11-13,2020,11,Friday,1,3.5,048e9595-17a8-41fc-80a6-06ca24ad196e
bd30ab53-6e0a-49af-b5ea-5625197c177e,3,HHY1ds,2020-11-13,2020,11,Friday,2,7.0,
01befacf-0546-4ad3-bd43-374171fa1bb0,3,J4fMRf,2020-11-13,2020,11,Friday,1,3.5,7a29d454-7d73-483d-b618-c90c049cf73e
01eaacee-e0a1-4597-a30b-a793f89d4ca3,3,8CnCaM,2020-11-13,2020,11,Friday,1,3.5,2115c4c9-6cbe-4fca-8af6-1e913cc00ffc
87f07dda-1527-4d82-b261-389e4b1308fb,3,Xd4sZA,2020-11-13,2020,11,Friday,3,10.5,e93486f6-eb6e-4dcf-925f-1195070a4bdd
0858533a-ffa5-45c3-be92-9ab5530e4e8d,3,IWoDZ7,2020-11-13,2020,11,Friday,3,10.5,
26819a53-4b5d-4d93-8dc9-2509272bb3f0,3,9FFwEf,2020-11-13,2020,11,Friday,2,7.0,6060bba8-1922-4bc8-a91b-6f8cd6497c90
0b1ae4c1-2122-42fa-8f17-2fd1dcf94a13,3,Xd4sZA,2020-11-13,2020,11,Friday,2,7.0,4d5134d1-2f06-4d63-8263-eec292d23312
262cfafb-82d5-463d-8222-cfda87480bad,3,pCjr1R,2020-11-13,2020,11,Friday,2,7.0,
c324ebff-cfeb-4527-85be-497d1602c122,3,Xd4sZA,2020-11-13,2020,11,Friday,2,7.0,13dc425e-563d-4852-b2b7-2a09b94c7040
4778685b-13f1-4d17-bb62-9128a10e5403,3,fvBBXY,2020-11-13,2020,11,Friday,3,10.5,9c245285-3f6b-4b78-aed4-d683cd42d0a7
c77d21be-05d9-4476-9fba-102e111a6362,3,LRN0uO,2020-11-13,2020,11,Friday,3,10.5,
f3a3846c-7390-4333-8c47-c164ca6ddf79,3,XkiZ9D,2020-11-13,2020,11,Friday,3,10.5,
0b09d0f9-037b-4232-8f2e-be4c31f8a835,3,V9hDyY,2020-11-13,2020,11,Friday,2,7.0,511ed47d-4be3-4a52-b7e5-49c7703a7006
a80ea6f4-0ff4-4dc2-8af3-fac225bc412c,3,XkiZ9D,2020-11-13,2020,11,Friday,3,10.5,
1b32307b-e41e-455f-9e61-6a67ad9cb525,3,YnyFQq,2020-11-13,2020,11,Friday,2,7.0,
98cef05e-478c-40e1-9a66-20d0cc60bff7,3,QIb1Te,2020-11-13,2020,11,Friday,2,7.0,
b949dbb4-5ce8-41bf-b256-5c37c06fe948,3,g0RPTY,2020-11-13,2020,11,Friday,2,7.0,
b750d090-75cb-441e-8b95-8578aa584937,3,HHY1ds,2020-11-13,2020,11,Friday,1,3.5,
a798dcc2-ba43-4d80-a76e-e90d6c06d2fe,3,fvBBXY,2020-11-13,2020,11,Friday,3,10.5,
d886ceff-9541-4846-9be6-e51c5925a6f8,3,AcIRu7,2020-11-13,2020,11,Friday,2,7.0,f458a543-dfd7-404c-a8c1-6c63aea441da
5061160f-8939-40e2-8cb7-18f0198a2484,3,TwErrn,2020-11-13,2020,11,Friday,2,7.0,
43cf8d3e-2ba6-48b1-a08f-7c6cf363190f,3,V9hDyY,2020-11-13,2020,11,Friday,2,7.0,
ddfd39ea-419d-4ca0-9276-f081938bfc4e,3,HHY1ds,2020-11-13,2020,11,Friday,2,7.0,
27365e55-2f43-4b22-a1ec-b048840ceb0f,3,HHY1ds,2020-11-13,2020,11,Friday,1,3.5,
c54c4e0d-a8d4-4ce0-ae18-21c956f05181,3,HHY1ds,2020-11-13,2020,11,Friday,2,7.0,
97728f56-6e0f-4077-b929-143983cc7d50,3,Xd4sZA,2020-11-13,2020,11,Friday,2,7.0,
c27d2c88-276c-4c35-ad25-7de6559f6960,3,AcIRu7,2020-11-13,2020,11,Friday,3,10.5,
bc9eb53b-e523-4c31-8636-a04ccdc52cb3,3,QIb1Te,2020-11-13,2020,11,Friday,3,10.5,
62e00f4f-6534-4cb3-bf86-f7b7e704aede,3,IWoDZ7,2020-11-13,2020,11,Friday,1,3.5,
2824b2e8-1a78-4779-8eaa-fa101fae3685,3,QIb1Te,2020-11-13,2020,11,Friday,2,7.0,
b980283c-408e-43a1-920b-2006d50f36cc,3,HHY1ds,2020-11-13,2020,11,Friday,2,7.0,
c5a67f95-bb16-4744-95f6-2e69d70e47e1,3,YnyFQq,2020-11-13,2020,11,Friday,2,7.0,bb0cf9e0-c317-4001-b76e-47d525b74100
7bfc1a04-c3c3-418a-843b-efc72687fb3a,3,AcIRu7,2020-11-13,2020,11,Friday,3,10.5,
f4cfe96d-40dc-4d36-a9f0-2c034d3be17c,3,XkiZ9D,2020-11-13,2020,11,Friday,1,3.5,
bb554afc-a8b8-4ed7-aec5-9f172a512016,3,HHY1ds,2020-11-13,2020,11,Friday,1,3.5,b48b2c62-403d-472d-85e6-217bff89d1ee
9bccf86d-330f-4a1f-b5eb-f7911521963d,3,TwErrn,2020-11-13,2020,11,Friday,1,3.5,9c245285-3f6b-4b78-aed4-d683cd42d0a7
d5a86ad0-c6ae-4fb4-846c-887e56755a00,3,iYvFyn,2020-11-13,2020,11,Friday,1,3.5,
252f2a55-e901-469d-9fc6-61d2f75206f4,3,LRN0uO,2020-11-13,2020,11,Friday,2,7.0,
ac585c04-5753-4cb7-84c6-06ecfc9ae207,3,Xd4sZA,2020-11-13,2020,11,Friday,1,3.5,bd1a9f56-31b7-47e8-91bc-f14430b9a604
b073f920-de09-43cb-a4a0-068a6185b9c7,3,LRN0uO,2020-11-13,2020,11,Friday,2,7.0,
274443c1-e290-4fd8-9e85-b36ccad6cbc7,3,9FFwEf,2020-11-13,2020,11,Friday,2,7.0,
5d9aa81a-c832-4429-aba1-815da7cc4da4,3,pCjr1R,2020-11-13,2020,11,Friday,2,7.0,
35f087b4-70be-4d54-907b-0e8ce8873c46,3,Xd4sZA,2020-11-13,2020,11,Friday,3,10.5,
b93b3f19-3a2e-44b2-97f3-9eefe2701735,3,K8gkI8,2020-11-13,2020,11,Friday,3,10.5,
f9d88c4d-7344-4e30-a843-ccc97d7a4e35,3,pCjr1R,2020-11-13,2020,11,Friday,2,7.0,
4103c3f5-787c-46bc-aa8d-6f73524d3fc7,3,AcIRu7,2020-11-13,2020,11,Friday,1,3.5,
fbe92f19-e425-4439-9579-b52ce886cea0,3,fvBBXY,2020-11-13,2020,11,Friday,2,7.0,
6ce2a42c-a816-4d69-b30e-de205438da11,3,QIb1Te,2020-11-13,2020,11,Friday,2,7.0,
d789f8fa-012a-43c1-83ff-6b04eb1eeea3,3,9FFwEf,2020-11-13,2020,11,Friday,2,7.0,
3ea74332-e4a7-458e-9916-0a860891d1cb,3,K8gkI8,2020-11-13,2020,11,Friday,3,10.5,
cd9c8aa0-c0fd-44f7-badc-ae9094e1030a,3,IWoDZ7,2020-11-13,2020,11,Friday,3,10.5,
bc2cef2c-c560-4a05-b170-deac6253d41e,3,YnyFQq,2020-11-13,2020,11,Friday,3,10.5,
84b0e74a-8f53-449a-b777-ad1050b81a49,3,V9hDyY,2020-11-13,2020,11,Friday,2,7.0,
746f1352-f515-4969-8dec-64d49f70a339,3,HHY1ds,2020-11-13,2020,11,Friday,2,7.0,
50381fb0-6d2a-4b0c-82f8-5f5192605466,3,HHY1ds,2020-11-13,2020,11,Friday,1,3.5,68b6c205-1a23-49fa-a960-d1df67800f0a
b54f2af9-4cce-4f9e-8fde-506cabe5a06e,3,AcIRu7,2020-11-13,2020,11,Friday,1,3.5,634e2552-3187-4b58-8792-7b15fd08393e
d51f9703-9343-4545-b797-f68cbc787436,3,1X3p2H,2020-11-13,2020,11,Friday,1,3.5,
5744772c-43f9-493d-85be-ba6a2be5adfb,3,LRN0uO,2020-11-13,2020,11,Friday,2,7.0,
583d6f44-7212-49b0-aec6-5443a15b75b2,3,J4fMRf,2020-11-13,2020,11,Friday,2,7.0,097df1c8-9bca-4004-aeb6-cff30894909e
fd8d0d6a-38d8-4bfe-a495-28e3922ceba9,3,K8gkI8,2020-11-13,2020,11,Friday,2,7.0,
13948f00-2bd5-496e-a9c7-e85ed0b0d16f,3,LRN0uO,2020-11-13,2020,11,Friday,3,10.5,
ea5ea7ac-e9f0-4ff6-9338-07313399639c,3,YnyFQq,2020-11-13,2020,11,Friday,2,7.0,
31f3d438-8f48-46d9-8e4d-13393033913a,3,V9hDyY,2020-11-13,2020,11,Friday,1,3.5,7a359c55-7a89-45e1-b8c2-0bd5e3d7e997
cdca9021-dd5c-4dcf-8c6b-853df1043da8,3,8CnCaM,2020-11-13,2020,11,Friday,3,10.5,
faf94573-3dd0-49bd-be01-510ebbe901f0,3,fvBBXY,2020-11-13,2020,11,Friday,2,7.0,
456a4c9e-8793-4100-a494-5d3d28138836,3,K8gkI8,2020-11-13,2020,11,Friday,3,10.5,
5fa33aa8-d1da-4ce4-a1d7-de2734fb4a02,3,IWoDZ7,2020-11-13,2020,11,Friday,3,10.5,
a84b85f4-f8fb-45c3-bac4-aeb1ca422d45,3,J4fMRf,2020-11-13,2020,11,Friday,2,7.0,05bc364f-9163-4cce-8290-fbe64ea56e5b
4c17d098-4ffc-4457-a33d-19281af41d30,3,K8gkI8,2020-11-13,2020,11,Friday,2,7.0,
bd8bcf01-cf90-4786-8b0f-a8ec19a3e8d9,3,HHY1ds,2020-11-13,2020,11,Friday,2,7.0,
d819b982-544c-45ed-8e59-57da0ac84e78,3,Xd4sZA,2020-11-13,2020,11,Friday,3,10.5,d5fe0da4-50b9-4d2b-a7b2-124ea8ef1dd0
baba260c-a9c8-478a-8aab-48b7e74774c9,3,AcIRu7,2020-11-13,2020,11,Friday,1,3.5,3844157a-114c-4cbc-968a-7c30f702f9a7
8a41ea9b-e22b-4582-8187-ae6c005d4da9,3,K8gkI8,2020-11-13,2020,11,Friday,2,7.0,
92e83862-1919-4c09-bfd5-30f4661a2935,3,HHY1ds,2020-11-13,2020,11,Friday,3,10.5,
52321ff4-e8ff-4a83-91d8-aafe27b70092,3,iYvFyn,2020-11-13,2020,11,Friday,2,7.0,b0dffef8-7809-410f-b710-1931a00176b4
2009ab24-802f-4809-99dd-09064f52e7dc,3,QIb1Te,2020-11-13,2020,11,Friday,1,3.5,a7d3ba2d-8581-4fa8-ad9f-c36ccfb7f52d
67ee388b-49f7-4b74-ba1e-fe10e61d2b55,3,AcIRu7,2020-11-13,2020,11,Friday,2,7.0,
4d2f28b5-c9fb-4151-91e2-0001daf307e3,3,XkiZ9D,2020-11-13,2020,11,Friday,3,10.5,
fe3191da-cc56-4bef-8470-ec70e859142c,3,Xd4sZA,2020-11-14,2020,11,Saturday,2,7.0,
4d967b12-eac9-4a19-bbaf-cec5f88dbed2,3,HHY1ds,2020-11-14,2020,11,Saturday,2,7.0,
ef7d8f64-afc5-4eb1-930c-dbc466d36102,3,8CnCaM,2020-11-14,2020,11,Saturday,2,7.0,
a64a3388-3ae8-4ec3-8ade-d7e79f8fb0ca,3,fvBBXY,2020-11-14,2020,11,Saturday,2,7.0,
e6ccba2d-bafe-4cba-8bb2-65cedee15f7b,3,IWoDZ7,2020-11-14,2020,11,Saturday,2,7.0,
bf865690-0787-4cc0-93cc-ecdde910a282,3,J4fMRf,2020-11-14,2020,11,Saturday,2,7.0,
fdaa1116-b091-4070-9af0-979ac28b79e6,3,AcIRu7,2020-11-14,2020,11,Saturday,2,7.0,
eda773b5-0074-4a14-bcdd-9f6e19a92645,3,IWoDZ7,2020-11-14,2020,11,Saturday,1,3.5,
42dce511-190f-46c7-9a92-13b71b0654bb,3,YnyFQq,2020-11-14,2020,11,Saturday,2,7.0,
37ec0027-2d46-41c4-bae8-82b12b6aff3f,3,HHY1ds,2020-11-14,2020,11,Saturday,2,7.0,
93f61b64-0353-4576-a5fe-1bfe03b093f0,3,J4fMRf,2020-11-14,2020,11,Saturday,2,7.0,73940d89-deb0-4758-98ef-8e8f593c620e
16051433-933c-4674-9945-36909a83cf1c,3,XkiZ9D,2020-11-14,2020,11,Saturday,3,10.5,
9f34c5b5-3d6b-462e-be72-bebeb4125050,3,g0RPTY,2020-11-14,2020,11,Saturday,1,3.5,0bd42dab-c673-41a0-96b2-d12f5dc93e56
b48f3ad2-5a23-4d91-9ebc-da7086c68132,3,Xd4sZA,2020-11-14,2020,11,Saturday,2,7.0,4aefd4c5-e273-47fa-aeeb-0feb7c28c166
04e6cf0c-b273-4600-8f41-fc73115c8fd1,3,Xd4sZA,2020-11-14,2020,11,Saturday,2,7.0,
040be4ba-587a-4c93-a3f9-b3d0cae4d2dd,3,RZZSxq,2020-11-14,2020,11,Saturday,2,7.0,
d11488d6-3ae3-499c-9c5e-8b5a5e53638c,3,IWoDZ7,2020-11-14,2020,11,Saturday,3,10.5,
57ee9d89-eef1-43a8-821b-2701d3c76dd5,3,g0RPTY,2020-11-14,2020,11,Saturday,1,3.5,
c2d13e4d-5913-4f57-8266-7787629ef1ac,3,J4fMRf,2020-11-14,2020,11,Saturday,3,10.5,97ecb963-546c-486e-b147-cef5cf3f8031
7e835f0e-c535-4378-9d66-8b729d932ae0,3,g0RPTY,2020-11-14,2020,11,Saturday,2,7.0,
13896a2f-01f9-4f72-a633-935da8774adf,3,TwErrn,2020-11-14,2020,11,Saturday,3,10.5,
5eeb3d6b-a4f3-455a-a9f7-3992368fdb3c,3,8CnCaM,2020-11-14,2020,11,Saturday,1,3.5,5fa7bb53-d703-44d7-90ab-8b51f348afe7
817e1f38-6b30-4b6e-ac44-35ceae4d9e73,3,TwErrn,2020-11-14,2020,11,Saturday,1,3.5,9ec00839-ed08-4b36-96f4-beca5bf0ab6f
fd3b2f00-ae12-46e2-8d7f-49520eeb5cf2,3,1X3p2H,2020-11-14,2020,11,Saturday,1,3.5,c1166789-397b-48e4-8c61-0a2a242d6286
84cd7add-02b4-434b-b90f-1d071504124e,3,YnyFQq,2020-11-14,2020,11,Saturday,2,7.0,
797e5fbf-fcd3-4cce-a0f8-048096ccd408,3,LRN0uO,2020-11-14,2020,11,Saturday,1,3.5,
bc048157-b383-4d7a-9f15-7fcca164953b,3,K8gkI8,2020-11-14,2020,11,Saturday,3,10.5,
8d648533-b6f6-4ca8-a496-a6831d1a84ff,3,Xd4sZA,2020-11-14,2020,11,Saturday,2,7.0,
68456534-257b-4071-81d4-babed7e4484a,3,iYvFyn,2020-11-14,2020,11,Saturday,2,7.0,
707f5a75-7646-4ea2-b0eb-713278af6844,3,pCjr1R,2020-11-14,2020,11,Saturday,2,7.0,3eeb1de9-6349-4569-8650-c9af73bf1f8e
e7d5daa2-3502-4e8b-ad78-a97fd32a915f,3,J4fMRf,2020-11-14,2020,11,Saturday,2,7.0,
da71e59d-3cb7-4b03-b6f0-bd52be113e4c,3,pCjr1R,2020-11-14,2020,11,Saturday,1,3.5,
75f1dded-9073-4e4a-9bd4-e713e93a0f42,3,XkiZ9D,2020-11-14,2020,11,Saturday,2,7.0,
20a0ebd4-2ba4-41ab-bf78-b83f5c6abf25,3,8CnCaM,2020-11-14,2020,11,Saturday,3,10.5,
fcb6b277-2ced-4244-8272-27bd3ebddc24,3,K8gkI8,2020-11-14,2020,11,Saturday,3,10.5,
8568c3cd-f60f-4ab8-a347-5f7cc349e62e,3,IWoDZ7,2020-11-14,2020,11,Saturday,1,3.5,
08608f1a-436c-460c-9cdb-2783fe317353,3,J4fMRf,2020-11-14,2020,11,Saturday,3,10.5,
98a44ea0-d8c8-47dd-92f9-c22a74401c90,3,1X3p2H,2020-11-14,2020,11,Saturday,2,7.0,
5cd94772-1829-48d6-8a66-dc444af7e80c,3,Xd4sZA,2020-11-14,2020,11,Saturday,2,7.0,
182ab9e6-26f6-443b-8e34-fac33dafe9df,3,RZZSxq,2020-11-14,2020,11,Saturday,3,10.5,
8361b87e-c33b-4ecd-8a62-f084d81c52ba,3,fvBBXY,2020-11-14,2020,11,Saturday,2,7.0,
0a6848e4-6959-400b-a30f-9fe2eec5d61c,3,AcIRu7,2020-11-14,2020,11,Saturday,2,7.0,
f72d607a-b2f6-4c96-b490-e3cad5be5233,3,V9hDyY,2020-11-14,2020,11,Saturday,2,7.0,
d638d9cb-a30d-44c1-a294-d83e933c9ed7,3,9FFwEf,2020-11-14,2020,11,Saturday,1,3.5,
837043ca-639a-4f9a-8e6e-3c35c1f5c7d9,3,HHY1ds,2020-11-14,2020,11,Saturday,1,3.5,413f2c9c-eeaf-4c9e-9170-1ac1510f49af
d462db67-29e0-43a0-9225-d7e6c0dd47b6,3,AcIRu7,2020-11-14,2020,11,Saturday,2,7.0,
67599d35-ede2-4046-a756-11cccc4d35e2,3,YnyFQq,2020-11-14,2020,11,Saturday,2,7.0,
6500a11c-dd48-4114-9b85-8e5f1677a2a0,3,1X3p2H,2020-11-14,2020,11,Saturday,2,7.0,
75b31332-def1-47eb-a7f5-44993cc9ce13,3,1X3p2H,2020-11-14,2020,11,Saturday,1,3.5,
3ac890f6-7dad-474a-90f5-580886887259,3,9FFwEf,2020-11-14,2020,11,Saturday,2,7.0,
5dc180d6-0c5b-449a-9e66-af5359e58355,3,XkiZ9D,2020-11-14,2020,11,Saturday,1,3.5,
e01e767f-b58b-4caa-a051-f613d50c5c43,3,8CnCaM,2020-11-14,2020,11,Saturday,2,7.0,
afae9b22-15f5-4433-b978-81b23775a6a2,3,fvBBXY,2020-11-14,2020,11,Saturday,3,10.5,
ad546bf9-297b-4dc8-881c-b130b0c80b8d,3,XkiZ9D,2020-11-14,2020,11,Saturday,2,7.0,
2e767acc-13cf-45c2-957e-57fa40e6e7e1,3,YnyFQq,2020-11-14,2020,11,Saturday,2,7.0,
2a9693ca-7cf6-4728-9cb1-34c03859664d,3,pCjr1R,2020-11-14,2020,11,Saturday,3,10.5,
947040c4-f24a-4013-9dbb-112d7b095dd0,3,YnyFQq,2020-11-14,2020,11,Saturday,2,7.0,
b139365a-e5cd-44e8-a340-824ac513fb0a,3,IWoDZ7,2020-11-14,2020,11,Saturday,2,7.0,
117c4f18-5085-4b75-a8c9-77a3d77467d1,3,AcIRu7,2020-11-14,2020,11,Saturday,2,7.0,
3f15af71-6250-45e6-8e58-003afe337efd,3,YnyFQq,2020-11-14,2020,11,Saturday,1,3.5,
e244441c-33b8-41d5-a7d5-135718db9575,3,AcIRu7,2020-11-14,2020,11,Saturday,1,3.5,
f74f566e-a4fb-41a3-ab4a-0d78f159db67,3,IWoDZ7,2020-11-14,2020,11,Saturday,1,3.5,
a7a5bf74-3803-4e92-9fb8-2bc94578e5a3,3,RZZSxq,2020-11-14,2020,11,Saturday,2,7.0,
0294e4fb-1fb8-47b3-8fb2-3cf2d8d22b46,3,iYvFyn,2020-11-14,2020,11,Saturday,2,7.0,92379d33-a068-4ba0-abb3-0b3a46925bcc
11e74f3a-32f1-4523-b079-c0b732ffaa30,3,iYvFyn,2020-11-14,2020,11,Saturday,2,7.0,
65a704e9-5e02-4854-ac22-f644e0777afa,3,8CnCaM,2020-11-14,2020,11,Saturday,2,7.0,
d5d3015e-8077-4292-909c-f4e7bf867f71,3,XkiZ9D,2020-11-14,2020,11,Saturday,3,10.5,
004629ec-0be4-4958-ab84-a047541011e5,3,g0RPTY,2020-11-14,2020,11,Saturday,2,7.0,
d31a8a06-728e-4284-bf22-efb12c2de01c,3,8CnCaM,2020-11-14,2020,11,Saturday,2,7.0,
6547fa5b-155c-4c93-9753-32387e1bba0d,3,8CnCaM,2020-11-14,2020,11,Saturday,2,7.0,
0311c5b9-fa9e-437c-a30b-4ffa19fb3e0e,3,9FFwEf,2020-11-14,2020,11,Saturday,2,7.0,4ee6b65e-1a08-4a35-816b-6a81194fe810
52fe9314-2772-49f5-9d74-b441d652b1cd,3,V9hDyY,2020-11-14,2020,11,Saturday,2,7.0,2e86f145-3869-4d87-856c-57875336938c
5887fb94-c877-41b8-8c52-665e84771f4f,3,K8gkI8,2020-11-14,2020,11,Saturday,2,7.0,
afd704a7-76d0-40fb-a941-1de1e8ed1506,3,9FFwEf,2020-11-14,2020,11,Saturday,3,10.5,
fb7e0c75-1672-4ab5-8308-f2827ee3912b,3,RZZSxq,2020-11-14,2020,11,Saturday,3,10.5,
b822e71f-fbb0-47ff-962c-adfa71ad5c5e,3,IWoDZ7,2020-11-14,2020,11,Saturday,3,10.5,
e30190a1-fa7c-4e7c-af5c-56038b1bddfd,3,IWoDZ7,2020-11-14,2020,11,Saturday,3,10.5,
2caa5489-febb-44d6-a601-089aab2c010f,3,TwErrn,2020-11-14,2020,11,Saturday,2,7.0,
e65f42b4-d9fa-46f5-9d40-e7bdb04b143e,3,RZZSxq,2020-11-14,2020,11,Saturday,2,7.0,
bbd60f59-1a95-4bff-baa8-b4a791654bfd,3,HHY1ds,2020-11-14,2020,11,Saturday,3,10.5,
9cb2a7d6-9351-480d-9c3a-5fc497cae492,3,XkiZ9D,2020-11-14,2020,11,Saturday,1,3.5,07326e55-8820-4c75-9a7e-9a782bf59a7c
9d5bbd58-3b60-423e-9aff-b7a5476b4b5e,3,IWoDZ7,2020-11-14,2020,11,Saturday,3,10.5,
a2ee8cbe-8910-4d19-8ec0-24acf43b4fe6,3,TwErrn,2020-11-14,2020,11,Saturday,2,7.0,
018bc7b6-c219-4ece-b545-4948971f46d1,3,fvBBXY,2020-11-14,2020,11,Saturday,2,7.0,
99e4a14e-0118-4b62-9f9f-1d68d5188ce3,3,1X3p2H,2020-11-14,2020,11,Saturday,1,3.5,c54f15f6-db04-45ff-9de4-f060a1231ccf
35165bfc-c07d-4b61-9085-5d38e2cae0ec,3,HHY1ds,2020-11-14,2020,11,Saturday,2,7.0,
a81bac01-ccff-42a2-96a6-9aa5a35dc1e7,3,HHY1ds,2020-11-14,2020,11,Saturday,3,10.5,cfc813e7-80a1-41bf-8ef0-3587c731fdc7
cdec5ffc-2cc9-4471-96a1-6f6c544b9645,3,iYvFyn,2020-11-14,2020,11,Saturday,2,7.0,
f9b2458c-6ebe-4ef1-97cd-6147ae581352,3,LRN0uO,2020-11-14,2020,11,Saturday,3,10.5,048e9595-17a8-41fc-80a6-06ca24ad196e
98bb32da-87da-4e4b-8335-8217eb3baf40,3,AcIRu7,2020-11-14,2020,11,Saturday,2,7.0,
51bf0fdd-baae-49a3-a19c-b3c30ccaa8e3,3,XkiZ9D,2020-11-14,2020,11,Saturday,1,3.5,c9df808c-b9d7-4435-85c7-3e37d8b5016f
5f49ea66-d76d-4b17-a83b-b2b2977457a2,3,J4fMRf,2020-11-14,2020,11,Saturday,1,3.5,30006795-823b-43d8-8e9e-38dd92091162
0ccae41e-6211-4e51-9c2c-c36ddac81867,3,XkiZ9D,2020-11-14,2020,11,Saturday,2,7.0,
46eef79c-d21f-4818-a5e2-8d5ba12ca014,3,K8gkI8,2020-11-14,2020,11,Saturday,1,3.5,
ca22b6af-52e1-4059-a7e0-fcb82b280933,3,LRN0uO,2020-11-14,2020,11,Saturday,2,7.0,
a2b4bf59-96e0-4354-b8e3-fab0fd192684,3,8CnCaM,2020-11-14,2020,11,Saturday,2,7.0,7ff5b5dd-26fb-4f36-b734-caf92b4657fc
be5a1369-1371-4b11-bac6-9b382142abaf,3,IWoDZ7,2020-11-14,2020,11,Saturday,3,10.5,
1deb67dc-24a5-4828-bf46-5b807d1c136e,3,AcIRu7,2020-11-14,2020,11,Saturday,3,10.5,
5db186a0-24aa-48ee-8b96-9aa9764c0286,3,pCjr1R,2020-11-14,2020,11,Saturday,3,10.5,
6de09c3d-7c23-443c-bdb6-07aaeea92fb9,3,g0RPTY,2020-11-14,2020,11,Saturday,2,7.0,
d8b26f84-7132-420a-b863-faf54ec96825,3,1X3p2H,2020-11-14,2020,11,Saturday,3,10.5,78cf43f3-f011-47ec-bf94-29999cdbd4d7
dff20803-afcc-4fcf-bac7-e421d21d6f6e,3,IWoDZ7,2020-11-14,2020,11,Saturday,3,10.5,47d56ab4-ce6a-42a5-a36a-27f80ce31957
9abb3af1-b5d7-4c02-97ba-a6ecc1eaa05d,3,YnyFQq,2020-11-14,2020,11,Saturday,2,7.0,
683e0d0b-d56c-4467-8e92-9722dff53bda,3,XkiZ9D,2020-11-14,2020,11,Saturday,1,3.5,
4b6019fd-e50d-49db-92d5-9ab24f2fceea,3,Xd4sZA,2020-11-14,2020,11,Saturday,3,10.5,5df12d06-bb99-4df9-93bf-f627c9b36881
959a49f3-b2ea-4614-967f-5a58c5e78192,3,LRN0uO,2020-11-15,2020,11,Sunday,1,3.5,
892a9212-e418-412f-b913-967e9de898a2,3,RZZSxq,2020-11-15,2020,11,Sunday,3,10.5,
988cbaaa-4e86-4807-9341-f3ff863d19b3,3,pCjr1R,2020-11-15,2020,11,Sunday,2,7.0,d288b0c7-040d-49dd-816e-2d8d1cca429a
c8cb63a1-b027-4846-bb12-e446abdd948a,3,8CnCaM,2020-11-15,2020,11,Sunday,1,3.5,
f0f80d6e-5ee1-4091-af1c-953943fac998,3,XkiZ9D,2020-11-15,2020,11,Sunday,3,10.5,
bd641633-265d-42fa-bb83-729494858963,3,V9hDyY,2020-11-15,2020,11,Sunday,1,3.5,
c82e1b74-bdcb-40e2-9f40-9c994d52bdd2,3,1X3p2H,2020-11-15,2020,11,Sunday,3,10.5,
3637ac78-c085-4cf3-bff9-c65502a3508d,3,IWoDZ7,2020-11-15,2020,11,Sunday,1,3.5,9a159fc2-25f6-4568-9170-6699d347fb53
83118dd4-1cf1-4fb7-be9d-9776f2897956,3,YnyFQq,2020-11-15,2020,11,Sunday,2,7.0,
a8473952-0f51-431c-aae4-8f98c8f39d80,3,HHY1ds,2020-11-15,2020,11,Sunday,2,7.0,600266ac-5e18-4251-adaf-a059ac09e940
e93f896c-d4be-4525-a5a3-fba32789378c,3,pCjr1R,2020-11-15,2020,11,Sunday,2,7.0,
44f77a13-cdfe-4d3d-b84a-3f554e190f4d,3,RZZSxq,2020-11-15,2020,11,Sunday,3,10.5,82a5c0bc-5576-46f9-bc3d-7db3d1cf6ee1
97e1f2ff-804d-4481-9d38-b187f76c08a7,3,YnyFQq,2020-11-15,2020,11,Sunday,2,7.0,
e658b50d-bea6-43c6-a929-70f690a372aa,3,Xd4sZA,2020-11-15,2020,11,Sunday,2,7.0,
0dc5e3b2-fb74-40d3-b3f9-e089ec8b3502,3,TwErrn,2020-11-15,2020,11,Sunday,2,7.0,
2fcef25e-2d4a-4c1c-8c3f-5a32eac01027,3,fvBBXY,2020-11-15,2020,11,Sunday,3,10.5,
4d9aab29-3843-4ee2-9424-1392839fc269,3,iYvFyn,2020-11-15,2020,11,Sunday,3,10.5,766aaadc-cc74-4a3c-8ce6-5ef3a26d4665
99457a63-afba-4c4e-942c-f2fa5fdc621c,3,K8gkI8,2020-11-15,2020,11,Sunday,3,10.5,5af7924b-0487-49bf-8e32-794bf77e9bb1
a4025252-5735-4b9f-94de-e1af3fa484e4,3,IWoDZ7,2020-11-15,2020,11,Sunday,1,3.5,e0182375-f127-46d4-b152-07ffa4839271
b2067fe7-0e98-457b-8fa8-dad9b94d1585,3,XkiZ9D,2020-11-15,2020,11,Sunday,3,10.5,
c9668b8f-503b-46d3-8a17-537af78fcadf,3,g0RPTY,2020-11-15,2020,11,Sunday,1,3.5,
6eb8d4aa-b3f6-4a60-bb0d-ae12f8269a8e,3,iYvFyn,2020-11-15,2020,11,Sunday,3,10.5,
fd8dcee7-9e36-4a16-9194-616c8a825990,3,V9hDyY,2020-11-15,2020,11,Sunday,2,7.0,
0bbe19cb-1db7-4d28-b902-37f8de050732,3,XkiZ9D,2020-11-15,2020,11,Sunday,2,7.0,
d34a4868-2730-4eee-bf07-68ea04ad0590,3,YnyFQq,2020-11-15,2020,11,Sunday,2,7.0,
637f241f-9124-4735-bc9e-585ac4a5efab,3,pCjr1R,2020-11-15,2020,11,Sunday,2,7.0,
c4d20561-9ad4-41d8-a9fc-b9a3b2a63193,3,TwErrn,2020-11-15,2020,11,Sunday,3,10.5,
b1a4dbcd-7914-4275-a030-e7a58021161b,3,pCjr1R,2020-11-15,2020,11,Sunday,2,7.0,
37427dfe-beb4-4e1c-8afd-b0bfbf358dd8,3,TwErrn,2020-11-15,2020,11,Sunday,3,10.5,
986414b0-8135-4e25-b756-1ed2b20b72b0,3,XkiZ9D,2020-11-15,2020,11,Sunday,1,3.5,
2a8cac5e-9b59-4acd-9c89-5fab1cabfaae,3,AcIRu7,2020-11-15,2020,11,Sunday,2,7.0,
3c0023c0-46ab-4d9c-8eb3-19a261cfd3e3,3,8CnCaM,2020-11-15,2020,11,Sunday,2,7.0,
295e2222-8845-41c7-ae94-6eeff1952017,3,g0RPTY,2020-11-15,2020,11,Sunday,2,7.0,
7096ec9e-1ad7-4b32-b5d7-63b2c6f4a698,3,g0RPTY,2020-11-15,2020,11,Sunday,2,7.0,
4fb6ee21-2c5b-478a-a290-6b89d2fffa3a,3,Xd4sZA,2020-11-15,2020,11,Sunday,2,7.0,
1a0ced41-5a10-4324-b077-4501df35cc0c,3,XkiZ9D,2020-11-15,2020,11,Sunday,3,10.5,
a6e155d0-31c8-4e17-8381-1adb51c0d9dc,3,RZZSxq,2020-11-15,2020,11,Sunday,3,10.5,
c3f43c21-c2b2-4bca-b030-6a744e80a2c6,3,1X3p2H,2020-11-15,2020,11,Sunday,2,7.0,
b0194c9d-f49d-48db-a758-6173afeb8a86,3,QIb1Te,2020-11-15,2020,11,Sunday,1,3.5,6bb8b6a7-9577-485d-bfc4-45a0b47945f4
f2147a40-d0fe-4449-853a-3dd7b692e978,3,J4fMRf,2020-11-15,2020,11,Sunday,3,10.5,aeee026c-d517-474a-9d71-31b4cb8612b2
dd48babe-c3ca-4590-9ee2-753440f29a37,3,HHY1ds,2020-11-15,2020,11,Sunday,3,10.5,ea149788-2f86-4bd9-8df8-8f1e65a5237b
7bdbfc77-507a-44d7-b455-452f26185eba,3,TwErrn,2020-11-15,2020,11,Sunday,1,3.5,
74bfe0aa-834a-45bb-9ec2-a3586b69a03a,3,pCjr1R,2020-11-15,2020,11,Sunday,3,10.5,
80b39680-698a-4bdf-9796-5552c3afa789,3,YnyFQq,2020-11-15,2020,11,Sunday,2,7.0,823a9443-ac0d-4efb-95e7-8bdce014738f
00f8b892-6780-4e63-9bf8-9bc5cc80184d,3,QIb1Te,2020-11-15,2020,11,Sunday,2,7.0,
2cecc727-7fb1-4599-9e86-8b5b3bae155f,3,K8gkI8,2020-11-15,2020,11,Sunday,2,7.0,025d4384-9f20-43d5-8681-556f60219635
9cd598a3-98c8-4cbe-993c-8dcf688fa71a,3,fvBBXY,2020-11-15,2020,11,Sunday,1,3.5,
3e4a1ccd-daa3-47d0-833c-312734b51d1c,3,YnyFQq,2020-11-15,2020,11,Sunday,1,3.5,5fa7bb53-d703-44d7-90ab-8b51f348afe7
2feb7913-e8c5-4e28-8357-4b1b1c405749,3,Xd4sZA,2020-11-15,2020,11,Sunday,1,3.5,93504b15-1e57-4092-864d-81bec49329e6
72e1979e-fedc-4a7a-b079-33264d89acc7,3,TwErrn,2020-11-15,2020,11,Sunday,2,7.0,
18675d73-2138-4dac-8aa2-406bb52c30ce,3,9FFwEf,2020-11-15,2020,11,Sunday,3,10.5,
82fe24c1-bfa4-4cca-9b53-b379bea14d1b,3,LRN0uO,2020-11-15,2020,11,Sunday,2,7.0,644b45e9-650a-45b4-8466-0021529cbb90
18961a73-0510-4e9a-8a1f-c43e2e69fdfc,3,iYvFyn,2020-11-15,2020,11,Sunday,3,10.5,
615e58ef-5993-4ec9-a40d-587a2c0de135,3,1X3p2H,2020-11-15,2020,11,Sunday,1,3.5,10b3ef9e-7e8f-48c9-a2ae-0b189993340e
df588832-cd5e-4166-bda2-dedcbd0acd39,3,AcIRu7,2020-11-15,2020,11,Sunday,2,7.0,
4544e37a-547e-4c51-8573-a57df9cc58be,3,1X3p2H,2020-11-15,2020,11,Sunday,1,3.5,
5012108d-525b-4651-a6b7-b0d4c8747da0,3,QIb1Te,2020-11-15,2020,11,Sunday,1,3.5,
f409eb44-9a8d-4122-8c4d-119e95f1b5fc,3,AcIRu7,2020-11-15,2020,11,Sunday,3,10.5,
97552fd2-1d2d-469d-ad1f-384494f1afa6,3,iYvFyn,2020-11-15,2020,11,Sunday,1,3.5,b355813f-831d-4f72-8408-4d42562c3e34
110c7fb7-3236-4c1f-baf1-85a2fcdfc57b,3,LRN0uO,2020-11-15,2020,11,Sunday,3,10.5,
4dcb7585-844c-4be5-94d2-8a051d819603,3,g0RPTY,2020-11-15,2020,11,Sunday,3,10.5,aa1a664c-d8cc-4ebf-9a54-9aa43ee73e21
d08d8856-1dfd-4089-84c6-9dcf90e0055f,3,9FFwEf,2020-11-15,2020,11,Sunday,1,3.5,
d493abfe-fb5d-46b3-8a66-37c289367ae7,3,g0RPTY,2020-11-15,2020,11,Sunday,2,7.0,
93664d0f-0d5e-44fb-9aea-391db2fa873d,3,V9hDyY,2020-11-15,2020,11,Sunday,2,7.0,
3d9f62c6-e807-4b64-a321-5691592504ed,3,9FFwEf,2020-11-15,2020,11,Sunday,1,3.5,a50448b4-f787-4d5a-b211-5bcc2e8566fc
a85da881-5510-4732-ac62-2fe4160f214b,3,AcIRu7,2020-11-15,2020,11,Sunday,3,10.5,
53d6c6c8-877b-46fb-a800-b35cf2489b37,3,fvBBXY,2020-11-15,2020,11,Sunday,2,7.0,c1cb0c6b-22eb-4a15-9665-76710970df1a
2316cb61-b725-4a3c-bb46-268ddc86d598,3,V9hDyY,2020-11-15,2020,11,Sunday,2,7.0,0b6ab923-0c50-458c-a04b-4cbaa4f1ae56
b930766c-0368-43c5-8a78-a580af4ffe3e,3,g0RPTY,2020-11-15,2020,11,Sunday,3,10.5,
15211b81-f852-4fba-ade8-25d76b1e3902,3,TwErrn,2020-11-15,2020,11,Sunday,2,7.0,dc1125e2-055b-4e66-8c5d-ac3f413f4479
f05eb133-02a2-4bc0-8c17-7a1d24ac1a06,3,J4fMRf,2020-11-15,2020,11,Sunday,3,10.5,
0737c510-8615-4439-892b-9de5cd03bd95,3,Xd4sZA,2020-11-15,2020,11,Sunday,3,10.5,9db5830f-36bd-4450-87bd-c754796a909e
f08430be-4214-4f2e-a2ee-5a3b3d571fc8,3,J4fMRf,2020-11-15,2020,11,Sunday,2,7.0,
47d0e08c-ab27-48ec-9834-8b5baa5069bc,3,g0RPTY,2020-11-15,2020,11,Sunday,2,7.0,
abd88e91-b5eb-4c36-ae27-4c37f0b5120f,3,QIb1Te,2020-11-15,2020,11,Sunday,3,10.5,
cbe03909-2a60-4e2a-9297-535c957ee7c4,3,9FFwEf,2020-11-15,2020,11,Sunday,2,7.0,5f412899-76c5-465a-89ed-e1b81c2efdd6
0b2b2bbc-aa11-48a2-b38b-de0087398af9,3,Xd4sZA,2020-11-15,2020,11,Sunday,1,3.5,1282a692-b60a-468c-9e92-bc6d71a056ed
14f8a7f2-74fa-459f-a92b-36f4635f67b6,3,1X3p2H,2020-11-15,2020,11,Sunday,3,10.5,a3e4cdb2-1805-4c03-9b19-ea53b131cf80
f630fa80-3478-445e-b763-38ebc06c2d9b,3,TwErrn,2020-11-15,2020,11,Sunday,3,10.5,
081fa91a-84a8-41ce-81cc-eb86487b2caf,3,Xd4sZA,2020-11-15,2020,11,Sunday,1,3.5,
9f5ca23e-0ebd-4e57-8c51-eb48133dd3a8,3,LRN0uO,2020-11-15,2020,11,Sunday,1,3.5,
e0aa72cb-242c-4404-9399-67a69fedfe40,3,LRN0uO,2020-11-15,2020,11,Sunday,3,10.5,
1d5ebea2-e863-4f80-88a2-cc8947c7090f,3,g0RPTY,2020-11-15,2020,11,Sunday,3,10.5,
b4cda5a3-fd63-4f49-ad53-29225555cd45,3,9FFwEf,2020-11-15,2020,11,Sunday,2,7.0,
d97e9249-41cc-4bf9-b826-024f2233c0bb,3,iYvFyn,2020-11-15,2020,11,Sunday,2,7.0,
3a26a35c-1fae-4b00-bd56-8762dcab78a6,3,K8gkI8,2020-11-15,2020,11,Sunday,1,3.5,
85eeef31-152b-4aeb-9e56-5355845337fb,3,K8gkI8,2020-11-15,2020,11,Sunday,2,7.0,
bcbee1fd-e2ec-4ee8-b2dc-df6f909c5092,3,AcIRu7,2020-11-15,2020,11,Sunday,2,7.0,
0e558222-f887-4eac-86b0-9a47eb75f240,3,1X3p2H,2020-11-15,2020,11,Sunday,2,7.0,
dbbcdd55-ae55-4ff7-9f4f-ca84d5205dc2,3,fvBBXY,2020-11-15,2020,11,Sunday,2,7.0,
0bf7f407-cd02-4a6e-9602-ac24b44380c7,3,YnyFQq,2020-11-15,2020,11,Sunday,1,3.5,
1894d509-295e-4b1c-ae80-ee123edb6c58,3,LRN0uO,2020-11-15,2020,11,Sunday,2,7.0,
5dd01a68-0391-47d9-8a47-ef77e851d3ea,3,LRN0uO,2020-11-15,2020,11,Sunday,1,3.5,
733487ef-c59c-41db-9ed7-6554b2773935,3,pCjr1R,2020-11-15,2020,11,Sunday,3,10.5,
47bd447b-b1b3-44b3-9bae-f89b20de50bf,3,fvBBXY,2020-11-15,2020,11,Sunday,1,3.5,
dda9d7a6-bd6b-4414-99ff-f9c7bb2f0fab,3,QIb1Te,2020-11-15,2020,11,Sunday,1,3.5,
b1c9face-7eeb-4c94-bd7e-1b96c347515a,3,TwErrn,2020-11-15,2020,11,Sunday,3,10.5,
737c11b3-2222-4213-b932-76ea064d3e6d,3,QIb1Te,2020-11-15,2020,11,Sunday,3,10.5,
7b49df8c-1568-49c0-a2ab-e3fe5f6a8f4b,3,TwErrn,2020-11-15,2020,11,Sunday,2,7.0,
554c31ab-449d-4255-9e5d-f2f5f3288ebe,3,LRN0uO,2020-11-15,2020,11,Sunday,1,3.5,
6f4e7578-d915-451f-b424-7e866473fa89,3,IWoDZ7,2020-11-16,2020,11,Monday,3,10.5,
a5a5b006-42f2-49ea-8c28-4a5aacc08f48,3,9FFwEf,2020-11-16,2020,11,Monday,2,7.0,
ac55b6a0-9cdf-413f-844b-bd46cba6941f,3,TwErrn,2020-11-16,2020,11,Monday,3,10.5,e93486f6-eb6e-4dcf-925f-1195070a4bdd
71a08961-5c26-4920-bf5a-39cfa6cead1b,3,J4fMRf,2020-11-16,2020,11,Monday,1,3.5,
f1184aee-7e4f-4e02-9a1d-54ff7e5bdcc8,3,AcIRu7,2020-11-16,2020,11,Monday,2,7.0,
ae3c0cb3-10ec-4cad-b736-805115891078,3,fvBBXY,2020-11-16,2020,11,Monday,2,7.0,
8cfe81bd-445e-4a52-b19d-b4c02613cf0a,3,IWoDZ7,2020-11-16,2020,11,Monday,1,3.5,
5e87bda8-afd0-454d-91fa-bb8f7593f27a,3,pCjr1R,2020-11-16,2020,11,Monday,2,7.0,
161ceec7-401e-4771-8cd1-efd42e95b185,3,V9hDyY,2020-11-16,2020,11,Monday,2,7.0,b18ca521-5b7b-4f8e-920b-ada6404e2be6
c8329f83-667b-4a82-9283-ccd6def082bb,3,pCjr1R,2020-11-16,2020,11,Monday,2,7.0,5602ac6c-b457-4267-af2d-12e131e14f95
642f6831-7e43-4c07-8ba7-68a378bf9a05,3,AcIRu7,2020-11-16,2020,11,Monday,2,7.0,b18ca521-5b7b-4f8e-920b-ada6404e2be6
c6ced8e8-1673-4b2e-84bc-5666788eea1a,3,HHY1ds,2020-11-16,2020,11,Monday,3,10.5,
44604fb6-c4ec-447b-8b24-d83cce35a400,3,fvBBXY,2020-11-16,2020,11,Monday,3,10.5,8273b0f0-7a32-4583-8c5d-8a37290787dd
881fe678-2705-4424-8f56-a33faaad929f,3,iYvFyn,2020-11-16,2020,11,Monday,2,7.0,7c50e972-e539-4f75-9a2e-0d107de2ce62
d62ea07c-62a0-4945-a919-4b730d21ae83,3,iYvFyn,2020-11-16,2020,11,Monday,2,7.0,
065fdad8-dc0f-4d53-a256-0143d41bafe4,3,QIb1Te,2020-11-16,2020,11,Monday,2,7.0,
8e56dff7-e799-4962-adbb-c177b88c6ec4,3,QIb1Te,2020-11-16,2020,11,Monday,2,7.0,
0f975fef-ca00-4d7b-a1e8-feeebd79644d,3,YnyFQq,2020-11-16,2020,11,Monday,2,7.0,
7d161699-4f9a-4115-bcf6-d3a71de14988,3,K8gkI8,2020-11-16,2020,11,Monday,2,7.0,
e0a97953-fb86-4ed7-aac0-4971eb3fd3ec,3,V9hDyY,2020-11-16,2020,11,Monday,2,7.0,
95a65bc2-4c79-4055-9a61-9833c357375f,3,K8gkI8,2020-11-16,2020,11,Monday,2,7.0,
f3c10b1c-cabd-4401-97cc-6d1bfa2ee4d8,3,V9hDyY,2020-11-16,2020,11,Monday,1,3.5,
effe7dcb-8384-436f-8ed2-85e78ea079c9,3,1X3p2H,2020-11-16,2020,11,Monday,2,7.0,
6d90ce3a-2c0c-4ea6-93ce-ced127a5029c,3,LRN0uO,2020-11-16,2020,11,Monday,3,10.5,
05c3a61f-bc41-4bc0-b1c8-01ed3c69bdcb,3,LRN0uO,2020-11-16,2020,11,Monday,3,10.5,
fb814828-9725-432b-ae12-b622d0f1fa1d,3,AcIRu7,2020-11-16,2020,11,Monday,2,7.0,
16a5e6ac-8ce2-4c1c-be3d-9c2b344087f9,3,V9hDyY,2020-11-16,2020,11,Monday,1,3.5,
d3d0f9c0-45ac-42bc-ac9d-b361edc2d517,3,9FFwEf,2020-11-16,2020,11,Monday,2,7.0,
bc820bae-3997-411b-8ea6-b0b07151106b,3,g0RPTY,2020-11-16,2020,11,Monday,2,7.0,634e2552-3187-4b58-8792-7b15fd08393e
56ad3cda-57a5-4290-9546-14addb433f50,3,XkiZ9D,2020-11-16,2020,11,Monday,1,3.5,1bf55ce9-06db-483e-b62f-1b3ac4053fc2
a89c57f6-df69-407c-9c5d-f79e86686705,3,g0RPTY,2020-11-16,2020,11,Monday,1,3.5,07326e55-8820-4c75-9a7e-9a782bf59a7c
5fcc18aa-c53d-4b8a-93be-90820cac36df,3,J4fMRf,2020-11-16,2020,11,Monday,1,3.5,
af2626aa-b37e-43ee-9e76-0a8951350aaa,3,HHY1ds,2020-11-16,2020,11,Monday,2,7.0,
6c7a9b1f-a7fc-4b45-9f38-e760689195e0,3,V9hDyY,2020-11-16,2020,11,Monday,1,3.5,dafd8819-1bf8-40d0-b829-149ab59dea42
a8d26566-67d0-49d9-926b-1cd5f8addfd0,3,RZZSxq,2020-11-16,2020,11,Monday,2,7.0,
b0b11d17-7528-4011-853d-f09dae0e37ec,3,iYvFyn,2020-11-16,2020,11,Monday,2,7.0,db4c39e2-5614-4fcf-8152-e37a6a8f4146
5590cc0d-b5d3-4d3f-8eaa-8487dd0fba22,3,K8gkI8,2020-11-16,2020,11,Monday,2,7.0,
8ba2898a-af85-4488-8c2a-a9b80969b6bd,3,1X3p2H,2020-11-16,2020,11,Monday,3,10.5,
0c0b5dba-e53b-4868-88dd-bdb64dac3e4e,3,J4fMRf,2020-11-16,2020,11,Monday,1,3.5,
b7da3e68-e16a-4ae2-9777-efd829ff4e8c,3,QIb1Te,2020-11-16,2020,11,Monday,2,7.0,
c99d3ccb-cd2c-46c7-ba69-4bef5a91000c,3,Xd4sZA,2020-11-16,2020,11,Monday,2,7.0,
1316ebf8-8e12-461d-98b5-db443f461c11,3,8CnCaM,2020-11-16,2020,11,Monday,1,3.5,8001fef8-78dd-4684-a5a1-d2cc89bd5d33
ad689c4d-47d3-4e47-b481-b62bebafecd7,3,K8gkI8,2020-11-16,2020,11,Monday,1,3.5,
e88dca40-9fb2-417e-a4d0-01508afba6ab,3,V9hDyY,2020-11-16,2020,11,Monday,3,10.5,
36b7d07e-85bb-4128-a881-7be1fee47151,3,pCjr1R,2020-11-16,2020,11,Monday,2,7.0,
46d77931-6869-4871-bd61-d45f3cc95164,3,XkiZ9D,2020-11-16,2020,11,Monday,3,10.5,
74ec1637-748e-44a4-872c-e857d8826137,3,K8gkI8,2020-11-16,2020,11,Monday,2,7.0,
13524b14-5401-4f50-ae03-45828de415d9,3,AcIRu7,2020-11-16,2020,11,Monday,3,10.5,
d89af71d-499a-4d39-8d92-4eb2139f86fb,3,pCjr1R,2020-11-16,2020,11,Monday,3,10.5,e9946638-1a80-418e-b2c6-92e88f30aa34
feca43a0-f4f1-4eb5-8cc0-cc08591c1e13,3,1X3p2H,2020-11-16,2020,11,Monday,2,7.0,
79acc413-7db8-4839-8a5b-b9056db8cfd1,3,HHY1ds,2020-11-16,2020,11,Monday,1,3.5,
a93ba34c-9753-4356-aced-428d5e208cda,3,RZZSxq,2020-11-16,2020,11,Monday,3,10.5,
5ef0a50f-02e0-4296-bc63-b4ae22198720,3,K8gkI8,2020-11-16,2020,11,Monday,3,10.5,db3ca581-a59b-4044-a71b-6376bd7072ee
21f4bec2-3818-43c8-9e0f-81158d71b5af,3,HHY1ds,2020-11-16,2020,11,Monday,1,3.5,
b9f71eb2-dd50-4665-a0cc-51da20606e12,3,IWoDZ7,2020-11-16,2020,11,Monday,1,3.5,eb5e4ba1-74e3-43f4-9013-20a68153a09c
0934e218-d8e7-4a47-8dff-c9514aca30ef,3,9FFwEf,2020-11-16,2020,11,Monday,3,10.5,
2bfd7e53-7248-4e4d-86b1-54120a840755,3,8CnCaM,2020-11-16,2020,11,Monday,2,7.0,
b06a0605-8bf9-422f-88bb-8d28849b9c5f,3,Xd4sZA,2020-11-16,2020,11,Monday,2,7.0,a79c13e0-73e9-41b1-ac5e-4ed4a5fb83f9
369b74fe-1b46-4368-ab07-a37f3145c105,3,9FFwEf,2020-11-16,2020,11,Monday,1,3.5,54d1910c-68e2-43d5-add1-4618b77eaa7a
375e44d4-175b-462c-b5c3-64e184b1c5a8,3,8CnCaM,2020-11-16,2020,11,Monday,2,7.0,
cdeba817-b03f-4257-a15e-29656fadb7bd,3,fvBBXY,2020-11-16,2020,11,Monday,1,3.5,
e93c2f8a-d15d-48e4-8089-cef211f1c680,3,LRN0uO,2020-11-16,2020,11,Monday,3,10.5,
fc7e3604-08c4-4c2a-9e3b-6452c155f4e4,3,IWoDZ7,2020-11-16,2020,11,Monday,1,3.5,b66155ef-4cbf-4f68-ba34-10f986b42bad
57e6b293-aeb6-4f7c-8811-dbbca84ae42d,3,IWoDZ7,2020-11-16,2020,11,Monday,1,3.5,
bc8831b0-840d-4c33-ad38-978130734526,3,IWoDZ7,2020-11-16,2020,11,Monday,2,7.0,
9af25b2d-c587-40a8-812c-98384fe00d80,3,QIb1Te,2020-11-16,2020,11,Monday,1,3.5,
20859b5b-a0f7-4e6e-9d19-95568e8fa8cd,3,Xd4sZA,2020-11-16,2020,11,Monday,3,10.5,
2881bbbd-9b1f-491c-bd4d-69f15cc34354,3,RZZSxq,2020-11-16,2020,11,Monday,1,3.5,058f1c4b-7fbe-479f-9e0c-932bb60c1108
6c688b4c-d3b6-44ee-b24e-13707df92647,3,YnyFQq,2020-11-16,2020,11,Monday,3,10.5,
dc698de2-ed4b-4694-992d-6a3f6bd526bf,3,9FFwEf,2020-11-16,2020,11,Monday,2,7.0,30006795-823b-43d8-8e9e-38dd92091162
7b322daf-b02a-4b36-b148-14e67a336b9a,3,HHY1ds,2020-11-16,2020,11,Monday,1,3.5,b355813f-831d-4f72-8408-4d42562c3e34
d7589127-74aa-46c4-9f1a-ac084ab710d6,3,iYvFyn,2020-11-16,2020,11,Monday,2,7.0,
fcd79af9-5e75-409f-a826-17597a71af71,3,J4fMRf,2020-11-16,2020,11,Monday,2,7.0,
0f963a6f-57d4-4192-9b1a-ca1d504218d7,3,IWoDZ7,2020-11-16,2020,11,Monday,3,10.5,
ea9057f4-77de-4bd2-84fd-35af79b38979,3,LRN0uO,2020-11-16,2020,11,Monday,1,3.5,587f8f67-e282-4753-9f22-fc4e9ecd7990
66ea1e0c-7686-4f80-bbc7-5dbec28896fc,3,LRN0uO,2020-11-16,2020,11,Monday,2,7.0,
3b36950c-a438-4398-81da-cb4c179356d7,3,LRN0uO,2020-11-16,2020,11,Monday,3,10.5,
32a53181-e7fc-4acc-8ff3-d934a40b62b3,3,g0RPTY,2020-11-16,2020,11,Monday,3,10.5,
d609eec3-40c4-4242-86d4-7e8c2b2c6f19,3,IWoDZ7,2020-11-16,2020,11,Monday,3,10.5,
226a0afd-171c-4a80-a5da-634d3b0d6ffe,3,HHY1ds,2020-11-16,2020,11,Monday,2,7.0,
4c5a9614-b562-45a5-b7de-530a65186949,3,HHY1ds,2020-11-16,2020,11,Monday,3,10.5,
cbedd2ea-2f0f-49b0-9d32-3d1949385832,3,pCjr1R,2020-11-16,2020,11,Monday,2,7.0,2a743fc8-b7e6-47e3-b5a3-b8ab806527d8
7ee85ab0-ca66-4de7-b80f-afe605bede44,3,9FFwEf,2020-11-16,2020,11,Monday,1,3.5,
63d488af-4e70-4839-a67d-4e8f22510925,3,IWoDZ7,2020-11-16,2020,11,Monday,2,7.0,
fbd0f229-8c40-4101-bf87-8640e8793a79,3,TwErrn,2020-11-16,2020,11,Monday,1,3.5,
889f8859-a3b3-4209-8a58-241139ab2d4d,3,XkiZ9D,2020-11-16,2020,11,Monday,2,7.0,
d41c2e89-f79e-4660-981d-ba9f274edf1a,3,iYvFyn,2020-11-16,2020,11,Monday,2,7.0,b0eb35f7-0be6-441b-bc00-8a668dc64666
5d7d7c85-6197-4b67-88c9-6f61b96fef15,3,TwErrn,2020-11-16,2020,11,Monday,2,7.0,
8ea97b4c-c956-4dee-8641-c1d03234b481,3,g0RPTY,2020-11-16,2020,11,Monday,3,10.5,
4a988139-86b0-4353-9fa8-9682d06ea343,3,TwErrn,2020-11-17,2020,11,Tuesday,1,3.5,5b131659-3019-4235-82e0-98adbc84a35c
b099a7f2-20e1-43bc-8732-70160b9bcc24,3,XkiZ9D,2020-11-17,2020,11,Tuesday,1,3.5,
96fb7ac1-991b-49bf-a66e-3942e2ac3dfb,3,iYvFyn,2020-11-17,2020,11,Tuesday,2,7.0,
15aef7ab-db99-4763-a67d-b2c87ea1884f,3,XkiZ9D,2020-11-17,2020,11,Tuesday,1,3.5,
4fb6b810-4fa7-46f8-8591-906209726663,3,1X3p2H,2020-11-17,2020,11,Tuesday,3,10.5,413f2c9c-eeaf-4c9e-9170-1ac1510f49af
98bfeb79-4805-48f8-b3a9-6ec9728c3456,3,iYvFyn,2020-11-17,2020,11,Tuesday,3,10.5,
53b5c338-4292-4a3e-86ee-d652f9cacf6b,3,V9hDyY,2020-11-17,2020,11,Tuesday,2,7.0,3eeb1de9-6349-4569-8650-c9af73bf1f8e
32fcbb60-176c-4922-a2c4-909d17d71157,3,XkiZ9D,2020-11-17,2020,11,Tuesday,2,7.0,667d16d6-62b1-4f1e-a526-c985c59bf485
598c3555-9089-4506-8347-771fc89c0fb2,3,K8gkI8,2020-11-17,2020,11,Tuesday,2,7.0,
0c258bd8-d0be-4277-a96e-2c6a9fa3a5e3,3,1X3p2H,2020-11-17,2020,11,Tuesday,2,7.0,4f955eb4-4f2a-4ec9-ab9c-5e507778a689
fac46024-5100-47da-ab94-146141200a9c,3,9FFwEf,2020-11-17,2020,11,Tuesday,1,3.5,
615b5755-9686-4b2c-8ad9-1fc6d81e29d6,3,9FFwEf,2020-11-17,2020,11,Tuesday,2,7.0,4aefd4c5-e273-47fa-aeeb-0feb7c28c166
cc061359-14fb-4b03-89c7-9fd723c47636,3,fvBBXY,2020-11-17,2020,11,Tuesday,2,7.0,30006795-823b-43d8-8e9e-38dd92091162
07bbe101-8c82-4215-b777-9f4f2df9318c,3,XkiZ9D,2020-11-17,2020,11,Tuesday,2,7.0,9a17775c-9dd1-40b7-8f04-8a4703494fee
ae2710ee-e9a2-45fb-bf88-5cbf38ea608a,3,8CnCaM,2020-11-17,2020,11,Tuesday,3,10.5,
31b6318b-fa24-471a-8083-11db083bb091,3,YnyFQq,2020-11-17,2020,11,Tuesday,2,7.0,4b4fef43-ff1a-4ed6-bbd4-00d9a0102340
18969dfa-e948-4b80-8d0e-abbce369ea7d,3,XkiZ9D,2020-11-17,2020,11,Tuesday,2,7.0,
9d461114-2761-4a2c-9ecf-8f3648ffdc66,3,LRN0uO,2020-11-17,2020,11,Tuesday,3,10.5,
f50f4ab5-b277-4b33-ac37-66dcfb452a61,3,g0RPTY,2020-11-17,2020,11,Tuesday,3,10.5,
587dbfcf-7e83-4067-acff-6ddac3b1ba47,3,YnyFQq,2020-11-17,2020,11,Tuesday,2,7.0,
9b643ff2-1abb-402d-b648-b7c496b8d717,3,YnyFQq,2020-11-17,2020,11,Tuesday,2,7.0,
524d9800-5c02-4014-b52c-354d3616bf44,3,XkiZ9D,2020-11-17,2020,11,Tuesday,3,10.5,
d6d09149-c332-4510-a94d-5c80d93f7ba1,3,RZZSxq,2020-11-17,2020,11,Tuesday,2,7.0,27cad89a-eb58-4065-a4d8-69cf833e313e
c106741d-3775-49c2-8cc6-e70ec830ae7a,3,HHY1ds,2020-11-17,2020,11,Tuesday,2,7.0,32c77228-8890-42e9-9c1c-ff9dbdbe0572
7fc4f1dd-f010-4ad8-ae2c-1ccc86a572f6,3,fvBBXY,2020-11-17,2020,11,Tuesday,3,10.5,
1fa555a1-4222-419e-9ab7-219b2b119932,3,LRN0uO,2020-11-17,2020,11,Tuesday,3,10.5,
79f7a748-9bf5-4937-8b1f-c4cf29a65a4b,3,8CnCaM,2020-11-17,2020,11,Tuesday,2,7.0,
57332a46-4fa3-4552-b47c-334d98407f36,3,XkiZ9D,2020-11-17,2020,11,Tuesday,3,10.5,
16d383a6-f6b6-47f5-aa51-d3538c1f1dc2,3,1X3p2H,2020-11-17,2020,11,Tuesday,2,7.0,
7951ea37-6e9a-46e2-a569-bc7b7cf6412f,3,IWoDZ7,2020-11-17,2020,11,Tuesday,1,3.5,
67e8d237-3343-43e5-8ca7-c9af4d6be481,3,XkiZ9D,2020-11-17,2020,11,Tuesday,2,7.0,
9ce10780-f4b0-42dd-8306-c3750344c707,3,9FFwEf,2020-11-17,2020,11,Tuesday,2,7.0,
018df0b0-2221-40f9-aeba-9a6112e4de76,3,fvBBXY,2020-11-17,2020,11,Tuesday,1,3.5,4d5134d1-2f06-4d63-8263-eec292d23312
92db4fb6-79aa-469c-bf22-84d0ddd5e544,3,QIb1Te,2020-11-17,2020,11,Tuesday,1,3.5,
931b07c3-f3ca-4474-9fd4-e5c7335dda75,3,YnyFQq,2020-11-17,2020,11,Tuesday,2,7.0,
af742a28-1f1f-4afa-87ee-7a386af7093b,3,TwErrn,2020-11-17,2020,11,Tuesday,3,10.5,
27e1c46d-9104-4323-9feb-cef17a96c830,3,iYvFyn,2020-11-17,2020,11,Tuesday,3,10.5,
12c0002d-f003-4e3b-acae-0e33672b1d3a,3,XkiZ9D,2020-11-17,2020,11,Tuesday,3,10.5,
2c02f542-6f9a-4c23-9ab6-c914f1909be0,3,8CnCaM,2020-11-17,2020,11,Tuesday,1,3.5,
faf5c103-53a2-414e-a9b3-85edfc93a7d5,3,TwErrn,2020-11-17,2020,11,Tuesday,1,3.5,
08f5beed-0480-41e5-be3d-f21e9006704c,3,AcIRu7,2020-11-17,2020,11,Tuesday,2,7.0,
9999c8ac-8b07-41e2-950e-57f5fb6fda4c,3,YnyFQq,2020-11-17,2020,11,Tuesday,2,7.0,
1f673ef4-f3f1-4b2d-b1af-e177d6ee2e4c,3,J4fMRf,2020-11-17,2020,11,Tuesday,3,10.5,
ed0835f2-646f-4022-a175-c943b905efdb,3,fvBBXY,2020-11-17,2020,11,Tuesday,2,7.0,
0161cef4-1039-453f-9f41-154ab9af3413,3,fvBBXY,2020-11-17,2020,11,Tuesday,2,7.0,
9acfcd3f-548d-4096-a01d-4e5a13046cab,3,V9hDyY,2020-11-17,2020,11,Tuesday,2,7.0,
01d3e064-cb26-435e-8354-c4b515844fe0,3,iYvFyn,2020-11-17,2020,11,Tuesday,2,7.0,
535f1b68-378b-4dec-8149-26a54ea78f03,3,Xd4sZA,2020-11-17,2020,11,Tuesday,2,7.0,
fe483e50-e08d-41c3-9e37-ae85037b49d1,3,1X3p2H,2020-11-17,2020,11,Tuesday,1,3.5,17ad36d3-f045-42ab-a48d-d6a848d241a4
5bb6610d-1847-432a-a1f2-878613f575fa,3,AcIRu7,2020-11-17,2020,11,Tuesday,1,3.5,
a53b8903-4f6b-4c08-b1ed-486a8f5ba7a5,3,Xd4sZA,2020-11-17,2020,11,Tuesday,3,10.5,
2051c90c-b304-48df-b0ae-cabb654a29b8,3,8CnCaM,2020-11-17,2020,11,Tuesday,2,7.0,
091ee396-6944-48f6-8aa6-70027b46bf1f,3,YnyFQq,2020-11-17,2020,11,Tuesday,1,3.5,
a8a546f2-a4fb-4bcc-a851-5cce8532fb24,3,AcIRu7,2020-11-17,2020,11,Tuesday,2,7.0,
76501779-c6f5-4675-8aa9-c2d47fb169c1,3,HHY1ds,2020-11-17,2020,11,Tuesday,1,3.5,
bb717fcc-fb6b-4697-b46d-ef4d2e160f8f,3,g0RPTY,2020-11-17,2020,11,Tuesday,2,7.0,5fa7bb53-d703-44d7-90ab-8b51f348afe7
3b090050-eeb6-480a-a8d1-bb2a49d4f594,3,fvBBXY,2020-11-17,2020,11,Tuesday,2,7.0,
5b87c000-aff7-4bbd-8c43-ae4611c09c53,3,9FFwEf,2020-11-17,2020,11,Tuesday,3,10.5,
dbf48c70-c7f1-4bfe-b746-0b116465ddc5,3,J4fMRf,2020-11-17,2020,11,Tuesday,3,10.5,
efef9617-3e2e-4a17-936c-fca2ca198bdf,3,QIb1Te,2020-11-17,2020,11,Tuesday,2,7.0,
2b7f8d94-582d-4968-9446-1bdb32bc1175,3,pCjr1R,2020-11-17,2020,11,Tuesday,3,10.5,
854b1a23-c063-47f1-8596-897afdc31930,3,fvBBXY,2020-11-17,2020,11,Tuesday,2,7.0,
9ce8c1e4-6ba5-43a3-8d66-a28af268f96b,3,9FFwEf,2020-11-17,2020,11,Tuesday,1,3.5,
a055c166-3a4d-4daf-89cb-00d350e619c4,3,LRN0uO,2020-11-17,2020,11,Tuesday,2,7.0,
8de51e2b-5d85-4a5e-9dd4-160ecb23b352,3,iYvFyn,2020-11-17,2020,11,Tuesday,2,7.0,
e4d7436a-3c44-42fa-aa9b-176f16a4fa93,3,AcIRu7,2020-11-17,2020,11,Tuesday,2,7.0,32ad9ccc-601f-45a6-bfaf-47ca2008fd7f
c98c4e41-dc26-48ca-a36a-bf85cb7a8606,3,9FFwEf,2020-11-17,2020,11,Tuesday,3,10.5,
39f7659d-e2cd-4228-a045-dbf49b308c99,3,HHY1ds,2020-11-17,2020,11,Tuesday,2,7.0,
c78e944e-f49a-4b1a-b339-f97ec38fc9dc,3,AcIRu7,2020-11-17,2020,11,Tuesday,3,10.5,
407d9cf1-19e0-4eac-b90e-5d947129d7c3,3,XkiZ9D,2020-11-17,2020,11,Tuesday,2,7.0,98395614-ad13-47e3-82c0-999d618cd2a8
9556bc84-3118-4531-bb2b-8e2f531cfbfb,3,IWoDZ7,2020-11-17,2020,11,Tuesday,2,7.0,5e9c40c4-7189-4919-97b8-07762440f4a4
5cd2a46f-b9c1-4511-a95f-1abf9a7b95e7,3,Xd4sZA,2020-11-17,2020,11,Tuesday,3,10.5,618444df-1a60-43ae-bb24-698b38e7e786
19ed3d56-2809-4bdc-88fe-0f5097e4a675,3,iYvFyn,2020-11-17,2020,11,Tuesday,2,7.0,
4a028ccb-1cbf-434e-9f9a-52e6c7295237,3,LRN0uO,2020-11-17,2020,11,Tuesday,2,7.0,
c3a0c2c9-2ef1-49ef-95aa-957b264f3891,3,AcIRu7,2020-11-17,2020,11,Tuesday,2,7.0,
24132262-49de-4bce-832c-f120abcbe92e,3,K8gkI8,2020-11-17,2020,11,Tuesday,3,10.5,
492fc42e-b906-4914-b58e-1b1a7339a14e,3,J4fMRf,2020-11-17,2020,11,Tuesday,1,3.5,
6d07d427-4ac5-4e83-bfef-1f2f7da2df6a,3,1X3p2H,2020-11-17,2020,11,Tuesday,3,10.5,73940d89-deb0-4758-98ef-8e8f593c620e
f85c39be-15f3-4074-a3c1-5e3c15078225,3,QIb1Te,2020-11-17,2020,11,Tuesday,2,7.0,
df7f37f5-8b71-4f26-b985-3059de9bef42,3,AcIRu7,2020-11-17,2020,11,Tuesday,2,7.0,
a0681577-cc39-4f41-a4e8-e3487fad4dbf,3,g0RPTY,2020-11-17,2020,11,Tuesday,2,7.0,
359c38a5-11b8-4181-8bfc-e63f3ceeef72,3,K8gkI8,2020-11-17,2020,11,Tuesday,3,10.5,
128f8398-7585-44bc-8193-2d83ca2c72a5,3,HHY1ds,2020-11-17,2020,11,Tuesday,1,3.5,
0f0aab8d-b228-43be-8385-02d4deb79e9f,3,J4fMRf,2020-11-17,2020,11,Tuesday,3,10.5,
b39233db-c532-4573-b062-d64369164fb6,3,fvBBXY,2020-11-17,2020,11,Tuesday,2,7.0,b838de81-e5d5-4653-a383-8d64b9a8914e
8c449625-935d-4736-90ce-c5cd3dc94c84,3,TwErrn,2020-11-17,2020,11,Tuesday,1,3.5,
77181772-7885-43f6-83c8-d0adc590daef,3,RZZSxq,2020-11-17,2020,11,Tuesday,1,3.5,5fa7bb53-d703-44d7-90ab-8b51f348afe7
6fede9ba-8d68-499e-8e38-5874b30e2cc2,3,8CnCaM,2020-11-18,2020,11,Wednesday,1,3.5,
ab31f138-6320-4904-8daf-1d222b10e388,3,K8gkI8,2020-11-18,2020,11,Wednesday,2,7.0,
af55209d-d76d-4851-b61c-bc21c98b5968,3,RZZSxq,2020-11-18,2020,11,Wednesday,2,7.0,41875687-b3a0-4ca3-88b9-107ab9e2dc96
d93126f6-5cf6-49e3-b4a7-4bf7a957879f,3,V9hDyY,2020-11-18,2020,11,Wednesday,2,7.0,
45c65477-f53b-4a8a-bece-fb5a526c91bd,3,fvBBXY,2020-11-18,2020,11,Wednesday,2,7.0,9a159fc2-25f6-4568-9170-6699d347fb53
c47025f1-7a39-4f6b-8f1c-96108cf3f79f,3,9FFwEf,2020-11-18,2020,11,Wednesday,2,7.0,105a8dbd-e318-4fdc-bac2-342b4e296d81
a46dd2cd-416d-474d-880a-c3dc2d7c81ff,3,HHY1ds,2020-11-18,2020,11,Wednesday,2,7.0,
aa5a8864-3850-4199-81d2-db8b3441e92c,3,TwErrn,2020-11-18,2020,11,Wednesday,1,3.5,
120aedf2-5e74-4a5f-8c61-8cf7f80d01b5,3,Xd4sZA,2020-11-18,2020,11,Wednesday,2,7.0,
e98fbacd-6e28-45f2-97f4-bbd331b1af4d,3,fvBBXY,2020-11-18,2020,11,Wednesday,2,7.0,
acb94df3-b4c4-4c85-9e56-8da989bec905,3,9FFwEf,2020-11-18,2020,11,Wednesday,2,7.0,
754313b9-5271-4788-9b9e-6606dd3dad19,3,AcIRu7,2020-11-18,2020,11,Wednesday,1,3.5,62bdc5cf-1de2-438b-b406-35dedad24192
7de0eaa9-d16b-4efa-88de-5cce823299b2,3,LRN0uO,2020-11-18,2020,11,Wednesday,3,10.5,
ee4177ce-ac8b-4ae3-a544-d40ddb418026,3,8CnCaM,2020-11-18,2020,11,Wednesday,2,7.0,db2e9331-c037-4681-a06e-c49ee9735060
bc3b5d29-f449-49bf-8752-8e57d490e332,3,K8gkI8,2020-11-18,2020,11,Wednesday,2,7.0,5e1d69cf-4548-4c11-a711-d751fad6a8e8
76c30956-ffc2-4446-b708-e529b5f99bfa,3,HHY1ds,2020-11-18,2020,11,Wednesday,3,10.5,07326e55-8820-4c75-9a7e-9a782bf59a7c
ed933d35-c25d-4f42-ae4c-c3620abba6a9,3,IWoDZ7,2020-11-18,2020,11,Wednesday,3,10.5,d5fe0da4-50b9-4d2b-a7b2-124ea8ef1dd0
094b067b-6de0-4296-a903-33849ea3b590,3,LRN0uO,2020-11-18,2020,11,Wednesday,3,10.5,
3e663f78-e261-420b-b671-d3f324f402dc,3,QIb1Te,2020-11-18,2020,11,Wednesday,1,3.5,
e796a343-3b97-40eb-bf88-79d182cf57f2,3,J4fMRf,2020-11-18,2020,11,Wednesday,2,7.0,
ba8ef509-28aa-45cb-9125-09c49e7fd245,3,K8gkI8,2020-11-18,2020,11,Wednesday,1,3.5,3a2aa1d7-afcd-4437-9fec-1d7cda3faf1b
183e6da5-9db9-40b2-889d-cbcc1cb493d0,3,1X3p2H,2020-11-18,2020,11,Wednesday,2,7.0,
a1065fab-4895-496d-b77f-cc54a0ba093f,3,HHY1ds,2020-11-18,2020,11,Wednesday,1,3.5,
7532073f-50b0-4ada-8955-4ab700e6f81a,3,Xd4sZA,2020-11-18,2020,11,Wednesday,1,3.5,
c93280c1-363e-4e36-8a9d-ee13ce2ba395,3,RZZSxq,2020-11-18,2020,11,Wednesday,2,7.0,
3b51c617-ba1d-4f15-88df-79a1e8fee002,3,HHY1ds,2020-11-18,2020,11,Wednesday,3,10.5,
a01a3960-c402-4863-a096-7b9a60848c84,3,IWoDZ7,2020-11-18,2020,11,Wednesday,2,7.0,
b20304a2-362c-47ca-a1e2-8215a1e451bb,3,1X3p2H,2020-11-18,2020,11,Wednesday,2,7.0,d691a8b9-ef7a-4ab1-9297-daca6d0cb381
32d16b98-06c8-46dc-96ce-c48d56c0b58a,3,XkiZ9D,2020-11-18,2020,11,Wednesday,2,7.0,
e8b786de-899e-4302-bdf6-6495819ee828,3,g0RPTY,2020-11-18,2020,11,Wednesday,2,7.0,
a53e086f-0470-4769-a858-24b268546e1d,3,QIb1Te,2020-11-18,2020,11,Wednesday,3,10.5,
68fc6ae5-368b-484e-8b15-b8033f31f6fb,3,V9hDyY,2020-11-18,2020,11,Wednesday,1,3.5,
bb9ca700-29bf-49fb-8498-fe48c059e73c,3,Xd4sZA,2020-11-18,2020,11,Wednesday,2,7.0,
87beddfe-9ed0-4d71-aaa0-1afc8be717a6,3,HHY1ds,2020-11-18,2020,11,Wednesday,1,3.5,88c4cf15-9d67-4ee0-b908-830633b31b31
4f884d6c-2c61-466d-9ad3-484b8d08e41a,3,HHY1ds,2020-11-18,2020,11,Wednesday,2,7.0,
434bb1ef-d26f-4b59-bd1f-812a2ff5bd10,3,K8gkI8,2020-11-18,2020,11,Wednesday,3,10.5,bb0cf9e0-c317-4001-b76e-47d525b74100
c3eb3aae-385b-4bd7-b384-eb8bc7d2bd7b,3,iYvFyn,2020-11-18,2020,11,Wednesday,2,7.0,
263b1bfe-6da5-4bc9-8e72-aeb1517f6511,3,g0RPTY,2020-11-18,2020,11,Wednesday,1,3.5,
e33b4d3e-9270-44cc-8b4b-e2c93e9d5d6d,3,8CnCaM,2020-11-18,2020,11,Wednesday,1,3.5,8383619b-3bdb-48df-86e0-b47c5979f229
65ef0e30-7173-4a6f-bcd8-1ac3b7484683,3,8CnCaM,2020-11-18,2020,11,Wednesday,1,3.5,
2177deaa-b7b1-4ccb-9288-91ff7710bb77,3,QIb1Te,2020-11-18,2020,11,Wednesday,3,10.5,
97091fae-34b2-4ae6-91ed-c7f04ec790f9,3,YnyFQq,2020-11-18,2020,11,Wednesday,1,3.5,
38e6bd27-94a5-4fbe-be63-2d04ebd86d8e,3,1X3p2H,2020-11-18,2020,11,Wednesday,2,7.0,
450a5f27-4c38-4e87-b7ce-0ac93fd53e3a,3,QIb1Te,2020-11-18,2020,11,Wednesday,2,7.0,
0843c6bc-754c-4792-ba11-c5732cee7c2d,3,AcIRu7,2020-11-18,2020,11,Wednesday,2,7.0,
6a16a415-c502-4ff5-a460-f8d81f822e43,3,iYvFyn,2020-11-18,2020,11,Wednesday,3,10.5,3174d3cd-da3c-40b7-96de-ea99f9162eda
b5343e47-9a31-4d7b-aa5a-beedc6749203,3,XkiZ9D,2020-11-18,2020,11,Wednesday,1,3.5,
6831fe13-fe34-465c-b399-f4b3c3268023,3,Xd4sZA,2020-11-18,2020,11,Wednesday,2,7.0,618444df-1a60-43ae-bb24-698b38e7e786
fcab378d-2ea0-458f-8e44-e9e319cc7c5e,3,Xd4sZA,2020-11-18,2020,11,Wednesday,2,7.0,
00ac0948-5e3d-466a-a741-35c1362666f2,3,8CnCaM,2020-11-18,2020,11,Wednesday,2,7.0,7da0c8b9-94cc-4568-aafc-6d44a0026782
5397cedf-683b-4a1a-8b44-629ae05af80c,3,TwErrn,2020-11-18,2020,11,Wednesday,1,3.5,0b6ab923-0c50-458c-a04b-4cbaa4f1ae56
f8d40864-b43e-4333-98e6-41d15c420562,3,IWoDZ7,2020-11-18,2020,11,Wednesday,3,10.5,
474bd1ca-4678-4ae4-8d6a-66709b36e6f9,3,g0RPTY,2020-11-18,2020,11,Wednesday,2,7.0,
f90b23d7-c8a4-4778-ab71-885e08d568c5,3,TwErrn,2020-11-18,2020,11,Wednesday,2,7.0,
1897fa65-2060-4f2c-b2c9-b6026a104729,3,YnyFQq,2020-11-18,2020,11,Wednesday,2,7.0,
6b92ffe5-1ba3-4a85-af23-d3885ccc9d66,3,TwErrn,2020-11-18,2020,11,Wednesday,2,7.0,
36ad45ad-9652-456c-ab6b-1905eee4a74f,3,HHY1ds,2020-11-18,2020,11,Wednesday,3,10.5,
624fce03-492c-4358-9f1b-045b1c97f3ff,3,8CnCaM,2020-11-18,2020,11,Wednesday,2,7.0,
7d74bf1c-6520-488b-83fb-047e101df67d,3,TwErrn,2020-11-18,2020,11,Wednesday,3,10.5,5de746d2-23fa-4b26-82a8-ae7e5f9571af
fd355bf0-e441-4df8-9069-a0149d022e80,3,AcIRu7,2020-11-18,2020,11,Wednesday,3,10.5,
444c06c0-0e73-42ab-8416-b8655cabf0cb,3,AcIRu7,2020-11-18,2020,11,Wednesday,1,3.5,
a7098070-ef58-49fc-998a-33711e3ab9bd,3,TwErrn,2020-11-18,2020,11,Wednesday,3,10.5,
f97e1cb0-c2d8-4f14-b47a-bc594ab36ae0,3,K8gkI8,2020-11-18,2020,11,Wednesday,3,10.5,db2e9331-c037-4681-a06e-c49ee9735060
15c7c9cf-5af2-4486-8d97-81a61ce04208,3,9FFwEf,2020-11-18,2020,11,Wednesday,3,10.5,b1f27570-eee7-4e27-8e68-08e6a0ae674a
4f12343b-dc83-45dd-b8e7-7a7c555a08bf,3,HHY1ds,2020-11-18,2020,11,Wednesday,3,10.5,07326e55-8820-4c75-9a7e-9a782bf59a7c
22df32c1-a4e7-49e8-b76e-488a8502a2c3,3,8CnCaM,2020-11-18,2020,11,Wednesday,2,7.0,
a496567b-1a65-479a-91cd-974e7d508f26,3,8CnCaM,2020-11-18,2020,11,Wednesday,2,7.0,
72f940c8-c31b-4240-b141-acadcfb6e8d8,3,QIb1Te,2020-11-18,2020,11,Wednesday,3,10.5,
0105f5cd-e24b-44d2-8dcb-1441b76f4c62,3,QIb1Te,2020-11-18,2020,11,Wednesday,2,7.0,
0962b087-b465-42e9-8995-99877d99ed09,3,XkiZ9D,2020-11-18,2020,11,Wednesday,2,7.0,e535c38b-71a8-40c0-bf54-fbeb2f09ce8d
08567d51-b733-4645-9d72-a1d583888d4c,3,XkiZ9D,2020-11-18,2020,11,Wednesday,3,10.5,cfc813e7-80a1-41bf-8ef0-3587c731fdc7
07be74c1-2ca1-4e72-b5ac-e37a481cb08e,3,QIb1Te,2020-11-18,2020,11,Wednesday,2,7.0,
77136df9-9afd-4ae5-b07e-77fd4f5101c2,3,QIb1Te,2020-11-18,2020,11,Wednesday,1,3.5,4ee6b65e-1a08-4a35-816b-6a81194fe810
311bc1f2-c2b5-432a-9fbd-48811b330467,3,LRN0uO,2020-11-18,2020,11,Wednesday,1,3.5,
0fc3925f-e92c-470e-96e1-c230a164ba6b,3,V9hDyY,2020-11-18,2020,11,Wednesday,3,10.5,
569dbca3-4ea0-4bbd-ab9a-92ca5a66556b,3,V9hDyY,2020-11-18,2020,11,Wednesday,2,7.0,
cd89c24e-b67a-4b03-a62f-9058fed978f7,3,TwErrn,2020-11-18,2020,11,Wednesday,3,10.5,
aea15aa8-6f72-4f00-8d3d-ec3c9a6fd6a8,3,K8gkI8,2020-11-18,2020,11,Wednesday,1,3.5,
fd18553b-9cde-444e-a5d1-f4cf34fd6521,3,9FFwEf,2020-11-18,2020,11,Wednesday,1,3.5,
e19c1476-fcbe-4bcf-8e82-80f4debed1f5,3,YnyFQq,2020-11-18,2020,11,Wednesday,2,7.0,e99907e0-bec1-4816-bf96-4547bf379540
a68606d3-2db3-415b-be25-8592cf987d1f,3,iYvFyn,2020-11-18,2020,11,Wednesday,3,10.5,ce585b6f-9a9f-4c6c-8d21-71cd50d7b91a
7e1387cf-81fb-4a18-8f29-0292c28b808b,3,V9hDyY,2020-11-18,2020,11,Wednesday,2,7.0,
1eef12d7-986d-4de7-b346-d7b6838a7db4,3,QIb1Te,2020-11-18,2020,11,Wednesday,2,7.0,
1dd47f23-5135-43b5-8412-900329fcc3e8,3,HHY1ds,2020-11-18,2020,11,Wednesday,2,7.0,
45a0f8fa-f91e-48c3-90bf-bd95e6264664,3,RZZSxq,2020-11-18,2020,11,Wednesday,3,10.5,6602f38b-51f4-4597-978d-088936a2f80a
e60ea3a4-e530-44df-b2c7-3afee39f58f6,3,9FFwEf,2020-11-18,2020,11,Wednesday,2,7.0,
fb28f110-8ddf-4068-9f0f-6151c3fabb14,3,pCjr1R,2020-11-18,2020,11,Wednesday,2,7.0,
965d4b13-53ad-47bf-bbdd-0713359b25b9,3,K8gkI8,2020-11-18,2020,11,Wednesday,3,10.5,
829ae382-6e16-4243-a6ee-02fe44d261c2,3,TwErrn,2020-11-18,2020,11,Wednesday,3,10.5,
ba2ae068-f96f-4021-a634-f4a1c10d3e7d,3,IWoDZ7,2020-11-18,2020,11,Wednesday,3,10.5,e760c2d0-2a0d-401f-b3e0-6dff7eb78a11
f497266d-a621-4b43-aee1-aa7c0a801017,3,AcIRu7,2020-11-18,2020,11,Wednesday,3,10.5,
14cf840d-3bb7-44e3-81cd-98169aa48fb7,3,K8gkI8,2020-11-18,2020,11,Wednesday,1,3.5,
7a78727b-66de-4184-b2ef-11e0c1a1d914,3,LRN0uO,2020-11-18,2020,11,Wednesday,2,7.0,
6af4c09a-3645-465b-8cf6-79764b2de73b,3,TwErrn,2020-11-18,2020,11,Wednesday,3,10.5,
16dec2bb-da2e-483e-aabe-1854bc5bff89,3,9FFwEf,2020-11-18,2020,11,Wednesday,2,7.0,
557b3648-798b-454a-afff-96bd32c15aeb,3,9FFwEf,2020-11-18,2020,11,Wednesday,2,7.0,823a9443-ac0d-4efb-95e7-8bdce014738f
48e19886-9181-48a9-85ff-74c303872441,3,HHY1ds,2020-11-18,2020,11,Wednesday,2,7.0,
7d5b2d24-f023-4de8-a479-c79928fc35dd,3,K8gkI8,2020-11-18,2020,11,Wednesday,3,10.5,
33610e8e-4958-4f0e-8748-b24c3fbb8d5f,3,Xd4sZA,2020-11-18,2020,11,Wednesday,2,7.0,
19f18d2b-9f27-4ae8-9a96-141c2e5c48c8,3,XkiZ9D,2020-11-18,2020,11,Wednesday,2,7.0,fa972560-0f76-4cef-8f02-6f370e7a9544
77603a7d-17ba-42e3-ad35-8b3bb175240f,3,IWoDZ7,2020-11-18,2020,11,Wednesday,2,7.0,
9a5b56b3-85c6-49e8-a557-ecb4d0d2d9fb,3,AcIRu7,2020-11-18,2020,11,Wednesday,3,10.5,d691a8b9-ef7a-4ab1-9297-daca6d0cb381
dd15172d-6b60-4fcf-a7f8-d76960da10f5,3,TwErrn,2020-11-18,2020,11,Wednesday,3,10.5,
5e847753-afa7-44e8-a7b8-1b70790ba007,3,AcIRu7,2020-11-18,2020,11,Wednesday,1,3.5,
1048799e-454e-4d02-bd46-0b725c1ab525,3,LRN0uO,2020-11-18,2020,11,Wednesday,1,3.5,104680e6-78b4-414c-8402-191243d43b87
ca563536-0a21-4cb6-8271-654cc3e45bcd,3,RZZSxq,2020-11-18,2020,11,Wednesday,2,7.0,ed820c9a-947d-4c0a-b9d7-931dbf7e6363
f1ebe7ad-b094-4711-ba28-d0d589cc8579,3,TwErrn,2020-11-18,2020,11,Wednesday,2,7.0,
921b8076-d299-49da-be8c-b78210a249d4,3,AcIRu7,2020-11-19,2020,11,Thursday,2,7.0,
34a26810-15c8-43e9-aaf0-dc0a9206e5cd,3,g0RPTY,2020-11-19,2020,11,Thursday,2,7.0,
c124c761-ce43-403e-a7c3-4843a3d9b6f6,3,1X3p2H,2020-11-19,2020,11,Thursday,3,10.5,3ea82e3b-b6db-45eb-b759-4900a573b78a
e6ed286c-4c4a-4206-968b-520dd678cc12,3,RZZSxq,2020-11-19,2020,11,Thursday,2,7.0,
0da30e77-770a-474f-b7fd-220a141d2fbf,3,fvBBXY,2020-11-19,2020,11,Thursday,1,3.5,
39c61b67-ef34-4c91-a26a-1ba729c7d06d,3,pCjr1R,2020-11-19,2020,11,Thursday,3,10.5,
0eb24524-e208-4014-bcd0-8aa5096298b0,3,pCjr1R,2020-11-19,2020,11,Thursday,2,7.0,b66155ef-4cbf-4f68-ba34-10f986b42bad
4afdd734-5d29-4196-bb6e-9bbd7c4a9865,3,pCjr1R,2020-11-19,2020,11,Thursday,2,7.0,c1cb0c6b-22eb-4a15-9665-76710970df1a
57c2fa54-cbfe-4d17-9626-4009946a043b,3,1X3p2H,2020-11-19,2020,11,Thursday,2,7.0,d045403b-05fc-45af-ad57-8e04b52ef4e8
2f8afcc1-46f1-4631-b1b1-4db45b0cb38b,3,K8gkI8,2020-11-19,2020,11,Thursday,1,3.5,
71ba44c8-4983-4f6a-8807-b0c38f38d032,3,J4fMRf,2020-11-19,2020,11,Thursday,2,7.0,
71e35407-27c8-40b2-a476-db7177d96619,3,YnyFQq,2020-11-19,2020,11,Thursday,1,3.5,
ce68a844-d581-43a4-b682-acb291b75c28,3,IWoDZ7,2020-11-19,2020,11,Thursday,2,7.0,
052fe8f4-efc2-4fbf-a202-d73d56301801,3,LRN0uO,2020-11-19,2020,11,Thursday,2,7.0,
5ed34060-b8e6-4730-9d1e-4eb578681a13,3,iYvFyn,2020-11-19,2020,11,Thursday,2,7.0,
9502b21e-f01c-4f2f-819b-03970b5d6925,3,RZZSxq,2020-11-19,2020,11,Thursday,1,3.5,
fb071a40-c0cc-4d3a-9285-9a90c750e722,3,IWoDZ7,2020-11-19,2020,11,Thursday,3,10.5,96edd678-1a42-4d57-b41e-fabc2434d120
972cc69b-0e8f-48f6-ae12-3d6aa954f2e3,3,K8gkI8,2020-11-19,2020,11,Thursday,2,7.0,
ab0d41e1-a413-47e3-97d6-3c0e33a5be82,3,XkiZ9D,2020-11-19,2020,11,Thursday,1,3.5,
5f7b4343-5e9d-42ce-a367-834a9100554c,3,1X3p2H,2020-11-19,2020,11,Thursday,2,7.0,b7dfa7c9-c593-4ef7-9124-d90bd78901a3
362b2d74-4181-4d7f-aa1b-dc89f968e2fc,3,HHY1ds,2020-11-19,2020,11,Thursday,2,7.0,
6d27b821-d00f-4ee4-bc8d-bbb8b5074b7e,3,V9hDyY,2020-11-19,2020,11,Thursday,2,7.0,
e1c32050-428e-463c-b45a-c343a8da9add,3,g0RPTY,2020-11-19,2020,11,Thursday,2,7.0,
74439585-f232-4bf6-b13d-cece1af825c0,3,QIb1Te,2020-11-19,2020,11,Thursday,1,3.5,
b001a52d-f019-4004-80e9-796f9312f83e,3,QIb1Te,2020-11-19,2020,11,Thursday,1,3.5,199a4e94-bc7e-4d33-9d99-4934f4d3fb95
95455454-6173-4bf4-86ca-4a8f42895abb,3,Xd4sZA,2020-11-19,2020,11,Thursday,3,10.5,
71d06f09-81b9-4f18-9101-49311a5ff0c9,3,J4fMRf,2020-11-19,2020,11,Thursday,3,10.5,
03ed89bc-7e77-447a-aece-15b3e070ad60,3,J4fMRf,2020-11-19,2020,11,Thursday,2,7.0,9a17775c-9dd1-40b7-8f04-8a4703494fee
c9e3b4c1-de42-45e4-ad56-cb4b623f9fee,3,IWoDZ7,2020-11-19,2020,11,Thursday,2,7.0,
93035dfc-ee1f-463c-b285-88c3f421989c,3,K8gkI8,2020-11-19,2020,11,Thursday,1,3.5,634e2552-3187-4b58-8792-7b15fd08393e
0f80dd82-f5ff-4b18-b9ff-ebd797f6bccb,3,1X3p2H,2020-11-19,2020,11,Thursday,3,10.5,f399e73c-8f7e-4a5c-aaac-cf84321b5e74
68c0ac64-a21a-438d-90cb-3d4948901649,3,9FFwEf,2020-11-19,2020,11,Thursday,3,10.5,
8c1f3141-d7a9-4250-b5d5-78dfc66f586b,3,1X3p2H,2020-11-19,2020,11,Thursday,2,7.0,c54f15f6-db04-45ff-9de4-f060a1231ccf
24c4eeea-bca4-4226-9a46-6bb220a87be3,3,9FFwEf,2020-11-19,2020,11,Thursday,1,3.5,
c178fb4e-3939-414a-b4ea-2fa60ad56613,3,pCjr1R,2020-11-19,2020,11,Thursday,2,7.0,
ea8e561d-d38c-4d47-a07a-9f802b1e1724,3,iYvFyn,2020-11-19,2020,11,Thursday,2,7.0,2e41a9a8-d523-470f-ac7f-15b32ab7644b
060bad49-5cb3-4d21-8852-5c7814e58eb5,3,LRN0uO,2020-11-19,2020,11,Thursday,2,7.0,
65d855de-ddd1-4bf9-a6cc-e0217d169a8d,3,V9hDyY,2020-11-19,2020,11,Thursday,2,7.0,aae169e6-375a-4446-aaad-38ca7eb6d2c9
7d631627-c074-49e6-ba39-ce2e7e6e920a,3,pCjr1R,2020-11-19,2020,11,Thursday,2,7.0,
f8d2b009-c00f-4f16-b87c-1a4d5248dc40,3,8CnCaM,2020-11-19,2020,11,Thursday,2,7.0,
04bba7b1-b368-4b8c-8839-511600a76771,3,AcIRu7,2020-11-19,2020,11,Thursday,2,7.0,2a8e2593-9807-4efd-aa44-36e627f35376
88eb11d5-b4ef-468c-a618-fec225cd2c04,3,HHY1ds,2020-11-19,2020,11,Thursday,2,7.0,1656b169-ab41-47ea-86ca-6529918933f1
b7b597bd-85c9-485e-8c74-207742cb5f7d,3,RZZSxq,2020-11-19,2020,11,Thursday,2,7.0,
87b7843e-2a52-49be-8ff9-9de1a1f7f689,3,AcIRu7,2020-11-19,2020,11,Thursday,1,3.5,
ab6ee8b5-1ff7-4a2a-ae1b-02e3971dc5f6,3,V9hDyY,2020-11-19,2020,11,Thursday,2,7.0,
ea260520-f7f8-4a62-aa1b-9428a547dfc1,3,IWoDZ7,2020-11-19,2020,11,Thursday,3,10.5,6060bba8-1922-4bc8-a91b-6f8cd6497c90
c9b19e01-0a5a-4db9-8a10-0f34f1df3ff1,3,RZZSxq,2020-11-19,2020,11,Thursday,2,7.0,
1ddf476a-fd2c-488e-a32d-19748c946b3a,3,LRN0uO,2020-11-19,2020,11,Thursday,2,7.0,
8656f324-8df2-4b75-9db0-5c169580c56a,3,QIb1Te,2020-11-19,2020,11,Thursday,2,7.0,e6320a01-100f-4c69-902d-bcc83f1eb3e1
ae584b93-d80e-457f-9b5b-365987996287,3,g0RPTY,2020-11-19,2020,11,Thursday,2,7.0,7da0c8b9-94cc-4568-aafc-6d44a0026782
5edc02d5-a311-4d78-adc3-6c3fde946d0d,3,fvBBXY,2020-11-19,2020,11,Thursday,2,7.0,9d4f62c7-e2cc-462b-8dec-5fbc785f2ff0
92460d74-2023-47bd-bee8-a6ad53909c10,3,TwErrn,2020-11-19,2020,11,Thursday,2,7.0,
9669a79e-70ee-47ca-9f79-d59875e2c7c9,3,LRN0uO,2020-11-19,2020,11,Thursday,2,7.0,
b98b966b-5073-40b4-9b3e-d9878b6b5126,3,AcIRu7,2020-11-19,2020,11,Thursday,1,3.5,
d60a14cd-5523-4b1f-b3e4-05e5c1331489,3,8CnCaM,2020-11-19,2020,11,Thursday,2,7.0,
231e10d0-8d2a-4f0b-aae1-665f292bdac1,3,pCjr1R,2020-11-19,2020,11,Thursday,2,7.0,
e3e089f1-2803-48b9-8f7c-ace5ab4d3be5,3,RZZSxq,2020-11-19,2020,11,Thursday,2,7.0,
36f9b036-f570-49e9-a9bf-32d54bca0cf8,3,iYvFyn,2020-11-19,2020,11,Thursday,2,7.0,
178d43a0-3ff7-42be-af92-c5b86eb19952,3,fvBBXY,2020-11-19,2020,11,Thursday,2,7.0,4f955eb4-4f2a-4ec9-ab9c-5e507778a689
95fced4a-d2ba-42e2-8305-038792bb22da,3,QIb1Te,2020-11-19,2020,11,Thursday,1,3.5,
20cd7cb0-bdbe-43bc-87cd-ee9265936aad,3,XkiZ9D,2020-11-19,2020,11,Thursday,3,10.5,9a159fc2-25f6-4568-9170-6699d347fb53
1089d285-f49e-4bb7-9a50-aadb8a8eb61c,3,9FFwEf,2020-11-19,2020,11,Thursday,2,7.0,
42e63c7d-1aa5-4145-8242-c8c3f17ae905,3,g0RPTY,2020-11-19,2020,11,Thursday,3,10.5,5e9c40c4-7189-4919-97b8-07762440f4a4
02e98d4e-a7a7-44a0-9b7e-d84c36ba83c9,3,iYvFyn,2020-11-19,2020,11,Thursday,1,3.5,
2f3a041b-2b0c-4dac-ab64-6250f2418cc1,3,RZZSxq,2020-11-19,2020,11,Thursday,3,10.5,1ef4bfd8-5ce2-456f-b105-3053c33fa937
91dfb08e-9668-45ba-b4e2-86ec997076d3,3,1X3p2H,2020-11-19,2020,11,Thursday,1,3.5,d9e25212-d4f2-4369-a85b-b94a1776b652
ec1492d3-19d3-44d3-904f-bdbe94824e22,3,QIb1Te,2020-11-19,2020,11,Thursday,2,7.0,d9e25212-d4f2-4369-a85b-b94a1776b652
c6bf5790-0863-4b24-ba0f-fc9fd23d8fa4,3,V9hDyY,2020-11-19,2020,11,Thursday,2,7.0,3ea82e3b-b6db-45eb-b759-4900a573b78a
ad63bf29-a6f2-4c59-85cf-c6e95036c167,3,K8gkI8,2020-11-19,2020,11,Thursday,3,10.5,7a359c55-7a89-45e1-b8c2-0bd5e3d7e997
ba394a44-fb0d-41ae-9f66-e34af13216c0,3,TwErrn,2020-11-19,2020,11,Thursday,2,7.0,3ea82e3b-b6db-45eb-b759-4900a573b78a
840cf183-0fdc-4846-89ec-d0afe84db4a4,3,IWoDZ7,2020-11-19,2020,11,Thursday,2,7.0,
4ffd720e-c54d-4bfb-9de7-7212324f06c5,3,1X3p2H,2020-11-19,2020,11,Thursday,2,7.0,
23be8819-0c95-45dd-a8f9-8d18ae865432,3,RZZSxq,2020-11-19,2020,11,Thursday,3,10.5,a7f14513-0cf4-4ab9-84ac-81ba93548782
22791e41-a9a9-4dd3-a4c2-f1728344c54b,3,Xd4sZA,2020-11-19,2020,11,Thursday,2,7.0,2df4b7df-3344-4e69-83ab-33aabb8b6131
c2dd4b8e-a341-4969-b231-8a34e7de5845,3,8CnCaM,2020-11-19,2020,11,Thursday,2,7.0,bf696cc7-47e6-4796-b202-25e5f6cb2f08
8247b029-0ea9-42ea-9e00-57220565493f,3,YnyFQq,2020-11-19,2020,11,Thursday,3,10.5,
39a938d6-f71c-4840-b29f-d7c96aefba64,3,1X3p2H,2020-11-19,2020,11,Thursday,1,3.5,
187978e3-ed77-49a5-b18f-4bc31bcca782,3,8CnCaM,2020-11-19,2020,11,Thursday,1,3.5,
e698c934-4df4-4df3-9e87-fa7456d90c51,3,QIb1Te,2020-11-19,2020,11,Thursday,2,7.0,b4a395b1-165d-4174-93b9-ccf601f432fd
2835bc62-40f8-4a6a-8c13-6c86b03e305d,3,iYvFyn,2020-11-19,2020,11,Thursday,2,7.0,
f96ceb72-e4bb-427d-b669-fcccd0c35e02,3,g0RPTY,2020-11-19,2020,11,Thursday,3,10.5,ed050506-c8b3-4107-b4f4-61c0cc28ff0d
04d49ee0-40d3-455a-beb7-9a94b2497d3c,3,g0RPTY,2020-11-19,2020,11,Thursday,1,3.5,025d4384-9f20-43d5-8681-556f60219635
d7abb2ec-3644-491b-a803-1d090abf1beb,3,LRN0uO,2020-11-19,2020,11,Thursday,2,7.0,
087c6f2b-2f5b-46f8-a73a-6c4f586a1199,3,HHY1ds,2020-11-19,2020,11,Thursday,3,10.5,
574483f1-c52a-4a2c-86fa-adbb7022a82c,3,HHY1ds,2020-11-19,2020,11,Thursday,1,3.5,1e50503a-5e78-4555-93d3-9a7d0fcbfa20
a757753f-abd7-44b0-a603-58f9887c7ead,3,TwErrn,2020-11-19,2020,11,Thursday,3,10.5,f458a543-dfd7-404c-a8c1-6c63aea441da
31591d8e-2f87-4a37-a900-356557cf08aa,3,J4fMRf,2020-11-19,2020,11,Thursday,1,3.5,
329f7da1-b050-4409-a1d5-d5c45f3e9cc0,3,fvBBXY,2020-11-19,2020,11,Thursday,1,3.5,
48c4ea4b-17e3-4371-b2a3-e00fa3eb810b,3,K8gkI8,2020-11-19,2020,11,Thursday,3,10.5,
50a53166-d946-4399-9054-bdcf18444e01,3,V9hDyY,2020-11-19,2020,11,Thursday,2,7.0,
d511f30a-e0ac-407a-87cf-ec8ed85a9fe6,3,V9hDyY,2020-11-19,2020,11,Thursday,3,10.5,
d811083e-4887-4d8d-9a57-22be458c0557,3,IWoDZ7,2020-11-19,2020,11,Thursday,1,3.5,
e2d217cc-84e0-4b45-95dd-f02a60cba24c,3,QIb1Te,2020-11-19,2020,11,Thursday,2,7.0,
08b38d60-68b8-425f-b706-45420a0cd6a6,3,8CnCaM,2020-11-19,2020,11,Thursday,2,7.0,4a1ba2e8-6d29-4d1e-8c0f-6e1b020860d9
c13eafe5-b7a3-4caf-823f-6e7abf97d5ce,3,J4fMRf,2020-11-19,2020,11,Thursday,2,7.0,f79bfce9-1290-4719-b9e9-508a3d47d1ed
aed11929-beaa-48be-a699-b99e83a61421,3,1X3p2H,2020-11-19,2020,11,Thursday,1,3.5,
39c65c32-0113-4df5-acd6-11fef59b9036,3,g0RPTY,2020-11-19,2020,11,Thursday,2,7.0,
40374e50-5f41-435e-97f2-6fded2402129,3,IWoDZ7,2020-11-19,2020,11,Thursday,2,7.0,a3051778-2cf8-4fdf-b056-1669dbfa1058
9e8f5859-b3f7-4cb2-b98f-009092bd32d2,3,XkiZ9D,2020-11-19,2020,11,Thursday,3,10.5,
6ab8337e-a6ea-4ed7-8b1f-84cb05d9b71f,3,AcIRu7,2020-11-19,2020,11,Thursday,2,7.0,
aa7ec279-ffeb-4e6f-816a-5845bbdb00df,3,Xd4sZA,2020-11-19,2020,11,Thursday,3,10.5,
ebfeded3-29c2-46a8-8823-62e1bd20607f,3,pCjr1R,2020-11-19,2020,11,Thursday,2,7.0,
5f21bd92-71d1-4b96-9bd7-d60f97e3092a,3,9FFwEf,2020-11-19,2020,11,Thursday,1,3.5,7961968c-c9f8-4bc6-8b99-129f2c18ae7f
e3ff97ed-46b9-43cd-a183-024b394aa8eb,3,fvBBXY,2020-11-19,2020,11,Thursday,2,7.0,
a2835d6d-c466-4810-8f9b-ab0c33632aae,3,pCjr1R,2020-11-19,2020,11,Thursday,2,7.0,6d695221-8bcc-4965-8172-8b4b283b54b5
2ea4cea7-cb39-4540-93e6-26c1c4796fd2,3,J4fMRf,2020-11-19,2020,11,Thursday,3,10.5,
b5194557-d503-4ce2-9d2a-d1de4300ccd9,3,XkiZ9D,2020-11-19,2020,11,Thursday,3,10.5,
4ac7c322-5d70-4657-9b12-86d6fd33840b,3,RZZSxq,2020-11-19,2020,11,Thursday,1,3.5,ae7408ac-411e-452c-807f-850d703c6bcb
30770898-1114-4eb0-9ccc-fde3ec94f282,3,iYvFyn,2020-11-19,2020,11,Thursday,1,3.5,
96a19665-0328-47de-84ef-1a37e2fe6d4e,3,V9hDyY,2020-11-19,2020,11,Thursday,3,10.5,
d25e42ce-ea27-44b2-b440-48ea3223a3d9,3,AcIRu7,2020-11-19,2020,11,Thursday,2,7.0,
c44c5fb0-af3f-4671-a37a-50ffc8f0e9da,3,g0RPTY,2020-11-19,2020,11,Thursday,2,7.0,98395614-ad13-47e3-82c0-999d618cd2a8
9ae30829-0449-4c33-a235-3f67138e5f63,3,IWoDZ7,2020-11-19,2020,11,Thursday,3,10.5,
4971c7e4-868c-417d-9c63-4e936b1e452b,3,iYvFyn,2020-11-20,2020,11,Friday,2,7.0,
af1b5d3b-11d7-42f9-9d03-4eed0364c163,3,LRN0uO,2020-11-20,2020,11,Friday,3,10.5,
537dbb96-e5d4-4897-9fb3-7fa4d525362b,3,HHY1ds,2020-11-20,2020,11,Friday,1,3.5,
77572f14-2a49-4066-9278-bd64728d04f7,3,iYvFyn,2020-11-20,2020,11,Friday,1,3.5,
3ba78845-3ad1-4dfb-a37d-1b222453a0d9,3,9FFwEf,2020-11-20,2020,11,Friday,2,7.0,
3b718e0e-5904-4ced-afff-7427cd5fcb98,3,LRN0uO,2020-11-20,2020,11,Friday,2,7.0,
2a1a6c88-67c9-4563-b955-2bf52d3afdb0,3,pCjr1R,2020-11-20,2020,11,Friday,3,10.5,
27055e4c-ed91-43cf-ab9a-62d024b0c847,3,RZZSxq,2020-11-20,2020,11,Friday,3,10.5,
4846fa50-c43b-433c-b0c0-fbddd5206e5b,3,TwErrn,2020-11-20,2020,11,Friday,2,7.0,
3bcbff7d-dbcd-40be-a67c-97cb88ec63aa,3,1X3p2H,2020-11-20,2020,11,Friday,2,7.0,
f878abfb-b7d3-4cf1-b356-bfaffb0c9a4b,3,TwErrn,2020-11-20,2020,11,Friday,2,7.0,7a29d454-7d73-483d-b618-c90c049cf73e
e5f868fc-a033-4373-9b3a-6e1507150cf1,3,RZZSxq,2020-11-20,2020,11,Friday,2,7.0,
4b740db6-9dfd-49e1-88a5-7386d5399de7,3,QIb1Te,2020-11-20,2020,11,Friday,3,10.5,6060bba8-1922-4bc8-a91b-6f8cd6497c90
cf3dee00-787c-47b3-96ad-caad18113d85,3,YnyFQq,2020-11-20,2020,11,Friday,2,7.0,9a159fc2-25f6-4568-9170-6699d347fb53
1d8df0a1-7658-4858-b685-d0ef480e4e15,3,Xd4sZA,2020-11-20,2020,11,Friday,2,7.0,
5423d7f1-9f68-4947-81ac-a1e92db53f98,3,9FFwEf,2020-11-20,2020,11,Friday,2,7.0,
7b4e48db-0e53-4ea4-a90e-ce2079ad320c,3,Xd4sZA,2020-11-20,2020,11,Friday,2,7.0,9db5830f-36bd-4450-87bd-c754796a909e
88dd11a0-627a-4bbf-b99e-92221e3f3fe1,3,YnyFQq,2020-11-20,2020,11,Friday,2,7.0,40fdee27-e2a8-41a3-bd7f-aea31b7d952c
ed50e459-ee06-444e-b2c4-0d3d5907d20f,3,V9hDyY,2020-11-20,2020,11,Friday,3,10.5,1e50503a-5e78-4555-93d3-9a7d0fcbfa20
ff42517e-4ad7-4c03-9484-37b0c21d3449,3,LRN0uO,2020-11-20,2020,11,Friday,1,3.5,
2dcffeea-4aba-4c21-bed5-634ec06d2270,3,pCjr1R,2020-11-20,2020,11,Friday,2,7.0,511ed47d-4be3-4a52-b7e5-49c7703a7006
eee501bb-ec00-4a3a-9e86-49baf0a91666,3,K8gkI8,2020-11-20,2020,11,Friday,1,3.5,
46e204d2-22f6-49d9-8cd8-5da10408190f,3,XkiZ9D,2020-11-20,2020,11,Friday,1,3.5,40fdee27-e2a8-41a3-bd7f-aea31b7d952c
3eeeaa23-41db-426c-9ed3-d4a6470129b7,3,LRN0uO,2020-11-20,2020,11,Friday,1,3.5,
f48f74b1-dc47-4e13-8e42-062417334f07,3,J4fMRf,2020-11-20,2020,11,Friday,3,10.5,
5573b8e3-219d-45b3-b1f6-3a07fc15ee07,3,1X3p2H,2020-11-20,2020,11,Friday,2,7.0,
6f273757-10e4-4f28-a2ef-b12560303b79,3,AcIRu7,2020-11-20,2020,11,Friday,2,7.0,ef5b667b-f24f-418f-939e-2b18ac75abdc
61d3705a-e73c-4562-8d19-88c52f4c2340,3,V9hDyY,2020-11-20,2020,11,Friday,2,7.0,
2b8042ac-d5b7-4ae4-a84d-0ec92107c907,3,IWoDZ7,2020-11-20,2020,11,Friday,2,7.0,
6549d1c7-bf7c-4b3c-90c0-220268b9294e,3,YnyFQq,2020-11-20,2020,11,Friday,1,3.5,
9a82647c-57ac-4175-9481-27ab9d000951,3,pCjr1R,2020-11-20,2020,11,Friday,1,3.5,7341c94d-ab5c-4974-b41c-062cf1da0647
81163be2-ec4c-4189-8280-651e3b6cf997,3,9FFwEf,2020-11-20,2020,11,Friday,2,7.0,
2c4f317b-368f-4c89-820b-e38258ffc2f8,3,8CnCaM,2020-11-20,2020,11,Friday,3,10.5,
b0c5e202-81f1-4bcc-9fb6-9072aeafaa5b,3,Xd4sZA,2020-11-20,2020,11,Friday,1,3.5,26487452-4a1c-4a11-9a65-f906bd039317
b1c1f1aa-7f84-46ca-99aa-232ba95e6b2f,3,RZZSxq,2020-11-20,2020,11,Friday,1,3.5,ae7408ac-411e-452c-807f-850d703c6bcb
984fe17a-659a-4ef5-a0fa-0af40507125f,3,iYvFyn,2020-11-20,2020,11,Friday,3,10.5,9db5830f-36bd-4450-87bd-c754796a909e
9cf61318-a218-4a8f-ab37-1b8b6e79d06d,3,iYvFyn,2020-11-20,2020,11,Friday,2,7.0,8b168093-a508-407e-96b1-5fe3ae301949
e680fab0-3ee6-4873-a149-6f3a9da27264,3,9FFwEf,2020-11-20,2020,11,Friday,2,7.0,
4d3b6252-a9d3-4125-a9ee-e8d1d5619af4,3,K8gkI8,2020-11-20,2020,11,Friday,2,7.0,
618ffe03-d3bf-46e5-892c-cbecca34b570,3,RZZSxq,2020-11-20,2020,11,Friday,2,7.0,51720aaf-c319-496d-91af-e557605a83b9
930da660-9b81-44d7-a6b7-634a9ece0681,3,iYvFyn,2020-11-20,2020,11,Friday,1,3.5,29c2faeb-982a-456e-96c0-a4bfd071435a
51bd8ae9-0b1f-44f5-bcf3-c4893684b94b,3,g0RPTY,2020-11-20,2020,11,Friday,1,3.5,
8ddbab81-89d8-42f5-b0b5-17afc4667d77,3,TwErrn,2020-11-20,2020,11,Friday,2,7.0,
31f740cf-37fd-4e9b-956d-dbe075d4b276,3,RZZSxq,2020-11-20,2020,11,Friday,2,7.0,
fe29ba76-a179-4ffd-a62a-63c2b84e8bc1,3,QIb1Te,2020-11-20,2020,11,Friday,3,10.5,
01e0895c-6465-4e03-836f-3174230ef8c1,3,pCjr1R,2020-11-20,2020,11,Friday,2,7.0,
06737c22-b59c-47dd-b3b1-c364f8302ad1,3,LRN0uO,2020-11-20,2020,11,Friday,2,7.0,
9fbe74b9-affc-4b21-b0db-94f4a72e694d,3,1X3p2H,2020-11-20,2020,11,Friday,3,10.5,7961968c-c9f8-4bc6-8b99-129f2c18ae7f
993bc85a-22bb-43da-b227-d7bd38e1c8d0,3,QIb1Te,2020-11-20,2020,11,Friday,1,3.5,
52ff6b42-4240-4732-92f6-27c9085cb69a,3,fvBBXY,2020-11-20,2020,11,Friday,2,7.0,
ceed2330-7b47-4fe4-ae0d-366d611df4bf,3,LRN0uO,2020-11-20,2020,11,Friday,3,10.5,
abcbe8c2-99ae-432b-8edd-69ec2cd561c8,3,XkiZ9D,2020-11-20,2020,11,Friday,2,7.0,
ff333fb1-b59d-46b2-ba74-dc9020a73764,3,9FFwEf,2020-11-20,2020,11,Friday,1,3.5,
0409f44c-7604-422a-b90d-05ffb083e36f,3,pCjr1R,2020-11-20,2020,11,Friday,2,7.0,
1c80a615-6bc4-4077-95c4-cbd377c5e11e,3,iYvFyn,2020-11-20,2020,11,Friday,1,3.5,
257302df-9f33-4f69-aa36-960d4a491cb5,3,QIb1Te,2020-11-20,2020,11,Friday,2,7.0,
bc62b9d5-0bd1-421b-8aaa-e167cee2846c,3,LRN0uO,2020-11-20,2020,11,Friday,1,3.5,
0809a81c-38c5-492f-8b1c-d3c7fd93eb6c,3,9FFwEf,2020-11-20,2020,11,Friday,1,3.5,
8563d6a3-1746-4576-b9fb-eea0bc5a132c,3,TwErrn,2020-11-20,2020,11,Friday,2,7.0,
f1c71b63-aab8-4500-ab21-bb682d35d62d,3,HHY1ds,2020-11-20,2020,11,Friday,2,7.0,26487452-4a1c-4a11-9a65-f906bd039317
06ae474c-57c8-4474-af53-eec132bf6f8b,3,YnyFQq,2020-11-20,2020,11,Friday,1,3.5,
7b40b946-f4ad-42b8-a066-88f1a762df83,3,HHY1ds,2020-11-20,2020,11,Friday,3,10.5,
03809480-3566-46a5-a525-17467cd1e035,3,HHY1ds,2020-11-20,2020,11,Friday,3,10.5,
0325976e-6cd1-436b-b9e6-0713191ae146,3,TwErrn,2020-11-20,2020,11,Friday,1,3.5,
f22548b4-c88f-4071-82b2-817177124ed5,3,YnyFQq,2020-11-20,2020,11,Friday,2,7.0,caeb4e50-b7a8-4420-8760-d7cf4b570420
0b806cf9-9675-4fcb-8645-94f8f817cb90,3,XkiZ9D,2020-11-20,2020,11,Friday,3,10.5,
2ef7703c-e014-4fb9-98c2-60f02aaeb61f,3,TwErrn,2020-11-20,2020,11,Friday,1,3.5,
ba84fd37-dead-4697-8792-6e388ea78f7a,3,1X3p2H,2020-11-20,2020,11,Friday,1,3.5,
e3f367bf-b1f3-41d2-8b09-501a44295a90,3,8CnCaM,2020-11-20,2020,11,Friday,2,7.0,
1f18eed7-88c5-446c-b399-d8bc5ff84f28,3,AcIRu7,2020-11-20,2020,11,Friday,2,7.0,3b509243-8181-49d2-9250-2d0ccb8461c3
ac31e841-b7b3-4521-a555-a6c6a519e9d1,3,iYvFyn,2020-11-20,2020,11,Friday,2,7.0,6a295ac4-9de0-4628-9326-0f77eefd1659
5e7bb535-335d-4f89-a96b-1c90e9c9c105,3,iYvFyn,2020-11-20,2020,11,Friday,2,7.0,
6bbea4c8-5df3-45e9-8dd2-7735909ac632,3,IWoDZ7,2020-11-20,2020,11,Friday,2,7.0,220ccbee-70ff-479f-b49e-2d79b6f877cf
bb472fc2-1aec-4740-b135-28b2d860503e,3,J4fMRf,2020-11-20,2020,11,Friday,1,3.5,
836063df-7195-4d8a-a075-faea7af91c5a,3,1X3p2H,2020-11-20,2020,11,Friday,1,3.5,7a359c55-7a89-45e1-b8c2-0bd5e3d7e997
dc2f6832-bc13-414a-9757-8960fa22efbc,3,1X3p2H,2020-11-20,2020,11,Friday,3,10.5,
cafeae27-dfae-4948-9aea-4df1b5925088,3,8CnCaM,2020-11-20,2020,11,Friday,1,3.5,ab8a4566-9d6e-4477-87b0-fecfbe0b01a0
fd731cbf-7cd2-44e2-a151-01c75cc4c3d0,3,V9hDyY,2020-11-20,2020,11,Friday,1,3.5,e535c38b-71a8-40c0-bf54-fbeb2f09ce8d
0f3fcf3e-7d9f-4526-8be8-04e2974f29df,3,9FFwEf,2020-11-20,2020,11,Friday,2,7.0,
4847f254-2c53-48e4-a707-4b384ed503f9,3,fvBBXY,2020-11-20,2020,11,Friday,3,10.5,
2362b629-e0bd-4c51-a9fe-b81791cd2abc,3,J4fMRf,2020-11-21,2020,11,Saturday,3,10.5,
8ebdabe3-f50d-4f20-92fd-9774fb3c93a4,3,K8gkI8,2020-11-21,2020,11,Saturday,2,7.0,
a015d8e3-3c7f-41e4-b58e-8331eed1635d,3,Xd4sZA,2020-11-21,2020,11,Saturday,2,7.0,
384ab965-c10f-41fe-838c-18f351bbfef8,3,RZZSxq,2020-11-21,2020,11,Saturday,2,7.0,
c850559f-f07a-48a4-8b2b-314c0617c961,3,Xd4sZA,2020-11-21,2020,11,Saturday,2,7.0,
7eb8aa5c-3648-4cc9-818a-1879e59d8801,3,J4fMRf,2020-11-21,2020,11,Saturday,1,3.5,
9e39e9ee-5829-4a48-ad9a-0aba3dc028c3,3,8CnCaM,2020-11-21,2020,11,Saturday,1,3.5,
7429734d-38a4-4882-a5d4-be6eed227727,3,V9hDyY,2020-11-21,2020,11,Saturday,1,3.5,
e7920a78-1058-4f0e-a8e7-c943cc76e8eb,3,Xd4sZA,2020-11-21,2020,11,Saturday,1,3.5,
c463f2af-2f24-4ac6-9c88-43d1410ffccf,3,pCjr1R,2020-11-21,2020,11,Saturday,2,7.0,
467215c4-bd9c-432e-9733-51bd073e9ab4,3,V9hDyY,2020-11-21,2020,11,Saturday,3,10.5,bb0cf9e0-c317-4001-b76e-47d525b74100
5b49f0df-9c83-46ed-9d86-9096ef59b787,3,9FFwEf,2020-11-21,2020,11,Saturday,3,10.5,
29958618-a94d-4a6a-9604-9ffa43f5fc05,3,QIb1Te,2020-11-21,2020,11,Saturday,1,3.5,8383619b-3bdb-48df-86e0-b47c5979f229
2c246cfe-2990-4805-a26e-994a6e2bdff2,3,9FFwEf,2020-11-21,2020,11,Saturday,2,7.0,e7d9c1e6-2d06-4f07-938c-6977397f3e26
8721660b-9fc0-4314-8485-185c37709a62,3,J4fMRf,2020-11-21,2020,11,Saturday,2,7.0,
14a30a10-50e4-4cd4-8a85-66d654e2c2ed,3,9FFwEf,2020-11-21,2020,11,Saturday,2,7.0,
6692b34f-3ebd-4294-b5fd-cff107130dd5,3,RZZSxq,2020-11-21,2020,11,Saturday,2,7.0,aae169e6-375a-4446-aaad-38ca7eb6d2c9
f989b306-2216-49b2-8018-c05710bd3873,3,K8gkI8,2020-11-21,2020,11,Saturday,2,7.0,1c99f61c-33d7-4035-b2e8-33bb13a9f458
d441af2e-3526-44ff-8b52-61908cf02972,3,iYvFyn,2020-11-21,2020,11,Saturday,2,7.0,
d3f6a1e9-2545-48e0-ad0b-9c538d6b48db,3,AcIRu7,2020-11-21,2020,11,Saturday,2,7.0,
a7df076c-8954-47af-a22c-e46ff4137992,3,IWoDZ7,2020-11-21,2020,11,Saturday,3,10.5,
3778a103-de51-4f42-9ada-753913be31f3,3,AcIRu7,2020-11-21,2020,11,Saturday,3,10.5,
13b1e1ab-c9a1-48c3-b5db-93284d7b6dca,3,TwErrn,2020-11-21,2020,11,Saturday,1,3.5,587f8f67-e282-4753-9f22-fc4e9ecd7990
e7d59d2f-be32-459f-af52-a6a98878f083,3,g0RPTY,2020-11-21,2020,11,Saturday,1,3.5,
08c4d32b-3e42-4072-8ca6-843a46deddd6,3,RZZSxq,2020-11-21,2020,11,Saturday,3,10.5,
591b97c8-b3d8-4ab0-9885-c87a4f16aa14,3,9FFwEf,2020-11-21,2020,11,Saturday,1,3.5,
755aea93-ec53-4835-a75c-eb9910dd8020,3,XkiZ9D,2020-11-21,2020,11,Saturday,1,3.5,7690b1d8-6f6f-42d8-ae62-30e85e25055f
eed6de0c-c16b-414c-99d2-115053e60870,3,Xd4sZA,2020-11-21,2020,11,Saturday,2,7.0,6d695221-8bcc-4965-8172-8b4b283b54b5
78bb2200-9055-47c7-aa15-f4f04fd353c8,3,TwErrn,2020-11-21,2020,11,Saturday,3,10.5,bc938f61-4a2b-4ed7-b101-b34357060b4d
95407ebe-75c9-4ba1-91a0-86521a1ab3e7,3,pCjr1R,2020-11-21,2020,11,Saturday,1,3.5,
d00c13bd-8957-4285-a876-75c0b036a8bf,3,1X3p2H,2020-11-21,2020,11,Saturday,2,7.0,97ecb963-546c-486e-b147-cef5cf3f8031
fc0df228-a517-494a-91ba-fa0868384af0,3,g0RPTY,2020-11-21,2020,11,Saturday,3,10.5,
9a49e151-1a0e-45ff-ae26-c3ebced0f027,3,IWoDZ7,2020-11-21,2020,11,Saturday,3,10.5,3844157a-114c-4cbc-968a-7c30f702f9a7
5fb2b38c-635b-416d-8e48-3452c64c56d0,3,iYvFyn,2020-11-21,2020,11,Saturday,2,7.0,
5c4b5b19-3aaf-4816-a32f-2dcff20e88cc,3,fvBBXY,2020-11-21,2020,11,Saturday,1,3.5,07326e55-8820-4c75-9a7e-9a782bf59a7c
9d18b23e-fb34-4b11-bc38-48e131c19a56,3,K8gkI8,2020-11-21,2020,11,Saturday,1,3.5,5780b162-a90b-4049-b898-d2952d9b8f88
b202d380-48fb-47c2-a9d2-ba0e61e85c0a,3,iYvFyn,2020-11-21,2020,11,Saturday,3,10.5,
0fa03a8e-48fa-46df-bb10-1e3222db2191,3,IWoDZ7,2020-11-21,2020,11,Saturday,2,7.0,b31a1b02-af7a-407b-93af-62fbf6bc9710
21f7b156-383b-413e-a41e-8df4f6929b50,3,QIb1Te,2020-11-21,2020,11,Saturday,2,7.0,
3e5394f1-5de2-476d-a988-c09075826ec3,3,8CnCaM,2020-11-21,2020,11,Saturday,2,7.0,
61a27b88-dc7e-4a70-8410-98c4c166c81b,3,HHY1ds,2020-11-21,2020,11,Saturday,2,7.0,e7d9c1e6-2d06-4f07-938c-6977397f3e26
7ac27746-4f94-4f24-a48f-cf98f7d8e619,3,TwErrn,2020-11-21,2020,11,Saturday,3,10.5,
a1d6a4d0-8dda-4475-98ea-f1794b0ae5fd,3,J4fMRf,2020-11-21,2020,11,Saturday,2,7.0,
6999c0f7-204c-4cb7-8d59-144b65f9e1d5,3,XkiZ9D,2020-11-21,2020,11,Saturday,1,3.5,
1e57e30a-453f-44ae-bc8a-ce42c584faac,3,8CnCaM,2020-11-21,2020,11,Saturday,2,7.0,
bbb58a82-5dcd-4c54-984d-4ea52df10998,3,g0RPTY,2020-11-21,2020,11,Saturday,2,7.0,07326e55-8820-4c75-9a7e-9a782bf59a7c
2ec81470-fb47-4bb7-9362-f09f3fa97a7d,3,IWoDZ7,2020-11-21,2020,11,Saturday,1,3.5,
86f0c90b-2fe9-45ba-b131-22747040ba5a,3,J4fMRf,2020-11-21,2020,11,Saturday,2,7.0,
80be78e0-f8ac-4af3-af51-43c9c4a10e68,3,g0RPTY,2020-11-21,2020,11,Saturday,2,7.0,ae3314e8-98a0-4c08-8de4-4a46bbeced02
70872f19-4452-476d-86a2-f70cd15dcbb9,3,1X3p2H,2020-11-21,2020,11,Saturday,2,7.0,
525711ea-5aad-485a-9eaf-8272485c54d1,3,V9hDyY,2020-11-21,2020,11,Saturday,1,3.5,48cabfc7-384a-4e63-965c-31995d58be55
abad9108-9e98-45f3-bb1b-4cd2685076f2,3,XkiZ9D,2020-11-21,2020,11,Saturday,2,7.0,
1ac1ec80-1e39-4f63-8e95-b78d871ea7d9,3,HHY1ds,2020-11-21,2020,11,Saturday,2,7.0,
9e051bca-6491-4df5-8a83-7eac210fc83b,3,IWoDZ7,2020-11-21,2020,11,Saturday,3,10.5,
fd2563da-9e3f-40c0-9033-a0df4c02fcd2,3,8CnCaM,2020-11-21,2020,11,Saturday,3,10.5,c1cb0c6b-22eb-4a15-9665-76710970df1a
e5c4d225-8b77-4ce0-b99e-b6b3c3361d21,3,K8gkI8,2020-11-21,2020,11,Saturday,2,7.0,e22cd5a7-c542-47c0-a422-e1f3868ad009
950443da-2cfb-4116-b072-67ad19c6daf1,3,TwErrn,2020-11-21,2020,11,Saturday,3,10.5,07326e55-8820-4c75-9a7e-9a782bf59a7c
9dcadeb6-c56d-47bd-abcf-dd6a91831754,3,LRN0uO,2020-11-21,2020,11,Saturday,1,3.5,
e81b51cc-2529-4b92-b443-e3ba4b7d5096,3,TwErrn,2020-11-21,2020,11,Saturday,2,7.0,
7e610a54-e382-457b-b215-5b24e2018f63,3,fvBBXY,2020-11-21,2020,11,Saturday,2,7.0,
81833553-3e59-4b93-b3b1-6047dd9e5478,3,YnyFQq,2020-11-21,2020,11,Saturday,2,7.0,
95181156-cd78-42ad-82e5-1213d161dca1,3,iYvFyn,2020-11-21,2020,11,Saturday,2,7.0,
7a8bcb52-7f41-42b1-a9e3-4615f54bb731,3,LRN0uO,2020-11-21,2020,11,Saturday,2,7.0,097df1c8-9bca-4004-aeb6-cff30894909e
ee890907-ceed-4ba5-895c-24cf72836ce0,3,K8gkI8,2020-11-21,2020,11,Saturday,3,10.5,
cf901590-0f40-40a3-8de9-50d690c5f830,3,iYvFyn,2020-11-21,2020,11,Saturday,2,7.0,9a159fc2-25f6-4568-9170-6699d347fb53
dfa8e309-9135-4e96-80aa-9419b8d1b081,3,8CnCaM,2020-11-21,2020,11,Saturday,2,7.0,4d5134d1-2f06-4d63-8263-eec292d23312
69f34184-80cf-4d20-8672-f3df72e28421,3,8CnCaM,2020-11-21,2020,11,Saturday,2,7.0,
8dd78c55-c4bd-43b1-bd95-c1be1eeb56bd,3,g0RPTY,2020-11-21,2020,11,Saturday,1,3.5,e99907e0-bec1-4816-bf96-4547bf379540
c9f2403a-6181-4650-9690-6d3d9242e583,3,RZZSxq,2020-11-21,2020,11,Saturday,2,7.0,7aef7783-f30c-4f06-857e-384405b60b60
4d8ebce0-1e29-483e-8b99-edaf20010d0d,3,8CnCaM,2020-11-21,2020,11,Saturday,2,7.0,
636aacf1-aa1e-4e4b-8b42-c8f4e06c78ae,3,YnyFQq,2020-11-21,2020,11,Saturday,3,10.5,a7d3ba2d-8581-4fa8-ad9f-c36ccfb7f52d
889150e9-a543-444f-b9a6-55a1e3e61dfe,3,J4fMRf,2020-11-21,2020,11,Saturday,1,3.5,
7324ee68-fc4a-49c6-86fb-25fd79dd2011,3,9FFwEf,2020-11-21,2020,11,Saturday,2,7.0,
89801f6b-1537-4e7e-af10-01f5b36c36da,3,XkiZ9D,2020-11-21,2020,11,Saturday,2,7.0,39d6adaa-01bc-4001-a570-eb4d49528f47
52d19f37-19d8-479d-ad18-4805eda5337a,3,K8gkI8,2020-11-21,2020,11,Saturday,2,7.0,
a164a4aa-7cd6-4238-b4d4-bbc93793315c,3,iYvFyn,2020-11-21,2020,11,Saturday,2,7.0,5af7924b-0487-49bf-8e32-794bf77e9bb1
f42ad2f0-280a-442d-90ed-84e10cf417b9,3,YnyFQq,2020-11-21,2020,11,Saturday,1,3.5,
010a7d7a-00c7-4472-ad05-302c9eccbe20,3,Xd4sZA,2020-11-21,2020,11,Saturday,3,10.5,f399e73c-8f7e-4a5c-aaac-cf84321b5e74
22017242-5591-4c14-8fcf-a823217f2d05,3,g0RPTY,2020-11-21,2020,11,Saturday,1,3.5,
f6f69170-a3bb-435d-bb5d-f679ae1a74a6,3,9FFwEf,2020-11-21,2020,11,Saturday,1,3.5,3ee4b12b-d7b4-4a47-858f-860fa3a302ed
b7b1e39d-93f4-452e-b4a2-32c5d27254e7,3,g0RPTY,2020-11-21,2020,11,Saturday,2,7.0,68effe8f-4917-4e28-8c34-a16030a48045
46193a92-a2be-4d48-a9a7-d69797491ebf,3,YnyFQq,2020-11-21,2020,11,Saturday,2,7.0,
29ba7c75-29bd-451a-acac-392e66eceaa3,3,1X3p2H,2020-11-21,2020,11,Saturday,2,7.0,104680e6-78b4-414c-8402-191243d43b87
865aee4f-b14f-4deb-89e0-7a1dbdbde852,3,HHY1ds,2020-11-21,2020,11,Saturday,2,7.0,
cfc71c96-aa58-4f96-8392-152946610bbf,3,g0RPTY,2020-11-21,2020,11,Saturday,2,7.0,
763d4b98-8b4a-451e-bc2b-bf709cf8ea5f,3,1X3p2H,2020-11-21,2020,11,Saturday,1,3.5,
7ff40918-778d-4d55-acb4-2d84e87e5560,3,1X3p2H,2020-11-21,2020,11,Saturday,1,3.5,4b4fef43-ff1a-4ed6-bbd4-00d9a0102340
0ae0fd14-c605-4a63-b4e6-ed9687c3b966,3,1X3p2H,2020-11-21,2020,11,Saturday,2,7.0,
1a86fb23-d478-4d13-9b53-50d7af021aea,3,RZZSxq,2020-11-21,2020,11,Saturday,1,3.5,
97e87f2a-f5e3-45d6-a176-eeb9fd301eff,3,RZZSxq,2020-11-21,2020,11,Saturday,2,7.0,
86aa3a9a-9da8-4289-b637-34fb8e1f1a7e,3,8CnCaM,2020-11-21,2020,11,Saturday,2,7.0,
464ef05d-1c70-454e-a083-46f38455eec3,3,LRN0uO,2020-11-21,2020,11,Saturday,2,7.0,78cf43f3-f011-47ec-bf94-29999cdbd4d7
a3d1070b-af75-4e0f-aa28-bba7d4a8af00,3,IWoDZ7,2020-11-21,2020,11,Saturday,2,7.0,
0857253a-874e-4410-9d23-bf4d2ede90a3,3,g0RPTY,2020-11-21,2020,11,Saturday,2,7.0,
a196bdc0-0402-42f9-9925-1a3b5a3110c5,3,K8gkI8,2020-11-21,2020,11,Saturday,2,7.0,
d897f99b-3c54-4f5e-a31d-35e5ab56fb35,3,HHY1ds,2020-11-21,2020,11,Saturday,1,3.5,
bc61a028-6e15-4ebd-969b-ef799d7a4c02,3,RZZSxq,2020-11-21,2020,11,Saturday,2,7.0,
00636af3-f10b-41f1-ae4a-3acb1d4bc18d,3,RZZSxq,2020-11-22,2020,11,Sunday,2,7.0,aeee026c-d517-474a-9d71-31b4cb8612b2
136070f1-db91-4790-a42a-538a6b574860,3,fvBBXY,2020-11-22,2020,11,Sunday,2,7.0,
e07f1261-7494-41b1-822c-b6325474f928,3,pCjr1R,2020-11-22,2020,11,Sunday,1,3.5,
80f47fa9-529d-429c-a949-066847dff4b0,3,1X3p2H,2020-11-22,2020,11,Sunday,3,10.5,413f2c9c-eeaf-4c9e-9170-1ac1510f49af
5d9a2fe2-3039-4e81-be4f-db4c890faf3f,3,Xd4sZA,2020-11-22,2020,11,Sunday,3,10.5,05bc364f-9163-4cce-8290-fbe64ea56e5b
7ade4482-6841-4b37-b0ec-2c931fac975e,3,RZZSxq,2020-11-22,2020,11,Sunday,1,3.5,
7c481445-f174-4d06-b9de-73df00034a7a,3,J4fMRf,2020-11-22,2020,11,Sunday,1,3.5,37cb3497-7618-4714-9354-68713e894f1b
76e23f17-2733-4a24-8da1-614f2acd6afa,3,g0RPTY,2020-11-22,2020,11,Sunday,3,10.5,
7af4783e-e3ff-4036-bb3f-bad8357fda6e,3,K8gkI8,2020-11-22,2020,11,Sunday,1,3.5,
f821c044-2873-4c66-8cc0-1cfef7f15a0f,3,V9hDyY,2020-11-22,2020,11,Sunday,2,7.0,e93486f6-eb6e-4dcf-925f-1195070a4bdd
ddc29db9-f800-4e61-9779-2579a69154b7,3,Xd4sZA,2020-11-22,2020,11,Sunday,1,3.5,
ec5263a2-ec1a-4169-b149-e2bdbce1b0e2,3,QIb1Te,2020-11-22,2020,11,Sunday,3,10.5,
371f0bc3-fd5e-4917-8197-4e998ceccd49,3,YnyFQq,2020-11-22,2020,11,Sunday,1,3.5,
d571307b-cc34-45f0-9e3f-4e31cb2a0667,3,8CnCaM,2020-11-22,2020,11,Sunday,3,10.5,32c77228-8890-42e9-9c1c-ff9dbdbe0572
4226a9f5-04bf-49a0-aa66-c148b0747e4f,3,IWoDZ7,2020-11-22,2020,11,Sunday,2,7.0,
3dbdab94-c66a-4f10-a6f8-cdf5ec80b622,3,IWoDZ7,2020-11-22,2020,11,Sunday,2,7.0,
0ba6e995-f70d-49a1-9ab8-932b6dd3070f,3,LRN0uO,2020-11-22,2020,11,Sunday,3,10.5,
3eb32129-80e4-4f6f-a123-c0ee234cad88,3,XkiZ9D,2020-11-22,2020,11,Sunday,2,7.0,
325831b2-0f00-4be5-95cb-b64664642dd9,3,TwErrn,2020-11-22,2020,11,Sunday,2,7.0,
a5b86b12-98c0-42ea-baaf-817db116ec14,3,RZZSxq,2020-11-22,2020,11,Sunday,2,7.0,
eb29a655-23b0-44fd-9484-e8bb5fa5ba9e,3,AcIRu7,2020-11-22,2020,11,Sunday,1,3.5,
bc24b382-b902-45ec-b070-def83639736f,3,AcIRu7,2020-11-22,2020,11,Sunday,2,7.0,
00c23b19-23b4-4e63-8644-1b18eba665b4,3,Xd4sZA,2020-11-22,2020,11,Sunday,3,10.5,94f578db-8aef-463c-81ad-ff057caf89e0
6fa7f3bf-fe50-4f3d-a617-9d87d27a2eb2,3,IWoDZ7,2020-11-22,2020,11,Sunday,2,7.0,
3c1df878-94a7-4ca2-81d4-301f38b8cefc,3,YnyFQq,2020-11-22,2020,11,Sunday,2,7.0,
f3341f32-c5a1-4d1b-801e-9b77b67b57e6,3,TwErrn,2020-11-22,2020,11,Sunday,1,3.5,
371a1e66-e3af-41b3-b993-a0964dd2e5d5,3,YnyFQq,2020-11-22,2020,11,Sunday,3,10.5,cf96d80e-620b-4b4f-b346-83828a391ca8
3da95185-79ab-40ec-837c-9bb070150d46,3,iYvFyn,2020-11-22,2020,11,Sunday,2,7.0,
fb780c00-2c14-4ac3-9728-7c645a992b21,3,fvBBXY,2020-11-22,2020,11,Sunday,3,10.5,
95e750e9-7ba0-4d2f-ae34-fc94620a17d0,3,QIb1Te,2020-11-22,2020,11,Sunday,2,7.0,
1c7b3db2-e365-446e-b7e3-1a12590a5cca,3,HHY1ds,2020-11-22,2020,11,Sunday,3,10.5,
debec276-a365-49b9-b047-9e1561c2225f,3,TwErrn,2020-11-22,2020,11,Sunday,3,10.5,
d9406773-33ef-4b90-abd3-2939b96ca8b4,3,QIb1Te,2020-11-22,2020,11,Sunday,1,3.5,9677d29a-fc88-4d6a-8bab-36706e66ffd3
ae5542dc-c674-42c8-8ca4-728c57f1cc3a,3,fvBBXY,2020-11-22,2020,11,Sunday,3,10.5,f399e73c-8f7e-4a5c-aaac-cf84321b5e74
7f33108c-9698-4706-a4b4-48b23ab5074e,3,V9hDyY,2020-11-22,2020,11,Sunday,3,10.5,5de746d2-23fa-4b26-82a8-ae7e5f9571af
cdf3a26a-b81f-48e3-a09a-a7c300b7355e,3,iYvFyn,2020-11-22,2020,11,Sunday,2,7.0,0c4795ee-75eb-4f9e-b73f-1b8826a15029
015e8bba-baf9-4dd6-9c67-9e421794eb88,3,Xd4sZA,2020-11-22,2020,11,Sunday,2,7.0,
17e29b3e-3259-449d-a7f8-7541b982faf7,3,iYvFyn,2020-11-22,2020,11,Sunday,2,7.0,
35f38e77-2494-47c1-9d86-86a4f64affd1,3,fvBBXY,2020-11-22,2020,11,Sunday,2,7.0,54d1910c-68e2-43d5-add1-4618b77eaa7a
71cb9935-385d-4d43-89ff-fa1286da67bb,3,TwErrn,2020-11-22,2020,11,Sunday,2,7.0,
741c1f21-9304-46e6-8914-03be496ef5fb,3,9FFwEf,2020-11-22,2020,11,Sunday,2,7.0,
69155f4f-5c39-4788-a2df-63ffa8aba88d,3,K8gkI8,2020-11-22,2020,11,Sunday,3,10.5,
cec2ef26-216c-4ce7-b419-82ab28315ce9,3,RZZSxq,2020-11-22,2020,11,Sunday,3,10.5,04acca25-4c5b-4442-8148-a7f25643420a
56285b63-141c-4ba0-942d-39e0adecc72e,3,8CnCaM,2020-11-22,2020,11,Sunday,3,10.5,
d6ec6df5-0c1c-4277-ab87-18d8947536aa,3,fvBBXY,2020-11-22,2020,11,Sunday,1,3.5,
6778d448-f470-4d33-b1a8-e50034031387,3,V9hDyY,2020-11-22,2020,11,Sunday,1,3.5,
9fd115ce-704c-4e23-84e2-c3c465969df0,3,XkiZ9D,2020-11-22,2020,11,Sunday,1,3.5,
fcc746b2-696a-4405-98b3-14c8783e10ba,3,IWoDZ7,2020-11-22,2020,11,Sunday,2,7.0,3b228ec6-bc20-4b49-8074-85dd05cec9d4
18237aa3-2633-42a5-b957-74c11fabc1e1,3,8CnCaM,2020-11-22,2020,11,Sunday,3,10.5,
1fd1757b-14ad-4053-adf5-a06870d416f4,3,1X3p2H,2020-11-22,2020,11,Sunday,3,10.5,
ff848126-aab3-4fd6-bdf7-619c443e7eb2,3,V9hDyY,2020-11-22,2020,11,Sunday,2,7.0,2a8e2593-9807-4efd-aa44-36e627f35376
25c8bd19-3d67-4e21-9ffe-dd505e6a9c9c,3,g0RPTY,2020-11-22,2020,11,Sunday,3,10.5,
6e3232b8-3d34-49a4-9c49-23824142c0c0,3,9FFwEf,2020-11-22,2020,11,Sunday,1,3.5,92379d33-a068-4ba0-abb3-0b3a46925bcc
f6148074-5efe-457f-a5a5-2226b28244bf,3,AcIRu7,2020-11-22,2020,11,Sunday,2,7.0,
43678cba-9240-444e-8be7-8c65f9419b02,3,8CnCaM,2020-11-22,2020,11,Sunday,3,10.5,
e0f3bcb2-1dc9-4214-9963-584e6d605611,3,QIb1Te,2020-11-22,2020,11,Sunday,2,7.0,b4a395b1-165d-4174-93b9-ccf601f432fd
e890b406-07b7-4e5f-8501-ebdcbd97628a,3,g0RPTY,2020-11-22,2020,11,Sunday,3,10.5,
4670cf49-0b84-4375-bbaf-bbc12c0b92eb,3,iYvFyn,2020-11-22,2020,11,Sunday,1,3.5,
246d621f-b6f8-42cd-9f30-c2425e9603e7,3,iYvFyn,2020-11-22,2020,11,Sunday,2,7.0,
facb4d28-ca13-4e00-bb0b-902c58985834,3,AcIRu7,2020-11-22,2020,11,Sunday,3,10.5,37cb3497-7618-4714-9354-68713e894f1b
cea963de-6b84-4b2b-86c7-759533c097ea,3,XkiZ9D,2020-11-22,2020,11,Sunday,2,7.0,
9152efee-93a6-4f45-b2c8-4dd92b079d65,3,J4fMRf,2020-11-22,2020,11,Sunday,2,7.0,
b2d0bb1c-0f34-456a-a0fb-719d5181f47f,3,YnyFQq,2020-11-22,2020,11,Sunday,2,7.0,413f2c9c-eeaf-4c9e-9170-1ac1510f49af
8f3e27e5-254f-4505-ac59-de80769869bc,3,8CnCaM,2020-11-22,2020,11,Sunday,3,10.5,5602ac6c-b457-4267-af2d-12e131e14f95
efbd934c-47db-491d-b9a9-1f103c709480,3,IWoDZ7,2020-11-22,2020,11,Sunday,2,7.0,
44efd735-c562-4370-94c9-702424d6ff72,3,8CnCaM,2020-11-22,2020,11,Sunday,3,10.5,
7f86c30a-d3ff-4019-a708-7e3597b1aa54,3,pCjr1R,2020-11-22,2020,11,Sunday,1,3.5,37cb3497-7618-4714-9354-68713e894f1b
bf9fe503-1004-407b-af18-afd2057819ac,3,fvBBXY,2020-11-22,2020,11,Sunday,2,7.0,9db5830f-36bd-4450-87bd-c754796a909e
57fcdbf8-3d7d-4ef3-bd76-a09b214d8b4a,3,XkiZ9D,2020-11-22,2020,11,Sunday,3,10.5,
33ea0ca6-8a4f-4759-bcaa-7c25e0d8ebe2,3,XkiZ9D,2020-11-22,2020,11,Sunday,3,10.5,
dca416fb-0fb8-41c9-b14c-043be85faeb4,3,iYvFyn,2020-11-22,2020,11,Sunday,2,7.0,
d65800a6-a9d2-4a9a-9050-77e187827ed4,3,QIb1Te,2020-11-22,2020,11,Sunday,2,7.0,e10aefa8-33b0-47a0-9bf7-f3a95113eac0
113eee03-5b47-4919-bea7-b872a261ddf5,3,K8gkI8,2020-11-22,2020,11,Sunday,3,10.5,57197068-5f83-4545-adb8-7b782c960017
9d1fa9c5-85e2-4939-9ced-8d94f981699c,3,pCjr1R,2020-11-22,2020,11,Sunday,2,7.0,
664fa30e-929d-44c9-97bd-7a3c140347a5,3,HHY1ds,2020-11-22,2020,11,Sunday,2,7.0,
58af98f5-eda4-49af-8926-65a9dff2438f,3,XkiZ9D,2020-11-22,2020,11,Sunday,3,10.5,
4537f7e1-6e34-4dd9-915b-05cc9949d588,3,IWoDZ7,2020-11-22,2020,11,Sunday,3,10.5,
a1b81072-8ede-43d7-a605-336a69dab7eb,3,AcIRu7,2020-11-22,2020,11,Sunday,2,7.0,dc1125e2-055b-4e66-8c5d-ac3f413f4479
118ca6ff-a155-4cde-aca5-c296c3fa983d,3,J4fMRf,2020-11-22,2020,11,Sunday,2,7.0,f79bfce9-1290-4719-b9e9-508a3d47d1ed
75be7462-63a8-4eab-88fe-b35a74c898b2,3,XkiZ9D,2020-11-22,2020,11,Sunday,2,7.0,
2d1163dd-08f7-44a2-9a11-532523dd6f97,3,LRN0uO,2020-11-22,2020,11,Sunday,2,7.0,
d327d59f-808f-408b-9000-55c4c1b66249,3,AcIRu7,2020-11-22,2020,11,Sunday,1,3.5,
59f92fa7-8177-4bbc-82fc-8ac8ba40201a,3,g0RPTY,2020-11-22,2020,11,Sunday,2,7.0,
615c9031-5451-487b-8fd3-6af85127200f,3,QIb1Te,2020-11-22,2020,11,Sunday,3,10.5,
1cfa00bb-6752-4029-bf2a-1975cef7d7eb,3,TwErrn,2020-11-22,2020,11,Sunday,2,7.0,
a1b520d1-f43e-4c4f-aeaf-03407d217442,3,1X3p2H,2020-11-22,2020,11,Sunday,2,7.0,
51b51b48-8073-4a15-818b-f2c86a0d473c,3,TwErrn,2020-11-22,2020,11,Sunday,1,3.5,
6dd24470-bc3b-4475-bc1e-83462675cb3c,3,V9hDyY,2020-11-22,2020,11,Sunday,3,10.5,
bd6dc381-1b08-47d6-8feb-36a80105742b,3,IWoDZ7,2020-11-22,2020,11,Sunday,3,10.5,
1dc0a924-2521-42a2-a406-77292f3c7822,3,J4fMRf,2020-11-22,2020,11,Sunday,2,7.0,c1cb0c6b-22eb-4a15-9665-76710970df1a
75cc0214-11fc-477a-a1ee-c433bbf4e109,3,TwErrn,2020-11-22,2020,11,Sunday,3,10.5,
f608e891-dc33-4924-9595-376660aaa990,3,iYvFyn,2020-11-22,2020,11,Sunday,3,10.5,
e637b792-c856-4760-afb5-5b3d096142fa,3,g0RPTY,2020-11-22,2020,11,Sunday,3,10.5,47d56ab4-ce6a-42a5-a36a-27f80ce31957
3b48350d-2281-4a1b-a8c9-c4ea03b60198,3,pCjr1R,2020-11-22,2020,11,Sunday,2,7.0,
e316ad0a-a77a-4356-a813-eaa94a5c0b57,3,YnyFQq,2020-11-22,2020,11,Sunday,1,3.5,
5d0bac4e-b4a7-449b-ac9c-848bfdecb814,3,K8gkI8,2020-11-22,2020,11,Sunday,2,7.0,
f08d0075-1166-481c-a5ec-e9f3bf571e44,3,LRN0uO,2020-11-22,2020,11,Sunday,2,7.0,
639d4384-6e0f-4af1-97f7-47faeac94004,3,g0RPTY,2020-11-22,2020,11,Sunday,1,3.5,
80ad121d-c40c-44b7-a21f-538d1b1a0c97,3,J4fMRf,2020-11-22,2020,11,Sunday,1,3.5,
d5f2c984-400a-4d80-9335-91a052070f2c,3,IWoDZ7,2020-11-22,2020,11,Sunday,2,7.0,
d71f0f51-de7c-4207-b981-c317d58b8027,3,iYvFyn,2020-11-22,2020,11,Sunday,3,10.5,ae3314e8-98a0-4c08-8de4-4a46bbeced02
4954ef8b-774b-4076-9b6c-c3a2c5f35309,3,g0RPTY,2020-11-22,2020,11,Sunday,2,7.0,
5a7549ed-dd56-494e-a2c4-17f20f6b93d5,3,9FFwEf,2020-11-22,2020,11,Sunday,3,10.5,
9a154c50-5a52-4e63-95ea-c24c2722c357,3,g0RPTY,2020-11-22,2020,11,Sunday,2,7.0,
7d5c1f26-9653-41ac-a5c9-6374eec8ae12,3,RZZSxq,2020-11-22,2020,11,Sunday,1,3.5,8383619b-3bdb-48df-86e0-b47c5979f229
ee58c29e-fe38-4935-986f-57186a700a1a,3,QIb1Te,2020-11-22,2020,11,Sunday,3,10.5,
386d4b1f-9b59-4743-b3bf-d28df9b9635c,3,RZZSxq,2020-11-22,2020,11,Sunday,3,10.5,e9946638-1a80-418e-b2c6-92e88f30aa34
8e4991ca-a861-486b-81f2-93407c566f1f,3,1X3p2H,2020-11-22,2020,11,Sunday,2,7.0,
4e688a02-fe58-4f77-9e0d-eb89567f5421,3,K8gkI8,2020-11-22,2020,11,Sunday,2,7.0,8001fef8-78dd-4684-a5a1-d2cc89bd5d33
3b3e7243-ea4e-44ea-803b-cfe4fb5bde26,3,pCjr1R,2020-11-22,2020,11,Sunday,3,10.5,
27531fab-5d5f-47ed-befb-2ea90f4889e8,3,HHY1ds,2020-11-22,2020,11,Sunday,1,3.5,
0ef290c6-8339-48c8-8bc1-065d4456f8c1,3,g0RPTY,2020-11-22,2020,11,Sunday,2,7.0,
8320e15e-f492-4891-85d2-13e7c46778d7,3,K8gkI8,2020-11-22,2020,11,Sunday,2,7.0,ea149788-2f86-4bd9-8df8-8f1e65a5237b
e9b17bac-0469-40f6-9f72-51f8642814eb,3,YnyFQq,2020-11-22,2020,11,Sunday,2,7.0,
c555a1c7-6b1c-4e40-81f3-30a2c944038f,3,K8gkI8,2020-11-22,2020,11,Sunday,3,10.5,d045403b-05fc-45af-ad57-8e04b52ef4e8
8622c36c-f71d-42d6-bee6-91336a6c9c75,3,J4fMRf,2020-11-22,2020,11,Sunday,1,3.5,
66c1160f-4749-48de-adbc-080ad06aba2e,3,1X3p2H,2020-11-23,2020,11,Monday,2,7.0,105a8dbd-e318-4fdc-bac2-342b4e296d81
26ac3e35-d3a2-446b-8f1d-647aeceb1369,3,9FFwEf,2020-11-23,2020,11,Monday,2,7.0,
6c72010b-fbc1-4422-b7ad-f52cf55ba3cd,3,TwErrn,2020-11-23,2020,11,Monday,2,7.0,
afd189a4-1250-4b13-9bfb-cdfe70b3d401,3,YnyFQq,2020-11-23,2020,11,Monday,2,7.0,3ad9afcd-1507-4e4b-88cb-8d5e4ec8bdfc
b8d6f002-d958-4fae-9888-8a39190a8e70,3,AcIRu7,2020-11-23,2020,11,Monday,1,3.5,
2b2e07ef-3a5c-4fd0-a3c8-47361e713ed4,3,QIb1Te,2020-11-23,2020,11,Monday,2,7.0,
e504fa9e-97d3-4af2-9b4b-d09df85f3866,3,iYvFyn,2020-11-23,2020,11,Monday,2,7.0,
c56b0402-e3f5-44fe-8a23-2fde4e066acc,3,K8gkI8,2020-11-23,2020,11,Monday,2,7.0,
caf284f3-a9b3-4505-93d8-6814e4ba7f38,3,V9hDyY,2020-11-23,2020,11,Monday,2,7.0,
88019795-d499-4c4a-9a27-2cddef6f868b,3,LRN0uO,2020-11-23,2020,11,Monday,2,7.0,e7d9c1e6-2d06-4f07-938c-6977397f3e26
47c65ba8-838d-46b5-ab9c-c40aa4a17f00,3,Xd4sZA,2020-11-23,2020,11,Monday,3,10.5,
6a08bc78-b3bf-40ac-8393-367bbc74fc8c,3,Xd4sZA,2020-11-23,2020,11,Monday,2,7.0,
2e719198-3e63-4441-96b2-477dee7836c8,3,pCjr1R,2020-11-23,2020,11,Monday,1,3.5,3ea82e3b-b6db-45eb-b759-4900a573b78a
723d2e60-94dd-4380-b30c-5899c082c0d8,3,1X3p2H,2020-11-23,2020,11,Monday,2,7.0,
927f741d-b268-4fff-9255-6486b1ba6ca1,3,IWoDZ7,2020-11-23,2020,11,Monday,2,7.0,b18ca521-5b7b-4f8e-920b-ada6404e2be6
89154743-fd44-4c8a-b65b-3d9d04b5e4a8,3,YnyFQq,2020-11-23,2020,11,Monday,3,10.5,
7d645eec-a46d-4524-b485-c19e148eb0aa,3,IWoDZ7,2020-11-23,2020,11,Monday,3,10.5,c608e6f2-a055-4d24-8136-9d4c7f5c2ec6
c8451b68-486d-4bbf-8567-549b9cafb224,3,TwErrn,2020-11-23,2020,11,Monday,3,10.5,
9c97e3eb-59c2-46bb-bd18-a79e891b2413,3,V9hDyY,2020-11-23,2020,11,Monday,1,3.5,
ddfb9bb0-0897-4b7c-ad0d-ebcba5a40002,3,8CnCaM,2020-11-23,2020,11,Monday,1,3.5,
13affb4d-4e8a-4353-82a4-53b8255c5436,3,K8gkI8,2020-11-23,2020,11,Monday,2,7.0,
9227b8e1-a17c-4dc2-ab07-712de106d59b,3,AcIRu7,2020-11-23,2020,11,Monday,2,7.0,3b8d6dd7-132d-4457-acc2-277888d24021
38e85970-0b51-4baa-a8d8-4832959fb506,3,HHY1ds,2020-11-23,2020,11,Monday,1,3.5,
dcdbd1d2-2c8a-44c4-b274-95943245fafb,3,TwErrn,2020-11-23,2020,11,Monday,2,7.0,b4a395b1-165d-4174-93b9-ccf601f432fd
89cab7e3-32aa-4632-94f7-5d295f2f344d,3,TwErrn,2020-11-23,2020,11,Monday,2,7.0,96edd678-1a42-4d57-b41e-fabc2434d120
405d62e0-e18e-4c24-9eea-bc9f357d0764,3,LRN0uO,2020-11-23,2020,11,Monday,2,7.0,5b131659-3019-4235-82e0-98adbc84a35c
cb01db00-d19a-478a-98fb-46a41df2413a,3,XkiZ9D,2020-11-23,2020,11,Monday,2,7.0,
09321d8a-0a20-4cf7-b4a0-8f6da90df625,3,K8gkI8,2020-11-23,2020,11,Monday,1,3.5,4eb6dca4-2802-4d0e-805a-50aad8e75553
4de91b3c-646b-4cf2-a2bb-84d7124766df,3,Xd4sZA,2020-11-23,2020,11,Monday,3,10.5,
67cdc03c-854a-4901-9b44-300d0ca9d3ad,3,IWoDZ7,2020-11-23,2020,11,Monday,1,3.5,
a3f7af25-7164-47e5-a3df-aeacb8d42353,3,J4fMRf,2020-11-23,2020,11,Monday,1,3.5,
c498e4ad-5170-4354-8ccc-66a81ed282f6,3,1X3p2H,2020-11-23,2020,11,Monday,3,10.5,
189e0c03-e797-4e47-9489-697d68314498,3,YnyFQq,2020-11-23,2020,11,Monday,1,3.5,7c50e972-e539-4f75-9a2e-0d107de2ce62
6be368c3-d8b2-431f-80f7-681eeccd91b3,3,1X3p2H,2020-11-23,2020,11,Monday,2,7.0,
ba699b55-9f1e-40da-8112-9eaf0135222b,3,YnyFQq,2020-11-23,2020,11,Monday,2,7.0,d288b0c7-040d-49dd-816e-2d8d1cca429a
b95ad20f-4f51-4570-ad63-6bc95a68f350,3,9FFwEf,2020-11-23,2020,11,Monday,3,10.5,2a8e2593-9807-4efd-aa44-36e627f35376
24f5ee76-ad5b-4861-9dde-e57bd0b5a903,3,8CnCaM,2020-11-23,2020,11,Monday,1,3.5,
72bd7c33-89a2-435d-b5c1-33bd1f050f09,3,9FFwEf,2020-11-23,2020,11,Monday,2,7.0,
ddb8ad6f-c8aa-4383-95e3-6600d267bc45,3,K8gkI8,2020-11-23,2020,11,Monday,3,10.5,
ed84d76a-07fd-4652-a18c-d670db5c4ea1,3,fvBBXY,2020-11-23,2020,11,Monday,2,7.0,
86b4f16e-f2f7-4678-8f7b-c1ee41cb34ae,3,J4fMRf,2020-11-23,2020,11,Monday,1,3.5,
ed9d78be-6a65-4fd6-8454-6cb9d49df667,3,LRN0uO,2020-11-23,2020,11,Monday,3,10.5,
217ffaa9-312d-4f87-82f2-d7b8b5c1f2ea,3,TwErrn,2020-11-23,2020,11,Monday,2,7.0,
52f8145e-5eda-4af2-afca-26218ad8e356,3,V9hDyY,2020-11-23,2020,11,Monday,2,7.0,
5707e65d-3cc1-4c35-bef0-282113aa8824,3,pCjr1R,2020-11-23,2020,11,Monday,1,3.5,63792dc8-8962-433d-aeb1-884e387d403c
575f5076-9ffa-404d-a3e5-3453d6ecb797,3,Xd4sZA,2020-11-23,2020,11,Monday,2,7.0,
d00ca2d0-26c9-4149-a4ac-a947bf28676d,3,1X3p2H,2020-11-23,2020,11,Monday,2,7.0,
25f53777-eb82-4f6f-87b2-68d758e8be8d,3,TwErrn,2020-11-23,2020,11,Monday,2,7.0,51720aaf-c319-496d-91af-e557605a83b9
f226e11d-ded1-443f-88ed-41fe6c78c084,3,1X3p2H,2020-11-23,2020,11,Monday,2,7.0,
a972aa30-0b21-4b3e-af96-571fe650b99d,3,TwErrn,2020-11-23,2020,11,Monday,1,3.5,
5a83c07e-97fe-415f-9b66-95768fc13813,3,XkiZ9D,2020-11-23,2020,11,Monday,2,7.0,8275b9f3-1623-43b8-b2f3-c7d7128df5eb
f5f13d77-6389-4899-8c72-55d6943c8cdb,3,J4fMRf,2020-11-23,2020,11,Monday,1,3.5,
1d317e91-fc08-4030-ae82-0ad511b38b7f,3,K8gkI8,2020-11-23,2020,11,Monday,2,7.0,
5ffa781a-0b62-4ce6-adfc-cd481ad966e4,3,LRN0uO,2020-11-23,2020,11,Monday,1,3.5,
eb4451d9-a99d-4dbc-8964-26e35f8349c0,3,9FFwEf,2020-11-23,2020,11,Monday,1,3.5,
a25f3ba9-25af-465e-a4d5-5a978bcd5401,3,pCjr1R,2020-11-23,2020,11,Monday,2,7.0,
28c570ac-f071-4d9f-87e3-0fdec065de68,3,iYvFyn,2020-11-23,2020,11,Monday,1,3.5,4ee6b65e-1a08-4a35-816b-6a81194fe810
73994986-594f-4bc1-8fdf-44223b58fdd0,3,XkiZ9D,2020-11-23,2020,11,Monday,3,10.5,
bb29c765-922a-48bf-8c7e-2a3cf7158d98,3,TwErrn,2020-11-23,2020,11,Monday,3,10.5,
1b45c605-1400-48b9-b69d-aeae6c0f3243,3,pCjr1R,2020-11-23,2020,11,Monday,1,3.5,
9f7820ab-0b2f-417e-a59e-aefab282efcf,3,XkiZ9D,2020-11-23,2020,11,Monday,2,7.0,
bf1d16f7-0ec2-4f68-a81a-5c612fbbaf69,3,iYvFyn,2020-11-23,2020,11,Monday,2,7.0,639c17e3-0c72-47c6-9bdb-0f2ecc01c37f
c5c2c505-1c78-4c94-85da-2ded60132737,3,g0RPTY,2020-11-23,2020,11,Monday,3,10.5,
08c2c70f-a348-4ecc-9855-a2c8d1bd98b7,3,9FFwEf,2020-11-23,2020,11,Monday,3,10.5,
e58d8613-d0bc-4e1e-92c7-a8e7e34c2478,3,J4fMRf,2020-11-23,2020,11,Monday,2,7.0,7a359c55-7a89-45e1-b8c2-0bd5e3d7e997
c31eb3e2-ba6a-47a7-8b7c-026cfb774027,3,QIb1Te,2020-11-23,2020,11,Monday,2,7.0,
5895bbfc-3e42-4a3c-acef-5b07c3d6143a,3,TwErrn,2020-11-23,2020,11,Monday,3,10.5,
4904f6cc-507e-4b14-a689-b8fc1d3cc86f,3,8CnCaM,2020-11-23,2020,11,Monday,2,7.0,
6089c051-57e4-4dec-b027-70d91ba01353,3,YnyFQq,2020-11-23,2020,11,Monday,2,7.0,
cfc35cc9-b455-491a-a3b4-83982305cab0,3,IWoDZ7,2020-11-23,2020,11,Monday,3,10.5,
a4708e70-dbc2-4f39-a7db-a38a27d8019e,3,RZZSxq,2020-11-23,2020,11,Monday,1,3.5,
8e80e055-8259-4f42-afd3-f5b657e7c75a,3,fvBBXY,2020-11-23,2020,11,Monday,3,10.5,
4aad4e8b-90e3-47cb-8a5a-ddc819e15a11,3,LRN0uO,2020-11-23,2020,11,Monday,1,3.5,eecee997-4db9-4719-a897-a93fcf18660f
9d4cc9cc-f3b9-4206-9604-8d98c772e7fd,3,LRN0uO,2020-11-23,2020,11,Monday,2,7.0,
9840c5e3-10ac-42be-9dac-969a24c4a51a,3,J4fMRf,2020-11-23,2020,11,Monday,3,10.5,
dc74db7d-0a27-4d55-a1a0-6474965ecbf6,3,K8gkI8,2020-11-23,2020,11,Monday,2,7.0,
39e9a56b-1e9a-46fb-9e9a-397e0f91dba5,3,iYvFyn,2020-11-23,2020,11,Monday,1,3.5,2e7d4c34-ac47-495e-9466-00813888a037
184529ff-b509-4b99-ae20-93953ff950e3,3,8CnCaM,2020-11-23,2020,11,Monday,2,7.0,
7e179784-df48-4a87-9983-9f825bd67c1d,3,IWoDZ7,2020-11-23,2020,11,Monday,2,7.0,
9724726e-d78b-44c9-aa38-b32d220ea2ad,3,Xd4sZA,2020-11-23,2020,11,Monday,2,7.0,
8a6b4469-3c88-4b9f-a970-414b38b2d082,3,AcIRu7,2020-11-23,2020,11,Monday,3,10.5,1282a692-b60a-468c-9e92-bc6d71a056ed
00c88f7b-b6b3-4e1e-9bc3-eb2df4cd2eb2,3,YnyFQq,2020-11-23,2020,11,Monday,2,7.0,
a824bf89-5218-49d3-875c-15dd787a3a2f,3,9FFwEf,2020-11-23,2020,11,Monday,2,7.0,f52acfa1-c82c-4d44-8ec1-4ab2337c0502
63f349d2-7c17-4c58-b295-df23568f5278,3,K8gkI8,2020-11-23,2020,11,Monday,1,3.5,
602554f2-f099-43d5-ab45-1df1b894d5c7,3,9FFwEf,2020-11-23,2020,11,Monday,1,3.5,
e7d8e7f6-4cc3-4192-8309-1a17274aa611,3,iYvFyn,2020-11-23,2020,11,Monday,1,3.5,
569b8bc5-1619-48a0-8e16-d33da1de0d5f,3,HHY1ds,2020-11-23,2020,11,Monday,2,7.0,
4a3fd360-369e-47c6-a2da-bb549ea460d5,3,K8gkI8,2020-11-23,2020,11,Monday,2,7.0,18530746-778c-451a-bc0e-a1e7942d2ec2
65c258b5-f3b2-4d69-8548-30a27960de6b,3,8CnCaM,2020-11-23,2020,11,Monday,2,7.0,5602ac6c-b457-4267-af2d-12e131e14f95
755cf66f-4164-475d-8eec-28239848d09d,3,J4fMRf,2020-11-23,2020,11,Monday,2,7.0,
01ba1893-afab-46e7-82ed-c3d9402aca72,3,QIb1Te,2020-11-24,2020,11,Tuesday,3,10.5,
f650a94a-a9ad-462c-8f6d-e4420f7305ae,3,Xd4sZA,2020-11-24,2020,11,Tuesday,3,10.5,091fa45d-62fa-4533-9fc2-a2ca35a8db2a
d7563576-f99c-495f-a95d-ba8d0bd0dd11,3,V9hDyY,2020-11-24,2020,11,Tuesday,2,7.0,
58a3f469-37d5-49d2-8584-18c10e9d8f49,3,V9hDyY,2020-11-24,2020,11,Tuesday,1,3.5,
db641da6-5ebb-4572-af37-ce9597e14488,3,YnyFQq,2020-11-24,2020,11,Tuesday,1,3.5,8d06dd34-a8bc-4e75-905b-38447644819e
4f2d001a-4b9b-4552-813b-14800baaa891,3,TwErrn,2020-11-24,2020,11,Tuesday,2,7.0,5780b162-a90b-4049-b898-d2952d9b8f88
654606d7-daab-4f0e-a85b-daed7d9f6b7e,3,fvBBXY,2020-11-24,2020,11,Tuesday,3,10.5,7961968c-c9f8-4bc6-8b99-129f2c18ae7f
109ccc21-339c-4e29-be4b-72e3a41e1dea,3,TwErrn,2020-11-24,2020,11,Tuesday,2,7.0,
b8861e8e-8598-404c-b597-8e5c087e36e3,3,8CnCaM,2020-11-24,2020,11,Tuesday,3,10.5,e93486f6-eb6e-4dcf-925f-1195070a4bdd
9d178e83-e704-4025-a6b5-0171b424b1e6,3,9FFwEf,2020-11-24,2020,11,Tuesday,1,3.5,
d7c0d46a-b170-49ca-8492-18282635e9ab,3,AcIRu7,2020-11-24,2020,11,Tuesday,2,7.0,
173aa415-b50f-468d-a0ff-6127440e8dba,3,J4fMRf,2020-11-24,2020,11,Tuesday,1,3.5,766aaadc-cc74-4a3c-8ce6-5ef3a26d4665
0cebc34f-a6fb-4551-b760-40d05bd6fcfc,3,K8gkI8,2020-11-24,2020,11,Tuesday,2,7.0,96edd678-1a42-4d57-b41e-fabc2434d120
3831b77f-e49c-4265-88e1-61ec964af292,3,IWoDZ7,2020-11-24,2020,11,Tuesday,3,10.5,a79c13e0-73e9-41b1-ac5e-4ed4a5fb83f9
e1048326-06c2-4819-87a2-1f7f03e67f12,3,LRN0uO,2020-11-24,2020,11,Tuesday,2,7.0,
6c0592dc-0551-4e89-8c83-bd953e3786de,3,g0RPTY,2020-11-24,2020,11,Tuesday,3,10.5,05bc364f-9163-4cce-8290-fbe64ea56e5b
fd58ca32-8b8f-418d-a633-4c69e05c80be,3,K8gkI8,2020-11-24,2020,11,Tuesday,3,10.5,
a40a4a81-7bc7-430b-9fac-8cb0c360912e,3,Xd4sZA,2020-11-24,2020,11,Tuesday,2,7.0,9a17775c-9dd1-40b7-8f04-8a4703494fee
2d0cce09-8dcd-4250-baa4-a7efac7df118,3,9FFwEf,2020-11-24,2020,11,Tuesday,3,10.5,8185202b-4706-452d-a20e-8f44bc4804d4
f891270f-dc48-495b-bd9b-f8fdc1b59691,3,YnyFQq,2020-11-24,2020,11,Tuesday,2,7.0,068fe63d-3ac8-4b1d-94cc-d8f6cf8185f6
0cfc9962-59d2-4675-991a-4177edefcc06,3,AcIRu7,2020-11-24,2020,11,Tuesday,1,3.5,e22cd5a7-c542-47c0-a422-e1f3868ad009
e736ac7a-e54a-4723-84a8-a2a7d1a691a7,3,pCjr1R,2020-11-24,2020,11,Tuesday,3,10.5,
6ad2bb42-c26d-4f5a-843b-88c2c760f882,3,g0RPTY,2020-11-24,2020,11,Tuesday,2,7.0,d9e25212-d4f2-4369-a85b-b94a1776b652
47c66e96-f9a1-4b25-a956-9834512c99b6,3,RZZSxq,2020-11-24,2020,11,Tuesday,1,3.5,ab8a4566-9d6e-4477-87b0-fecfbe0b01a0
52886769-ddde-4026-bab1-4e4706ada77e,3,QIb1Te,2020-11-24,2020,11,Tuesday,3,10.5,0c4795ee-75eb-4f9e-b73f-1b8826a15029
be649096-1ba3-4a46-96bc-9bf4c885353f,3,TwErrn,2020-11-24,2020,11,Tuesday,2,7.0,
6915ba8a-69ea-4414-a179-6d790a5ec7d9,3,V9hDyY,2020-11-24,2020,11,Tuesday,1,3.5,
ba6494af-10f8-4890-b599-4c66e36efb99,3,fvBBXY,2020-11-24,2020,11,Tuesday,3,10.5,
6e18f2b6-fc27-436d-bd4d-9240067a697c,3,9FFwEf,2020-11-24,2020,11,Tuesday,2,7.0,2054d4a3-3b6d-4f49-9ad6-ecd01395a00b
54702b08-b926-4595-86ee-d1a18b1894ee,3,HHY1ds,2020-11-24,2020,11,Tuesday,2,7.0,
abc3f19e-19d2-41ff-8e78-ec2604a65745,3,V9hDyY,2020-11-24,2020,11,Tuesday,2,7.0,
30781d3f-48fe-4ef3-984e-31de07266f52,3,1X3p2H,2020-11-24,2020,11,Tuesday,2,7.0,
a003c270-6b15-4879-9fe7-6720244d4429,3,HHY1ds,2020-11-24,2020,11,Tuesday,3,10.5,
88d656cc-745e-488b-9d37-a7fc7f74bc53,3,AcIRu7,2020-11-24,2020,11,Tuesday,2,7.0,
e6b84975-0b25-45fc-b6cf-32b339342768,3,1X3p2H,2020-11-24,2020,11,Tuesday,1,3.5,640a94d3-49c8-46e8-b0ea-e4d5bdc00647
2e938e7d-f43c-4e14-8ec9-1113eba82708,3,IWoDZ7,2020-11-24,2020,11,Tuesday,2,7.0,
16d08d72-8010-47f2-8af6-939e95cb4d7c,3,pCjr1R,2020-11-24,2020,11,Tuesday,1,3.5,2e86f145-3869-4d87-856c-57875336938c
71af7392-80d4-486f-9b57-bd85a1dbfab4,3,QIb1Te,2020-11-24,2020,11,Tuesday,1,3.5,
5377596b-b3ee-45b8-a524-d639647f759a,3,8CnCaM,2020-11-24,2020,11,Tuesday,2,7.0,
fb49f4ee-f9e5-4ba5-b0bd-d9483c01529b,3,8CnCaM,2020-11-24,2020,11,Tuesday,2,7.0,b75e853f-1bc4-42c8-9ebb-613176b251a6
f181660a-56a2-4be3-9ba8-afc038162c4f,3,QIb1Te,2020-11-24,2020,11,Tuesday,1,3.5,
29db08c2-3e84-4407-96a7-3ae4b8c6e688,3,XkiZ9D,2020-11-24,2020,11,Tuesday,3,10.5,
220ee76a-b1ae-4c75-97bc-1b1fa08e6d0a,3,9FFwEf,2020-11-24,2020,11,Tuesday,3,10.5,
126fab6b-aa74-4a49-9e07-df8583156bd2,3,8CnCaM,2020-11-24,2020,11,Tuesday,2,7.0,
0b012561-e62f-4b62-9451-2100c41d8d5b,3,J4fMRf,2020-11-24,2020,11,Tuesday,2,7.0,
f07f2bf0-da55-4f3e-b757-1dbc94346933,3,V9hDyY,2020-11-24,2020,11,Tuesday,2,7.0,
d6587b44-0850-416f-b0b2-d269996c2aac,3,9FFwEf,2020-11-24,2020,11,Tuesday,2,7.0,
aa584b4a-5068-4e08-beb1-382741a40ca0,3,XkiZ9D,2020-11-24,2020,11,Tuesday,3,10.5,32c77228-8890-42e9-9c1c-ff9dbdbe0572
9de4470c-2bf9-4376-a7dc-d04e93e60f99,3,AcIRu7,2020-11-24,2020,11,Tuesday,1,3.5,
5e878885-2d60-431d-b57e-e3a14d9e7485,3,pCjr1R,2020-11-24,2020,11,Tuesday,2,7.0,
707c9436-7aed-4545-afb9-41c9f1dfbf4e,3,XkiZ9D,2020-11-24,2020,11,Tuesday,3,10.5,cf96d80e-620b-4b4f-b346-83828a391ca8
8ab7a778-da7a-438a-a9b1-dac40d1da3c1,3,J4fMRf,2020-11-24,2020,11,Tuesday,3,10.5,
74576f12-b123-4831-9669-14bd72f23f05,3,fvBBXY,2020-11-24,2020,11,Tuesday,1,3.5,
34e9d184-1128-4fab-bc75-e8e827fcebeb,3,LRN0uO,2020-11-24,2020,11,Tuesday,2,7.0,
6b2f3f2e-2774-4c68-b74a-e80db64e0ac6,3,pCjr1R,2020-11-24,2020,11,Tuesday,3,10.5,
3a1eee0b-d44e-4d12-9fe5-20fc1346f79a,3,fvBBXY,2020-11-24,2020,11,Tuesday,1,3.5,e9be1bbd-19ae-4360-9a09-079e85ca1f3f
e86a80a2-e4a5-4095-8193-4e2c2249ab06,3,YnyFQq,2020-11-24,2020,11,Tuesday,1,3.5,
a69dd003-b702-4cc3-9c59-64feb222000c,3,Xd4sZA,2020-11-24,2020,11,Tuesday,1,3.5,
b981dd00-d360-4301-b638-c4335110040f,3,fvBBXY,2020-11-24,2020,11,Tuesday,2,7.0,
9a1c2832-80bc-4e1c-9f65-248209b1412c,3,V9hDyY,2020-11-24,2020,11,Tuesday,1,3.5,
5b4a4f9a-f172-43aa-8648-00c4ebdcb2c2,3,TwErrn,2020-11-24,2020,11,Tuesday,2,7.0,ab8a4566-9d6e-4477-87b0-fecfbe0b01a0
94df8183-4477-44bc-b620-9ecac80cf857,3,iYvFyn,2020-11-24,2020,11,Tuesday,2,7.0,
f04df436-0670-4743-af6f-b41190495d6c,3,XkiZ9D,2020-11-24,2020,11,Tuesday,3,10.5,5fa7bb53-d703-44d7-90ab-8b51f348afe7
34c17b9f-c311-4ed1-8598-43de6c52ae98,3,YnyFQq,2020-11-24,2020,11,Tuesday,3,10.5,0b6ab923-0c50-458c-a04b-4cbaa4f1ae56
2265b01e-5314-4ed7-9842-40237a2db8ff,3,V9hDyY,2020-11-24,2020,11,Tuesday,2,7.0,
61961837-0df6-4834-9b97-ee8679d368fc,3,HHY1ds,2020-11-24,2020,11,Tuesday,1,3.5,
c924834a-26ab-4b7c-945b-ec4a0211befa,3,fvBBXY,2020-11-24,2020,11,Tuesday,2,7.0,
53745a33-d4c8-4487-b944-a64ea315fede,3,9FFwEf,2020-11-24,2020,11,Tuesday,2,7.0,5602ac6c-b457-4267-af2d-12e131e14f95
00aeba9c-2b6f-4eb1-9e49-49eada7ff529,3,9FFwEf,2020-11-24,2020,11,Tuesday,2,7.0,62bdc5cf-1de2-438b-b406-35dedad24192
7e5dfd5c-11e9-43ba-ba45-7936b6abdf0d,3,Xd4sZA,2020-11-24,2020,11,Tuesday,1,3.5,7ff5b5dd-26fb-4f36-b734-caf92b4657fc
f1b552ea-78da-4f00-b265-406dd2e1e095,3,TwErrn,2020-11-24,2020,11,Tuesday,1,3.5,
728b1ba3-6de7-4d21-9053-07031ff3a966,3,TwErrn,2020-11-24,2020,11,Tuesday,2,7.0,1e50503a-5e78-4555-93d3-9a7d0fcbfa20
a1fe242f-b5af-4d95-9a9b-e9a18a5ae82c,3,YnyFQq,2020-11-24,2020,11,Tuesday,3,10.5,
6bdf9fdc-8dda-4b8e-85c0-9ee41e1cc4ba,3,J4fMRf,2020-11-24,2020,11,Tuesday,3,10.5,d045403b-05fc-45af-ad57-8e04b52ef4e8
985f9e05-c764-43a8-98fc-595234d28ec3,3,iYvFyn,2020-11-24,2020,11,Tuesday,2,7.0,
b30b4e52-6663-4fa2-a1dd-9c3c09f47713,3,V9hDyY,2020-11-24,2020,11,Tuesday,2,7.0,
4b94a082-2f32-471b-a69a-a5fd00a62d60,3,IWoDZ7,2020-11-24,2020,11,Tuesday,1,3.5,
b5411f59-82fd-423b-9766-7ad8c49b9790,3,g0RPTY,2020-11-24,2020,11,Tuesday,2,7.0,a79c13e0-73e9-41b1-ac5e-4ed4a5fb83f9
a3043873-cebd-4cdc-8451-9b9488832e49,3,AcIRu7,2020-11-24,2020,11,Tuesday,2,7.0,
f50828fd-156a-49ce-af3b-c93d4c0cf917,3,iYvFyn,2020-11-24,2020,11,Tuesday,1,3.5,04a60e96-9b04-42f5-9f04-de4582f0d3d8
d3339d02-af85-4d92-9246-fba44c3602dc,3,XkiZ9D,2020-11-24,2020,11,Tuesday,3,10.5,
fb5dd7b7-7e7a-4064-b950-930d5b118f73,3,8CnCaM,2020-11-24,2020,11,Tuesday,1,3.5,
86b7fe52-d1d8-474c-8f18-85e65e414ace,3,TwErrn,2020-11-24,2020,11,Tuesday,1,3.5,
47565bd9-b092-47ab-9d8a-0adf0678d549,3,V9hDyY,2020-11-24,2020,11,Tuesday,2,7.0,
5d0d88da-2180-4056-ada9-f74103957324,3,RZZSxq,2020-11-24,2020,11,Tuesday,2,7.0,
d1f95161-ecdf-439e-a3f6-f4e2a820f021,3,J4fMRf,2020-11-24,2020,11,Tuesday,2,7.0,
8e8118cb-ac00-4d17-8c89-0af0adf1889d,3,YnyFQq,2020-11-24,2020,11,Tuesday,3,10.5,
73c09f91-b98c-4e70-b2a0-62647cb9bbba,3,iYvFyn,2020-11-24,2020,11,Tuesday,1,3.5,
b131af36-ee18-4a2c-ba79-069ce4473819,3,XkiZ9D,2020-11-24,2020,11,Tuesday,1,3.5,
579f452a-5eb2-4db8-abc2-283691758cc6,3,XkiZ9D,2020-11-24,2020,11,Tuesday,2,7.0,
c33b5dd6-be73-4259-9c47-5f6067674c52,3,1X3p2H,2020-11-24,2020,11,Tuesday,3,10.5,5d8bc7fb-98d4-4474-b7cc-d28d94497941
25133116-5742-4839-aaa5-2697edf0f415,3,iYvFyn,2020-11-24,2020,11,Tuesday,1,3.5,bcfec33d-0719-4c6a-b619-b4c6ae5fa8b0
675f00bd-0580-4dce-b706-df1895611135,3,HHY1ds,2020-11-24,2020,11,Tuesday,2,7.0,
d4f1d596-07bc-4919-9ddf-1e6cad277409,3,iYvFyn,2020-11-24,2020,11,Tuesday,2,7.0,
0a87f552-f1f1-49cd-827a-559f2bb639cd,3,LRN0uO,2020-11-24,2020,11,Tuesday,1,3.5,5e9c40c4-7189-4919-97b8-07762440f4a4
562a6110-9562-4222-bcb8-5c20865643fc,3,TwErrn,2020-11-25,2020,11,Wednesday,1,3.5,
3d95962d-df2b-4508-a10b-e0e56499357e,3,RZZSxq,2020-11-25,2020,11,Wednesday,2,7.0,40fdee27-e2a8-41a3-bd7f-aea31b7d952c
ff2d15bd-8ea1-4d1b-8e45-eb401c34418b,3,AcIRu7,2020-11-25,2020,11,Wednesday,2,7.0,
e59b345d-fe48-4171-aedb-66e226cc62f9,3,V9hDyY,2020-11-25,2020,11,Wednesday,1,3.5,8d06dd34-a8bc-4e75-905b-38447644819e
bcc89874-c2ca-4ae2-a47e-89a49ba351f5,3,V9hDyY,2020-11-25,2020,11,Wednesday,2,7.0,2a743fc8-b7e6-47e3-b5a3-b8ab806527d8
c4b82078-e95e-42b3-85f0-2988f248cd21,3,Xd4sZA,2020-11-25,2020,11,Wednesday,2,7.0,
3dd68f10-0930-43c1-82ec-520fdc4c4265,3,TwErrn,2020-11-25,2020,11,Wednesday,3,10.5,
9eee48b4-f079-4894-9f85-5eb730de2875,3,YnyFQq,2020-11-25,2020,11,Wednesday,2,7.0,3ad9afcd-1507-4e4b-88cb-8d5e4ec8bdfc
931e5873-3ade-470d-8df9-23a09ce96461,3,9FFwEf,2020-11-25,2020,11,Wednesday,2,7.0,15be168c-0083-41ce-b4b3-f27bb89be366
1b07e99b-5038-474b-b3a5-c8023bb0c398,3,K8gkI8,2020-11-25,2020,11,Wednesday,1,3.5,6416e346-698c-4251-8c25-4585f5053c7b
036518e6-ef32-45a0-9069-ba38c92d7d50,3,iYvFyn,2020-11-25,2020,11,Wednesday,2,7.0,
edeba340-91f8-47cb-99fc-b93f1805eec3,3,J4fMRf,2020-11-25,2020,11,Wednesday,2,7.0,
e4fabbde-55c3-458b-95f9-52f9019573d6,3,g0RPTY,2020-11-25,2020,11,Wednesday,1,3.5,
e1a2a3b7-b6e9-41f8-8fec-02921f10b9c3,3,RZZSxq,2020-11-25,2020,11,Wednesday,2,7.0,
89b81a29-f095-4639-9e80-eaf549c576c1,3,fvBBXY,2020-11-25,2020,11,Wednesday,1,3.5,
1da7ad6c-bc6e-4f40-8826-aa5a181f220d,3,V9hDyY,2020-11-25,2020,11,Wednesday,2,7.0,
c6d2adb5-dde0-4f01-9609-d9d6ecc20862,3,LRN0uO,2020-11-25,2020,11,Wednesday,2,7.0,
f8b755d0-929c-4a9f-9831-b6e2dcbc2d77,3,XkiZ9D,2020-11-25,2020,11,Wednesday,3,10.5,
571d3e8c-5a28-43d5-8958-fd64596dc66b,3,LRN0uO,2020-11-25,2020,11,Wednesday,1,3.5,
31d873ef-a2f5-4a84-88c6-6c74c7869660,3,IWoDZ7,2020-11-25,2020,11,Wednesday,2,7.0,
c156b7ef-b776-4710-a095-978b3d6b60cd,3,pCjr1R,2020-11-25,2020,11,Wednesday,2,7.0,
a7c17f21-9f79-4735-bf7a-2ddc0bdb5c0d,3,1X3p2H,2020-11-25,2020,11,Wednesday,2,7.0,4eb6dca4-2802-4d0e-805a-50aad8e75553
90bf075d-b09e-4f7f-96d1-94c478cf9429,3,V9hDyY,2020-11-25,2020,11,Wednesday,2,7.0,644b45e9-650a-45b4-8466-0021529cbb90
24721327-b2e9-4454-a7d7-272b92d54e4f,3,K8gkI8,2020-11-25,2020,11,Wednesday,2,7.0,6bb8b6a7-9577-485d-bfc4-45a0b47945f4
9dfb8dc6-8be5-40e9-ac33-615c8f82819b,3,K8gkI8,2020-11-25,2020,11,Wednesday,3,10.5,
1e8f297f-d629-4624-8b6d-59fcf5956668,3,YnyFQq,2020-11-25,2020,11,Wednesday,2,7.0,105a8dbd-e318-4fdc-bac2-342b4e296d81
cda3b2ca-6dfe-481c-801a-c64fd54d7a12,3,YnyFQq,2020-11-25,2020,11,Wednesday,1,3.5,
3bc5668a-d1ad-4235-97b4-6562d2305591,3,TwErrn,2020-11-25,2020,11,Wednesday,2,7.0,
f310a9a4-d131-4e70-890e-1341ff174695,3,1X3p2H,2020-11-25,2020,11,Wednesday,2,7.0,
14b84ce0-f3b2-42f5-9e2e-80e010da9ab9,3,Xd4sZA,2020-11-25,2020,11,Wednesday,2,7.0,
115864ff-c513-488f-9126-3d0d5a0ff6ba,3,1X3p2H,2020-11-25,2020,11,Wednesday,2,7.0,
f053bfe6-24cb-4825-aa73-71f9a68b976e,3,TwErrn,2020-11-25,2020,11,Wednesday,2,7.0,
76a9daaa-13ab-447c-8c0f-375e54416448,3,9FFwEf,2020-11-25,2020,11,Wednesday,3,10.5,
5f90f372-5f13-4569-881f-4476bbf877be,3,8CnCaM,2020-11-25,2020,11,Wednesday,2,7.0,
071c91a7-61ad-4c50-bebb-59cf39b74b68,3,fvBBXY,2020-11-25,2020,11,Wednesday,2,7.0,3b8d6dd7-132d-4457-acc2-277888d24021
b13fe36b-53f2-4022-9fe9-d32cc45f455d,3,1X3p2H,2020-11-25,2020,11,Wednesday,2,7.0,
b14bdd12-4250-43e8-9d08-efe3c2a3bec6,3,1X3p2H,2020-11-25,2020,11,Wednesday,2,7.0,
c24164a5-5d77-487d-87b4-47382f80884f,3,RZZSxq,2020-11-25,2020,11,Wednesday,2,7.0,d288b0c7-040d-49dd-816e-2d8d1cca429a
a5a357c3-1b56-4d73-aec9-a443c88b543f,3,1X3p2H,2020-11-25,2020,11,Wednesday,1,3.5,
2b9b8f32-a67a-4059-978e-ace65ad4fdc9,3,J4fMRf,2020-11-25,2020,11,Wednesday,2,7.0,6416e346-698c-4251-8c25-4585f5053c7b
772dc0dc-6570-4afa-8175-813bc026ad70,3,iYvFyn,2020-11-25,2020,11,Wednesday,3,10.5,
4a2d5c6e-0db8-4cf7-8150-2a02c4f1e188,3,HHY1ds,2020-11-25,2020,11,Wednesday,2,7.0,
9f319461-ace5-4e98-a609-ead9cebdb24b,3,V9hDyY,2020-11-25,2020,11,Wednesday,2,7.0,
201972e2-b135-412d-9784-d99aed42b99c,3,fvBBXY,2020-11-25,2020,11,Wednesday,2,7.0,
32a5ea65-6bd1-4b57-a07a-06bd1490b923,3,HHY1ds,2020-11-25,2020,11,Wednesday,1,3.5,
2779f956-ab49-47a7-83f2-16bf0ef32092,3,IWoDZ7,2020-11-25,2020,11,Wednesday,3,10.5,
98cb2253-585a-445c-ae62-bc7466eaae88,3,V9hDyY,2020-11-25,2020,11,Wednesday,1,3.5,
4ca3ffc3-8894-4f9c-8472-e234787339a9,3,V9hDyY,2020-11-25,2020,11,Wednesday,2,7.0,
1676dbef-bc6f-48b3-ae34-fcec637ed4ee,3,9FFwEf,2020-11-25,2020,11,Wednesday,1,3.5,
7056e22c-56bd-4fe2-9871-8b086346af6e,3,1X3p2H,2020-11-25,2020,11,Wednesday,3,10.5,5602ac6c-b457-4267-af2d-12e131e14f95
a117ae83-047f-4b41-8281-d67388af46e1,3,1X3p2H,2020-11-25,2020,11,Wednesday,2,7.0,
867bc0be-59b1-4ebf-bdbe-8351fc1acae9,3,RZZSxq,2020-11-25,2020,11,Wednesday,2,7.0,511ed47d-4be3-4a52-b7e5-49c7703a7006
8ec0b2be-fbaa-4716-b90d-da461a9aadc8,3,fvBBXY,2020-11-25,2020,11,Wednesday,3,10.5,
9f4c23a9-7be1-4947-b9c3-8514ade1365d,3,HHY1ds,2020-11-25,2020,11,Wednesday,2,7.0,
dccb7b11-55b1-4f3c-8ad4-7127c0615ad6,3,XkiZ9D,2020-11-25,2020,11,Wednesday,1,3.5,
5294bbc4-82f2-44d2-8c85-75dbdefa0b9d,3,iYvFyn,2020-11-25,2020,11,Wednesday,1,3.5,
c1297bc8-64f3-49ad-9380-7de1e168b895,3,9FFwEf,2020-11-25,2020,11,Wednesday,1,3.5,68b6c205-1a23-49fa-a960-d1df67800f0a
91cc0174-cbd4-463b-8de4-91074400db60,3,IWoDZ7,2020-11-25,2020,11,Wednesday,1,3.5,2e7d4c34-ac47-495e-9466-00813888a037
8980b2ae-ef31-427c-a082-e6668646be3f,3,K8gkI8,2020-11-25,2020,11,Wednesday,3,10.5,3b228ec6-bc20-4b49-8074-85dd05cec9d4
907d3fe7-4ef1-4cb9-8c83-0dda314e5529,3,iYvFyn,2020-11-25,2020,11,Wednesday,2,7.0,
6a9c6b4b-ca73-4380-a3bd-fc0fabfd5679,3,YnyFQq,2020-11-25,2020,11,Wednesday,1,3.5,
e67743dd-b4b5-4ac8-bf90-b15213a6c6b4,3,9FFwEf,2020-11-25,2020,11,Wednesday,3,10.5,
9411632e-72fb-4d7f-9f25-b0161a43e798,3,LRN0uO,2020-11-25,2020,11,Wednesday,3,10.5,
8267852c-2113-4820-975f-02d990003338,3,iYvFyn,2020-11-25,2020,11,Wednesday,1,3.5,8b168093-a508-407e-96b1-5fe3ae301949
7874ed6e-b093-4a48-803d-0d9faca0001e,3,AcIRu7,2020-11-25,2020,11,Wednesday,2,7.0,dbf11348-5740-4798-83eb-469a9560bec6
aa407e95-62bf-4fd2-9102-7066cb462432,3,LRN0uO,2020-11-25,2020,11,Wednesday,1,3.5,
e91bf5c4-c519-4700-8fb9-a05b431e7fcd,3,9FFwEf,2020-11-25,2020,11,Wednesday,3,10.5,
c55dde81-ff80-4ce0-bbd6-f589b7b3fc17,3,AcIRu7,2020-11-25,2020,11,Wednesday,3,10.5,
eb111040-eaaa-4721-92da-bf054772f366,3,LRN0uO,2020-11-25,2020,11,Wednesday,2,7.0,
d175a426-47d0-4a5a-94d0-b879800fc345,3,1X3p2H,2020-11-25,2020,11,Wednesday,2,7.0,
e910d41a-ecb1-423c-a4fc-43133d4d47a5,3,LRN0uO,2020-11-25,2020,11,Wednesday,2,7.0,9c245285-3f6b-4b78-aed4-d683cd42d0a7
d0fd1cb4-1a1a-48ad-9a49-838440833ae6,3,pCjr1R,2020-11-25,2020,11,Wednesday,3,10.5,
7f601b6f-d875-435a-b506-694c0fc91e5a,3,QIb1Te,2020-11-25,2020,11,Wednesday,2,7.0,40fdee27-e2a8-41a3-bd7f-aea31b7d952c
726a3af6-7cb1-4064-b525-fd808fff2d60,3,XkiZ9D,2020-11-25,2020,11,Wednesday,2,7.0,
dc4d75d5-b84b-4f2a-b18f-13e3d70ff288,3,fvBBXY,2020-11-25,2020,11,Wednesday,1,3.5,78cf43f3-f011-47ec-bf94-29999cdbd4d7
47632c19-82d8-4f40-abbd-e4c8b19ab793,3,LRN0uO,2020-11-25,2020,11,Wednesday,2,7.0,587f8f67-e282-4753-9f22-fc4e9ecd7990
41e41aa3-0a03-4687-a3e4-e10b503019b4,3,fvBBXY,2020-11-25,2020,11,Wednesday,3,10.5,
ba79f945-7518-4869-b7cd-c8c5868a0239,3,Xd4sZA,2020-11-25,2020,11,Wednesday,2,7.0,
8e0c2658-94d4-42fc-b47b-d4c63b791382,3,AcIRu7,2020-11-25,2020,11,Wednesday,3,10.5,105a8dbd-e318-4fdc-bac2-342b4e296d81
e6e7df17-4aad-4bac-82d0-35a16dbeabde,3,Xd4sZA,2020-11-25,2020,11,Wednesday,2,7.0,
13548684-9c31-43ce-809f-327a52196a14,3,YnyFQq,2020-11-25,2020,11,Wednesday,1,3.5,
48a8842f-3825-4ab1-9a6f-32fb629f42b4,3,1X3p2H,2020-11-25,2020,11,Wednesday,2,7.0,048e9595-17a8-41fc-80a6-06ca24ad196e
eb02a2e8-bb18-41a1-a342-9591aa3fb347,3,YnyFQq,2020-11-25,2020,11,Wednesday,1,3.5,1ff01ffd-f197-493e-8a2b-0f85ac732dd6
a90b0388-ad77-452e-bf23-a271dd1afb65,3,9FFwEf,2020-11-25,2020,11,Wednesday,3,10.5,4f7ad782-f5f6-403e-b7c6-3588952b727a
83b041d2-d207-4210-aa13-2a7d6466071b,3,AcIRu7,2020-11-25,2020,11,Wednesday,2,7.0,
083a7e91-0273-4d1c-a5c1-57d7c30d8367,3,J4fMRf,2020-11-25,2020,11,Wednesday,1,3.5,8c105e64-6e97-44dd-aad9-f202fc3d635b
1897f7b1-a02a-4ba0-9e1b-96e628c17a7b,3,Xd4sZA,2020-11-25,2020,11,Wednesday,2,7.0,
02201dfb-009e-4fbf-bb5e-05631b4acf16,3,pCjr1R,2020-11-25,2020,11,Wednesday,2,7.0,e10aefa8-33b0-47a0-9bf7-f3a95113eac0
598becc4-8a6b-41c8-82c1-789a115debf3,3,K8gkI8,2020-11-25,2020,11,Wednesday,2,7.0,
58151adb-3042-49af-b89e-cdb451ed313b,3,RZZSxq,2020-11-25,2020,11,Wednesday,1,3.5,
87bee817-58f9-4fe0-bc32-4660a6d08dc0,3,Xd4sZA,2020-11-25,2020,11,Wednesday,1,3.5,
538d3541-7fa0-4b28-815d-4a4d562d4e01,3,XkiZ9D,2020-11-25,2020,11,Wednesday,2,7.0,1ef4bfd8-5ce2-456f-b105-3053c33fa937
59152add-dedd-4364-ad91-ead9ffa5569c,3,YnyFQq,2020-11-25,2020,11,Wednesday,2,7.0,634e2552-3187-4b58-8792-7b15fd08393e
5abf5b2e-21da-487f-a511-9c2b25b750d0,3,pCjr1R,2020-11-25,2020,11,Wednesday,2,7.0,39d6adaa-01bc-4001-a570-eb4d49528f47
a618ef22-d276-4143-8579-8abb3efe25a6,3,QIb1Te,2020-11-25,2020,11,Wednesday,3,10.5,
018534c3-3d9a-4423-a24d-fbaed746c59b,3,pCjr1R,2020-11-25,2020,11,Wednesday,3,10.5,73940d89-deb0-4758-98ef-8e8f593c620e
9e8b6e9c-1d89-4add-954e-af995aabe61c,3,9FFwEf,2020-11-25,2020,11,Wednesday,2,7.0,
698675bd-7690-4fb0-bc33-98d0a7f27656,3,K8gkI8,2020-11-25,2020,11,Wednesday,3,10.5,
ba3fa4ec-1c9a-4466-841d-a3871451d1b1,3,RZZSxq,2020-11-25,2020,11,Wednesday,2,7.0,639c17e3-0c72-47c6-9bdb-0f2ecc01c37f
8c292954-a42a-4688-89cf-d4a0c7c7c06b,3,V9hDyY,2020-11-25,2020,11,Wednesday,3,10.5,41875687-b3a0-4ca3-88b9-107ab9e2dc96
6e37ca51-9d4b-4d29-af6d-45c6893c7b69,3,V9hDyY,2020-11-25,2020,11,Wednesday,2,7.0,
95ab7164-ecda-40ad-a14c-f8f495bfc74d,3,9FFwEf,2020-11-25,2020,11,Wednesday,2,7.0,
cae51be2-4e71-4a10-8512-058627f96d29,3,YnyFQq,2020-11-25,2020,11,Wednesday,3,10.5,
1506b84b-77fb-444a-a33d-9dc303799452,3,XkiZ9D,2020-11-25,2020,11,Wednesday,2,7.0,409f7f20-99a7-4661-b7b4-488c27e01fb3
3591fbf9-25d9-4d23-852f-24d7269208fe,3,IWoDZ7,2020-11-25,2020,11,Wednesday,3,10.5,
96ad5411-9849-4da6-8d71-6ad599984ccc,3,RZZSxq,2020-11-25,2020,11,Wednesday,2,7.0,1b0a0912-1a4a-45a0-8fa2-78933c49a7a4
2ed31540-6b1d-4ed9-989b-a1c799bd3bdb,3,QIb1Te,2020-11-25,2020,11,Wednesday,2,7.0,
50810e57-f0fa-4c7c-9b52-ac221eacc8d5,3,K8gkI8,2020-11-26,2020,11,Thursday,3,10.5,3ee4b12b-d7b4-4a47-858f-860fa3a302ed
b2807469-e306-44ff-b11b-c8ebe7397941,3,J4fMRf,2020-11-26,2020,11,Thursday,1,3.5,503cec84-9c67-4752-81c3-26a1276f91c9
c744910f-15a4-405a-95b0-bbc8e301a5f9,3,RZZSxq,2020-11-26,2020,11,Thursday,2,7.0,f3970868-3c90-46d8-a20f-2390b8a7c8f2
7012ca0f-fd7a-404f-a68b-ef0068449973,3,pCjr1R,2020-11-26,2020,11,Thursday,1,3.5,
dbb5882f-d82a-4e3a-9e0f-1582f5bc26c7,3,9FFwEf,2020-11-26,2020,11,Thursday,2,7.0,
b6ba8802-dfe1-430e-a78a-b1deff184279,3,fvBBXY,2020-11-26,2020,11,Thursday,2,7.0,
daa568f4-886b-4c52-b15e-ddca5e716c65,3,K8gkI8,2020-11-26,2020,11,Thursday,1,3.5,
26ddcafc-6112-4152-9643-88a965b8768d,3,iYvFyn,2020-11-26,2020,11,Thursday,1,3.5,
65e531ad-bc0b-4d0f-99ea-a791c9a23763,3,9FFwEf,2020-11-26,2020,11,Thursday,2,7.0,
a8845739-c4ed-4fcb-9b51-372845271544,3,QIb1Te,2020-11-26,2020,11,Thursday,2,7.0,
3655e156-2177-41d0-91cb-a8c0b39810d1,3,K8gkI8,2020-11-26,2020,11,Thursday,3,10.5,a3051778-2cf8-4fdf-b056-1669dbfa1058
5f66ac4c-df10-4772-8956-de5f9cbc91ef,3,AcIRu7,2020-11-26,2020,11,Thursday,2,7.0,33311a72-1547-4961-8674-78123e619fbb
83b52a58-0a5a-4b02-8c17-5f2ea886bf75,3,QIb1Te,2020-11-26,2020,11,Thursday,3,10.5,
270d1b19-b37d-4aad-bd67-357f66404458,3,Xd4sZA,2020-11-26,2020,11,Thursday,1,3.5,
770e0ffb-16f3-4f1b-b4b4-3133f4b0a613,3,IWoDZ7,2020-11-26,2020,11,Thursday,2,7.0,f458a543-dfd7-404c-a8c1-6c63aea441da
04caf7db-9f31-4090-a0db-6f1f951dde83,3,LRN0uO,2020-11-26,2020,11,Thursday,2,7.0,9a17775c-9dd1-40b7-8f04-8a4703494fee
22c9129f-14f0-41c0-9b58-eed5f2ac25e9,3,g0RPTY,2020-11-26,2020,11,Thursday,2,7.0,048e9595-17a8-41fc-80a6-06ca24ad196e
5c526850-b429-43f7-b132-4e6bc99f6998,3,1X3p2H,2020-11-26,2020,11,Thursday,2,7.0,600266ac-5e18-4251-adaf-a059ac09e940
5381cfc6-a96c-4895-9ef6-b4a6e0beee19,3,pCjr1R,2020-11-26,2020,11,Thursday,2,7.0,
027deb3f-3bfd-4496-983a-5d58957d37cc,3,K8gkI8,2020-11-26,2020,11,Thursday,2,7.0,
e26aa97d-f60c-4a5f-8006-23a80f04581c,3,K8gkI8,2020-11-26,2020,11,Thursday,3,10.5,
b93d98cd-c2be-4014-8455-96d26e553480,3,QIb1Te,2020-11-26,2020,11,Thursday,1,3.5,
237e95eb-b374-4e51-9e23-104b5a2e7eaf,3,YnyFQq,2020-11-26,2020,11,Thursday,3,10.5,
0d674b5d-a65d-4d03-8bc1-36d19333ef33,3,pCjr1R,2020-11-26,2020,11,Thursday,2,7.0,5fa7bb53-d703-44d7-90ab-8b51f348afe7
17dde747-ac0e-4654-a84b-c87e29ea2940,3,HHY1ds,2020-11-26,2020,11,Thursday,1,3.5,
66e26b66-8640-4e65-9f39-d09354792759,3,AcIRu7,2020-11-26,2020,11,Thursday,2,7.0,
9986507b-a37b-425d-9070-ecf171218239,3,iYvFyn,2020-11-26,2020,11,Thursday,2,7.0,
f6e2ba3e-bd7f-4b2b-bae8-308a9382a15b,3,QIb1Te,2020-11-26,2020,11,Thursday,1,3.5,
e9b5e537-b996-41a7-93bd-a47d97b33bb5,3,IWoDZ7,2020-11-26,2020,11,Thursday,2,7.0,
27d2fe93-7e11-4af6-a1cb-b7eec987fb4a,3,YnyFQq,2020-11-26,2020,11,Thursday,1,3.5,92379d33-a068-4ba0-abb3-0b3a46925bcc
6dfbdc4c-6df9-4913-87f5-4f9a6c3a740a,3,QIb1Te,2020-11-26,2020,11,Thursday,3,10.5,
1ad76c40-a25d-490e-8cff-d6fdf4fa84fb,3,V9hDyY,2020-11-26,2020,11,Thursday,3,10.5,
b992e03e-6bcf-49c2-9ed0-e8385f701e45,3,XkiZ9D,2020-11-26,2020,11,Thursday,1,3.5,
37c6306e-c542-47b5-833e-24bb13cc12a5,3,Xd4sZA,2020-11-26,2020,11,Thursday,2,7.0,
78bc008c-9d93-4346-afef-45991802fa8d,3,g0RPTY,2020-11-26,2020,11,Thursday,2,7.0,
7d09184c-2b6d-4052-bb5a-f9cbbbbbabe7,3,QIb1Te,2020-11-26,2020,11,Thursday,2,7.0,
6ed301b2-9fcd-4c23-a2f2-4ddf8e5740e8,3,9FFwEf,2020-11-26,2020,11,Thursday,3,10.5,1656b169-ab41-47ea-86ca-6529918933f1
d64f8711-1c2f-49f2-ba0a-c1c62c080852,3,LRN0uO,2020-11-26,2020,11,Thursday,2,7.0,
e90f282e-f406-498d-a130-06cbe01b40f0,3,8CnCaM,2020-11-26,2020,11,Thursday,1,3.5,
20da1556-981c-4768-9432-d80da9c11f00,3,AcIRu7,2020-11-26,2020,11,Thursday,1,3.5,
6f14f3d6-0d1d-43b5-aeea-a12c00d4641c,3,J4fMRf,2020-11-26,2020,11,Thursday,2,7.0,3844157a-114c-4cbc-968a-7c30f702f9a7
0924bd7b-ea39-46c8-b13a-620ca33ab419,3,AcIRu7,2020-11-26,2020,11,Thursday,1,3.5,
98b75b7d-533b-423e-94b3-60f0413bf383,3,IWoDZ7,2020-11-26,2020,11,Thursday,1,3.5,
aca2da20-98d3-47b5-ac2b-005be4662c39,3,QIb1Te,2020-11-26,2020,11,Thursday,1,3.5,97c36b3b-8c96-4e61-bb4f-57ab5ac2e8de
84c9542e-3b76-48fe-9229-fe3ed80a83ad,3,AcIRu7,2020-11-26,2020,11,Thursday,1,3.5,
99008e26-2b5c-429e-b4db-e4963b5b742f,3,XkiZ9D,2020-11-26,2020,11,Thursday,2,7.0,
bf77f687-c28e-4fbc-932d-4fde6f97d403,3,K8gkI8,2020-11-26,2020,11,Thursday,1,3.5,aeee026c-d517-474a-9d71-31b4cb8612b2
4423a53c-ff3a-4291-9bf5-55b9a1cf7233,3,XkiZ9D,2020-11-26,2020,11,Thursday,1,3.5,2f92640a-aa6d-4be1-a6d6-f8278b75aa6c
469d2ef6-0336-4e7b-8ffc-ab4c7e874e4f,3,HHY1ds,2020-11-26,2020,11,Thursday,1,3.5,
2af539fc-a1e1-47a3-80d4-c06178bc15bf,3,YnyFQq,2020-11-26,2020,11,Thursday,2,7.0,
7158fafb-7376-4d99-a151-6872245e3903,3,8CnCaM,2020-11-26,2020,11,Thursday,2,7.0,
1896b1c1-a786-41ae-b6a0-6ddce67f7579,3,8CnCaM,2020-11-26,2020,11,Thursday,2,7.0,
61a63a17-41a5-447c-aa92-9be8a2b3c611,3,QIb1Te,2020-11-26,2020,11,Thursday,2,7.0,
fc83794f-7add-4d28-8bf8-e48c326bf164,3,V9hDyY,2020-11-26,2020,11,Thursday,2,7.0,
8694b887-eb0d-4638-a458-7a0ba9777150,3,Xd4sZA,2020-11-26,2020,11,Thursday,2,7.0,
47f498d0-272f-4503-8185-bae28e214d71,3,fvBBXY,2020-11-26,2020,11,Thursday,1,3.5,
7c621da0-0ea1-4f7f-9109-738ff370a808,3,J4fMRf,2020-11-26,2020,11,Thursday,2,7.0,
53e89a97-8415-455a-9f11-abf39c24bc4e,3,fvBBXY,2020-11-26,2020,11,Thursday,1,3.5,6bb8b6a7-9577-485d-bfc4-45a0b47945f4
63d30aac-0605-4aea-b7a8-6f8fde98a2e8,3,RZZSxq,2020-11-26,2020,11,Thursday,1,3.5,955d03c6-b9d6-4aae-acb4-8a36f781e1da
147861bf-d767-48c0-9b40-fd171c940d92,3,K8gkI8,2020-11-26,2020,11,Thursday,2,7.0,
458f2c8a-a143-495a-a97e-68bfd88aedea,3,fvBBXY,2020-11-26,2020,11,Thursday,3,10.5,b838de81-e5d5-4653-a383-8d64b9a8914e
ee0c02a2-1953-40f9-be20-2aaa460cda73,3,9FFwEf,2020-11-26,2020,11,Thursday,2,7.0,2a743fc8-b7e6-47e3-b5a3-b8ab806527d8
3b57aed0-2619-4a1a-9320-f2eaa4120769,3,V9hDyY,2020-11-26,2020,11,Thursday,1,3.5,e535c38b-71a8-40c0-bf54-fbeb2f09ce8d
9c16f070-f2f3-4798-ab31-1877d6732f82,3,IWoDZ7,2020-11-26,2020,11,Thursday,2,7.0,
6e7f8590-a25d-4541-b2c0-00e31d53a83a,3,YnyFQq,2020-11-26,2020,11,Thursday,2,7.0,
c841f238-13b2-4f24-b929-647f77f70f58,3,8CnCaM,2020-11-26,2020,11,Thursday,2,7.0,6a295ac4-9de0-4628-9326-0f77eefd1659
ce64ed6f-e04c-4270-9d34-ad905ecf9826,3,fvBBXY,2020-11-26,2020,11,Thursday,2,7.0,
e0a48f4a-444a-4a3d-84b7-b9be31f493a6,3,K8gkI8,2020-11-26,2020,11,Thursday,3,10.5,
68a35174-3c8d-403b-9e81-c220f46e2b96,3,1X3p2H,2020-11-26,2020,11,Thursday,2,7.0,4a1ba2e8-6d29-4d1e-8c0f-6e1b020860d9
0f735f9a-01f8-4cad-a678-68a5ad306958,3,RZZSxq,2020-11-26,2020,11,Thursday,2,7.0,3a2aa1d7-afcd-4437-9fec-1d7cda3faf1b
c210785a-a711-48c5-bff3-cf85cc01e871,3,YnyFQq,2020-11-26,2020,11,Thursday,1,3.5,
803ffd97-26ce-442a-bb25-c3e9549473bd,3,8CnCaM,2020-11-26,2020,11,Thursday,3,10.5,
0ac5ef02-e81d-4957-a3f7-3bd875a24e62,3,XkiZ9D,2020-11-26,2020,11,Thursday,1,3.5,
8b017a46-4121-40c2-b4a8-594931fce81d,3,YnyFQq,2020-11-26,2020,11,Thursday,3,10.5,
886ebc6c-4487-4032-a847-f79c9754a63a,3,AcIRu7,2020-11-26,2020,11,Thursday,2,7.0,
eb00df19-def3-4659-852d-4acc2adf0fe9,3,AcIRu7,2020-11-26,2020,11,Thursday,3,10.5,40fdee27-e2a8-41a3-bd7f-aea31b7d952c
6c250f28-2d07-491f-85e8-08f30cecd4bd,3,J4fMRf,2020-11-26,2020,11,Thursday,2,7.0,bc938f61-4a2b-4ed7-b101-b34357060b4d
c77b2d64-65ef-4c5e-be84-6046e739e9fb,3,Xd4sZA,2020-11-26,2020,11,Thursday,3,10.5,
637743cc-6ea7-440e-857e-53937c99d6e7,3,8CnCaM,2020-11-26,2020,11,Thursday,3,10.5,ae7408ac-411e-452c-807f-850d703c6bcb
ef7eaaed-d4a9-46a5-9a55-eb5a3f712b47,3,g0RPTY,2020-11-26,2020,11,Thursday,3,10.5,b4abaaeb-d742-4b38-91f8-49c9eaf5b22a
83fc1d88-6dfa-4880-b5d9-a0a046470502,3,K8gkI8,2020-11-26,2020,11,Thursday,2,7.0,b75e853f-1bc4-42c8-9ebb-613176b251a6
f382bdff-d83f-44f8-8c29-ffb92d8fa676,3,Xd4sZA,2020-11-26,2020,11,Thursday,3,10.5,aae169e6-375a-4446-aaad-38ca7eb6d2c9
b12a81d7-2549-4364-8a2e-5099789fcfa8,3,Xd4sZA,2020-11-26,2020,11,Thursday,1,3.5,
f8fe9fb6-4623-4eb1-8f71-95225d4e98b1,3,9FFwEf,2020-11-27,2020,11,Friday,2,7.0,ce585b6f-9a9f-4c6c-8d21-71cd50d7b91a
ea75d681-d459-478f-98d4-01519b0c3be3,3,g0RPTY,2020-11-27,2020,11,Friday,2,7.0,
af642c6a-adcf-48e4-bf30-6d999b24281f,3,J4fMRf,2020-11-27,2020,11,Friday,2,7.0,b31a1b02-af7a-407b-93af-62fbf6bc9710
24795cfa-88f5-472d-8cc8-e5e501d1ffdb,3,K8gkI8,2020-11-27,2020,11,Friday,2,7.0,a77bb9ae-7872-4f37-bfaf-4a257aa72639
4ea9fe34-6cd2-402d-bf0d-838066eed6ed,3,V9hDyY,2020-11-27,2020,11,Friday,1,3.5,
bd522cf8-4fef-4457-8fde-148ce3f6d82d,3,g0RPTY,2020-11-27,2020,11,Friday,1,3.5,7c54fc75-a47c-4c5f-94e1-e3fed5fa79a3
617cb666-045e-4ef7-842d-477c0c986947,3,K8gkI8,2020-11-27,2020,11,Friday,1,3.5,c59b5768-66d9-477c-aa15-6d68441a2420
169c1808-6eae-440c-ac9a-dd1c408cc583,3,9FFwEf,2020-11-27,2020,11,Friday,1,3.5,025d4384-9f20-43d5-8681-556f60219635
347bf1c9-6003-4b11-952e-b3959eb81945,3,HHY1ds,2020-11-27,2020,11,Friday,2,7.0,
dc8d3b44-e360-42e5-8e09-f9ab44fbcb5f,3,8CnCaM,2020-11-27,2020,11,Friday,1,3.5,
d0c00443-8806-4bec-9b6b-cb945a93f0e5,3,K8gkI8,2020-11-27,2020,11,Friday,2,7.0,
9217e6e9-a2ed-4397-85b5-d7eece8084fa,3,RZZSxq,2020-11-27,2020,11,Friday,1,3.5,
4edb8c45-f825-4ee4-9d4c-cb0d4855be3d,3,TwErrn,2020-11-27,2020,11,Friday,3,10.5,
fada3b95-afb6-4b00-b19a-5e36f7a7fdca,3,TwErrn,2020-11-27,2020,11,Friday,1,3.5,1e50503a-5e78-4555-93d3-9a7d0fcbfa20
99f9fdb5-97f7-48a5-88e5-b028fa890429,3,V9hDyY,2020-11-27,2020,11,Friday,2,7.0,
349b19b0-dccf-46ef-b1b4-008805da1557,3,J4fMRf,2020-11-27,2020,11,Friday,3,10.5,b4a395b1-165d-4174-93b9-ccf601f432fd
0a0633a4-3841-4f89-84a7-56d0f12aa858,3,9FFwEf,2020-11-27,2020,11,Friday,1,3.5,
0c372672-26a3-4e1d-b5f4-e09b4712fe94,3,XkiZ9D,2020-11-27,2020,11,Friday,1,3.5,b48b2c62-403d-472d-85e6-217bff89d1ee
03dff819-4846-4b7f-994b-f66e493db846,3,iYvFyn,2020-11-27,2020,11,Friday,2,7.0,
00667697-b05a-4545-b618-db40f1c72c6d,3,LRN0uO,2020-11-27,2020,11,Friday,2,7.0,9a159fc2-25f6-4568-9170-6699d347fb53
a988c58e-3c5a-4b30-a0dc-9fc2e7548bff,3,IWoDZ7,2020-11-27,2020,11,Friday,3,10.5,
019e1830-d336-4f4f-86b6-65abd3c7abe0,3,V9hDyY,2020-11-27,2020,11,Friday,1,3.5,
7f267e13-d918-45cf-a426-8a267e036bd2,3,HHY1ds,2020-11-27,2020,11,Friday,3,10.5,
ccac8a93-dc5d-43a8-8056-5c262cdc51c0,3,J4fMRf,2020-11-27,2020,11,Friday,2,7.0,
447ada06-abd5-4709-aa71-841a86b98982,3,1X3p2H,2020-11-27,2020,11,Friday,2,7.0,
cbe054f6-de03-497e-888e-29bf58aa14ab,3,RZZSxq,2020-11-27,2020,11,Friday,2,7.0,e99907e0-bec1-4816-bf96-4547bf379540
6e8323ab-4158-46dc-920e-b28ab7e70605,3,9FFwEf,2020-11-27,2020,11,Friday,3,10.5,
8e331c29-06a1-4e44-8ad4-dcde193f97a9,3,K8gkI8,2020-11-27,2020,11,Friday,3,10.5,6de6c824-0f11-4377-ab64-a5e7fc41d6a8
6aa0acc4-0b60-4794-af39-e9789ec67a9a,3,Xd4sZA,2020-11-27,2020,11,Friday,3,10.5,
4ba528b5-a4fc-4d7d-9d64-7188ad4d801b,3,J4fMRf,2020-11-27,2020,11,Friday,1,3.5,
195818bd-4151-4669-b1a7-734ea6a56661,3,XkiZ9D,2020-11-27,2020,11,Friday,1,3.5,
265424f4-4a7d-423b-83bb-85090c6cbd64,3,1X3p2H,2020-11-27,2020,11,Friday,1,3.5,18530746-778c-451a-bc0e-a1e7942d2ec2
43c6a049-6ccb-48fa-9f0e-3d2a335be9be,3,iYvFyn,2020-11-27,2020,11,Friday,2,7.0,
b8f7ebf4-e2ee-4b29-9eba-4bb32b9ed64f,3,iYvFyn,2020-11-27,2020,11,Friday,3,10.5,2e7d4c34-ac47-495e-9466-00813888a037
a95f23c7-769f-4c76-8d3c-baa6f46c27bd,3,QIb1Te,2020-11-27,2020,11,Friday,2,7.0,
13382934-776b-43e9-9bbf-0bd586b837d5,3,pCjr1R,2020-11-27,2020,11,Friday,2,7.0,b838de81-e5d5-4653-a383-8d64b9a8914e
cbf40714-5401-4599-803c-72bf835661b6,3,XkiZ9D,2020-11-27,2020,11,Friday,1,3.5,ae3314e8-98a0-4c08-8de4-4a46bbeced02
47057334-1c24-42b1-b316-f83affc7cfab,3,K8gkI8,2020-11-27,2020,11,Friday,2,7.0,1656b169-ab41-47ea-86ca-6529918933f1
615ca9c8-ce3f-454c-8bea-ef7ee027ba43,3,TwErrn,2020-11-27,2020,11,Friday,3,10.5,cdf18b2b-d3a6-4f4c-8cd0-645d2bcb6a11
8cd27528-e1e5-4511-90e2-5018fcb5a7a9,3,QIb1Te,2020-11-27,2020,11,Friday,1,3.5,
68f69bc7-06ab-447c-8b3f-9823d85c5c70,3,RZZSxq,2020-11-27,2020,11,Friday,2,7.0,
225d766b-ada6-4c80-8dc5-f79637322beb,3,TwErrn,2020-11-27,2020,11,Friday,2,7.0,222f8e67-db58-4358-95d3-bfe73b7d8031
42033e85-16cb-40f4-b983-6dafd48de6a1,3,HHY1ds,2020-11-27,2020,11,Friday,2,7.0,
279b4b6f-88d8-4b2f-9309-9b5841242d46,3,iYvFyn,2020-11-27,2020,11,Friday,1,3.5,
29b38477-a84c-4031-96de-34bc5a8f20f6,3,iYvFyn,2020-11-27,2020,11,Friday,2,7.0,30006795-823b-43d8-8e9e-38dd92091162
71e94850-da9c-47d2-959a-b2a38268a17e,3,LRN0uO,2020-11-27,2020,11,Friday,3,10.5,
3abb2578-8f09-4b93-914f-23f1d0e301f6,3,RZZSxq,2020-11-27,2020,11,Friday,2,7.0,
39a0a723-fcdf-4046-bb03-2541f8c10b95,3,J4fMRf,2020-11-27,2020,11,Friday,3,10.5,
ae45c3d6-a5fe-484a-8bac-fd4d44113cc3,3,QIb1Te,2020-11-27,2020,11,Friday,2,7.0,
a5527a1f-023c-49c7-af85-32933e9ff36b,3,8CnCaM,2020-11-27,2020,11,Friday,3,10.5,3eeb1de9-6349-4569-8650-c9af73bf1f8e
d664aed2-6cf8-4a1a-a910-be7371529b7e,3,IWoDZ7,2020-11-27,2020,11,Friday,2,7.0,
682744f0-ee82-455c-af4d-b4971cf01740,3,TwErrn,2020-11-27,2020,11,Friday,1,3.5,
b15f7a96-5ec6-4198-88e3-5ffab631e068,3,9FFwEf,2020-11-27,2020,11,Friday,3,10.5,
f8466420-9666-409d-be97-214f1200d5ab,3,TwErrn,2020-11-27,2020,11,Friday,2,7.0,
2509d93e-3335-450e-a303-7170a5561de7,3,TwErrn,2020-11-27,2020,11,Friday,3,10.5,4d5134d1-2f06-4d63-8263-eec292d23312
1ab32aa7-5460-404d-b833-a23bc81a619f,3,K8gkI8,2020-11-27,2020,11,Friday,2,7.0,
05770670-31fb-4e16-9e7b-7d49f1a64344,3,RZZSxq,2020-11-27,2020,11,Friday,2,7.0,
07e9e7de-7ab3-430f-99ea-d9fbb157c9f7,3,fvBBXY,2020-11-27,2020,11,Friday,2,7.0,
2bb29c02-6677-4709-a551-0a619d1a76ec,3,J4fMRf,2020-11-27,2020,11,Friday,3,10.5,
c01d6c06-88b2-43d9-b201-6442ec259c9c,3,K8gkI8,2020-11-27,2020,11,Friday,3,10.5,
a31b65c4-a9b4-4139-a365-2960c62b65db,3,fvBBXY,2020-11-27,2020,11,Friday,3,10.5,
6586688a-8816-4ecc-bfe6-0cf188718a07,3,fvBBXY,2020-11-27,2020,11,Friday,2,7.0,
a336c890-e6b8-48ab-8fdb-340ce8339844,3,LRN0uO,2020-11-27,2020,11,Friday,2,7.0,e760c2d0-2a0d-401f-b3e0-6dff7eb78a11
996c7b01-188d-433b-a490-a4f3871acc69,3,YnyFQq,2020-11-27,2020,11,Friday,2,7.0,7341c94d-ab5c-4974-b41c-062cf1da0647
5af3885a-45bb-4458-b28b-b04e3cefbe79,3,fvBBXY,2020-11-27,2020,11,Friday,2,7.0,13dc425e-563d-4852-b2b7-2a09b94c7040
401c293a-f3cc-4d66-b7dd-4c0417310bd2,3,LRN0uO,2020-11-27,2020,11,Friday,2,7.0,68effe8f-4917-4e28-8c34-a16030a48045
177ec95c-7317-4186-8e9c-cda99688ef27,3,XkiZ9D,2020-11-27,2020,11,Friday,2,7.0,
ce030c7e-82bd-40b3-9ef1-40e6e703f241,3,8CnCaM,2020-11-27,2020,11,Friday,2,7.0,
efde1fb1-19aa-41fb-b4a8-ac5e0b286c73,3,V9hDyY,2020-11-27,2020,11,Friday,1,3.5,
87abcc25-7b1c-4a8f-8e5a-8211b5193e4b,3,iYvFyn,2020-11-27,2020,11,Friday,2,7.0,
8fe3e484-a38b-45cd-b056-641c3179ad4c,3,fvBBXY,2020-11-27,2020,11,Friday,1,3.5,b7be8719-d7cc-4c06-8bf6-d5bd0cc7df37
7b4dd362-e79f-4fbf-a6fe-588e5c74e36e,3,pCjr1R,2020-11-27,2020,11,Friday,1,3.5,dc1125e2-055b-4e66-8c5d-ac3f413f4479
a13a5ed4-71d4-4a8d-a975-db15347fa36b,3,LRN0uO,2020-11-27,2020,11,Friday,2,7.0,
f578b6ba-fc20-41c7-b35c-776d8f1b613e,3,g0RPTY,2020-11-27,2020,11,Friday,1,3.5,
1ddd696d-59d9-41f4-a3e4-4af84965a9e9,3,RZZSxq,2020-11-27,2020,11,Friday,1,3.5,cfc813e7-80a1-41bf-8ef0-3587c731fdc7
65b6e4dd-a8b4-4f1d-a1d6-fcd8bca95426,3,V9hDyY,2020-11-27,2020,11,Friday,3,10.5,
a628ca29-f63a-4f41-b2e5-f76353a08cc1,3,LRN0uO,2020-11-27,2020,11,Friday,2,7.0,
b294fba2-9725-4756-bc87-4bd7e46d4a58,3,AcIRu7,2020-11-27,2020,11,Friday,3,10.5,
189e3a0e-d96e-4a49-8546-bbfadbef2217,3,LRN0uO,2020-11-27,2020,11,Friday,2,7.0,
d4a32b06-3142-43ee-9241-a0194b533e9c,3,RZZSxq,2020-11-27,2020,11,Friday,2,7.0,
4b43c98b-763e-4026-9cb2-cbc2d36600a2,3,YnyFQq,2020-11-27,2020,11,Friday,1,3.5,
90d9f456-9174-49f9-a646-2ebbd3af9bf2,3,fvBBXY,2020-11-27,2020,11,Friday,3,10.5,
921dfee5-701e-43bf-8e77-50d9d4a6ec06,3,QIb1Te,2020-11-27,2020,11,Friday,3,10.5,
86d532ff-c515-4d9f-aed6-94c7cf7b0d77,3,IWoDZ7,2020-11-27,2020,11,Friday,3,10.5,
710bbdda-d072-4271-807e-22abacf9647c,3,RZZSxq,2020-11-27,2020,11,Friday,1,3.5,62a533f6-6bc0-456a-b021-f353603edde6
928752c2-e332-4fa9-b9f7-e44f780f7a4a,3,RZZSxq,2020-11-27,2020,11,Friday,2,7.0,
1045e119-6aca-46a8-9338-32556a063b87,3,pCjr1R,2020-11-27,2020,11,Friday,2,7.0,
996892af-39fd-421b-8bb5-9212f31ff995,3,TwErrn,2020-11-27,2020,11,Friday,1,3.5,
f9c55394-2b89-432f-a8bb-b88380f26314,3,8CnCaM,2020-11-27,2020,11,Friday,1,3.5,
c73faec6-98ca-40ce-ab29-a40425b44338,3,QIb1Te,2020-11-27,2020,11,Friday,2,7.0,
784cd996-3654-498b-a5ab-57c9bcefb07b,3,QIb1Te,2020-11-28,2020,11,Saturday,2,7.0,e760c2d0-2a0d-401f-b3e0-6dff7eb78a11
510d0b46-7657-403a-afcc-2e644e6e83c5,3,AcIRu7,2020-11-28,2020,11,Saturday,2,7.0,
60b3dc62-1df4-44e5-abb8-d794017729d2,3,TwErrn,2020-11-28,2020,11,Saturday,3,10.5,
06a0effd-cc79-4665-af37-ff1b907e951e,3,Xd4sZA,2020-11-28,2020,11,Saturday,2,7.0,ab8a4566-9d6e-4477-87b0-fecfbe0b01a0
bf443139-c64e-40d9-be8b-5665f07ccb6b,3,fvBBXY,2020-11-28,2020,11,Saturday,2,7.0,
9e5bf474-bad0-42d9-b6cb-f1da154d3528,3,K8gkI8,2020-11-28,2020,11,Saturday,3,10.5,
7e1f0a28-6081-4551-8772-d6e3d6432f09,3,9FFwEf,2020-11-28,2020,11,Saturday,1,3.5,
57f4f57f-c7ef-46de-b66f-67fec8e08a6c,3,AcIRu7,2020-11-28,2020,11,Saturday,3,10.5,
be111286-ee38-4ac1-ae76-8d6a9ba7c8ba,3,iYvFyn,2020-11-28,2020,11,Saturday,2,7.0,
f0e4a1ad-3a9b-40af-ac29-788782de9bf6,3,YnyFQq,2020-11-28,2020,11,Saturday,2,7.0,
9680fa73-314f-44b8-8320-abbf72797aba,3,IWoDZ7,2020-11-28,2020,11,Saturday,3,10.5,503cec84-9c67-4752-81c3-26a1276f91c9
cf5b4d83-d411-4e90-a8e6-b32c1fb89083,3,AcIRu7,2020-11-28,2020,11,Saturday,1,3.5,f399e73c-8f7e-4a5c-aaac-cf84321b5e74
74e6a310-2273-4c89-976d-fb55e3c979fe,3,iYvFyn,2020-11-28,2020,11,Saturday,3,10.5,
a7a4328e-c37d-44e6-9414-46d2781934de,3,AcIRu7,2020-11-28,2020,11,Saturday,2,7.0,
0fce6cf9-1ee0-4518-b18a-519b0a809536,3,iYvFyn,2020-11-28,2020,11,Saturday,3,10.5,
443169be-67c0-4428-aa26-185d6029d5fb,3,V9hDyY,2020-11-28,2020,11,Saturday,1,3.5,4f955eb4-4f2a-4ec9-ab9c-5e507778a689
f5700474-addd-4c54-889e-0b1cf85e07ba,3,IWoDZ7,2020-11-28,2020,11,Saturday,2,7.0,
d4e95274-4ac5-455a-be10-7b270b837b14,3,YnyFQq,2020-11-28,2020,11,Saturday,3,10.5,0fe15ff1-b29d-4991-b603-5a424e690a79
581db048-bb25-4e86-9e2a-ce44faec85bb,3,K8gkI8,2020-11-28,2020,11,Saturday,2,7.0,
3652c177-a1d6-47e4-a797-5d68e0f87fc4,3,IWoDZ7,2020-11-28,2020,11,Saturday,1,3.5,
5e3abc95-73a2-4c86-9e36-fb04cda1539c,3,8CnCaM,2020-11-28,2020,11,Saturday,1,3.5,
2fbeba87-a6a1-4f3e-846b-7a4c72f4d35a,3,8CnCaM,2020-11-28,2020,11,Saturday,3,10.5,
323615a4-6837-4122-b621-651782f08100,3,IWoDZ7,2020-11-28,2020,11,Saturday,3,10.5,a77bb9ae-7872-4f37-bfaf-4a257aa72639
8208fa8f-2a01-4c85-bb0f-15768102a56a,3,8CnCaM,2020-11-28,2020,11,Saturday,2,7.0,
3f349dd4-e1aa-44e5-901f-0897b40e4830,3,YnyFQq,2020-11-28,2020,11,Saturday,2,7.0,
72644f92-3b75-485f-9b20-4cc95c8ae5b5,3,YnyFQq,2020-11-28,2020,11,Saturday,2,7.0,
5111d14b-0a01-4707-9622-45d43bb6a8a2,3,fvBBXY,2020-11-28,2020,11,Saturday,1,3.5,
b984f046-ab94-4e33-b829-f474a1b2f2cd,3,RZZSxq,2020-11-28,2020,11,Saturday,2,7.0,3a2aa1d7-afcd-4437-9fec-1d7cda3faf1b
ae30df59-cb18-4434-b517-f18cc75dd5f2,3,8CnCaM,2020-11-28,2020,11,Saturday,2,7.0,
0128b28c-4961-4aea-91c3-f4559f3129c1,3,Xd4sZA,2020-11-28,2020,11,Saturday,1,3.5,
4f9b7533-3007-43c8-8352-84235814b43f,3,9FFwEf,2020-11-28,2020,11,Saturday,2,7.0,097df1c8-9bca-4004-aeb6-cff30894909e
ab536d55-ba96-4f86-8b9d-169f42bb4a04,3,IWoDZ7,2020-11-28,2020,11,Saturday,2,7.0,d9e25212-d4f2-4369-a85b-b94a1776b652
70174f76-1f90-4e79-a0a5-52e9ff164fb8,3,g0RPTY,2020-11-28,2020,11,Saturday,2,7.0,
62fbbc6b-df1f-4dc8-9790-d0aa8a47f0c3,3,J4fMRf,2020-11-28,2020,11,Saturday,2,7.0,
273b8169-af09-4a79-a701-a1117aef0d22,3,RZZSxq,2020-11-28,2020,11,Saturday,3,10.5,025d4384-9f20-43d5-8681-556f60219635
cb58c776-0bc1-42a0-95d5-97f174db5260,3,AcIRu7,2020-11-28,2020,11,Saturday,2,7.0,
02c6e694-8b2e-4f8f-8c5c-ca926030b4f8,3,IWoDZ7,2020-11-28,2020,11,Saturday,3,10.5,
314e8b84-0477-41cb-af8e-7dd4f7e65b10,3,8CnCaM,2020-11-28,2020,11,Saturday,2,7.0,
39c82127-22b0-4ec1-938d-5a0cb189cc3b,3,LRN0uO,2020-11-28,2020,11,Saturday,2,7.0,
7e5b5e38-ef63-4f3f-aa87-991649336528,3,LRN0uO,2020-11-28,2020,11,Saturday,3,10.5,
04ccb3f9-8232-4fa4-b389-5c1fe6a2cfc5,3,RZZSxq,2020-11-28,2020,11,Saturday,2,7.0,
eec9bcda-2a00-4693-8c5e-2f36dc9ca15d,3,Xd4sZA,2020-11-28,2020,11,Saturday,2,7.0,
ff34ce7d-bc5f-4fe0-8d88-ba365339a4b1,3,K8gkI8,2020-11-28,2020,11,Saturday,1,3.5,
ef8ee3dc-1a93-475a-ab20-6776a0a63d59,3,1X3p2H,2020-11-28,2020,11,Saturday,2,7.0,8275b9f3-1623-43b8-b2f3-c7d7128df5eb
64c4c89a-a463-4dc4-afaf-c44721b5b7b3,3,QIb1Te,2020-11-28,2020,11,Saturday,2,7.0,
c24dcb67-160e-4c2d-84e8-3d7890fefd6a,3,pCjr1R,2020-11-28,2020,11,Saturday,2,7.0,
b7953d69-f80d-4a93-a824-eb2ba3eee2a7,3,9FFwEf,2020-11-28,2020,11,Saturday,3,10.5,f4281d01-2e2c-4b24-a745-d5f26813ff4b
5c6a2f8a-20ee-4faa-a915-fa5e8234319b,3,Xd4sZA,2020-11-28,2020,11,Saturday,2,7.0,
5fa9cf01-4a51-4e80-83bc-3f71faacb65e,3,g0RPTY,2020-11-28,2020,11,Saturday,2,7.0,8b168093-a508-407e-96b1-5fe3ae301949
b8cb0203-84f0-483b-b7bf-dfca7ca70b6d,3,8CnCaM,2020-11-28,2020,11,Saturday,2,7.0,5602ac6c-b457-4267-af2d-12e131e14f95
30bcf21e-87b3-4dfa-8e10-600ddfdd03f5,3,HHY1ds,2020-11-28,2020,11,Saturday,1,3.5,2115c4c9-6cbe-4fca-8af6-1e913cc00ffc
8b4f8ca7-f7d1-4a97-adc2-e1906bf7173f,3,8CnCaM,2020-11-28,2020,11,Saturday,2,7.0,23e315e0-4a0c-4db3-a8ca-815b1c38abf3
2d1bbe65-9add-4e68-b9fb-19a4c0051c12,3,HHY1ds,2020-11-28,2020,11,Saturday,3,10.5,
db39cd6e-018c-4c6c-b485-5a251d98602b,3,fvBBXY,2020-11-28,2020,11,Saturday,3,10.5,
cd4cc689-fe9b-4f29-8f2f-2cfd48cb48b8,3,V9hDyY,2020-11-28,2020,11,Saturday,3,10.5,
0ce733e5-f4f6-454a-8a9b-c2211c4702be,3,V9hDyY,2020-11-28,2020,11,Saturday,2,7.0,dbb767d1-ef88-4dc7-a7c0-39046444ec72
fce2b204-7b53-41d7-83ea-8ed13c7ffdf8,3,J4fMRf,2020-11-28,2020,11,Saturday,2,7.0,
17a75d88-0d3b-40ce-a165-20a757d79712,3,fvBBXY,2020-11-28,2020,11,Saturday,2,7.0,
8d5d7121-9361-4022-ac96-391f9d3386dc,3,RZZSxq,2020-11-28,2020,11,Saturday,2,7.0,
caeab7e2-51bf-4957-860d-36a9f30015b5,3,YnyFQq,2020-11-28,2020,11,Saturday,3,10.5,
424dc167-2c3d-45b2-a467-9ab00d57903b,3,Xd4sZA,2020-11-28,2020,11,Saturday,1,3.5,
13f84428-1440-42d6-9c97-105991c11baa,3,HHY1ds,2020-11-28,2020,11,Saturday,2,7.0,ae7408ac-411e-452c-807f-850d703c6bcb
429a987d-8960-4f10-9175-ace565541eaa,3,QIb1Te,2020-11-28,2020,11,Saturday,1,3.5,
d5c68e0d-cd44-45d6-8594-45addc117261,3,IWoDZ7,2020-11-28,2020,11,Saturday,3,10.5,
fbc2efe9-4880-4bc0-a2cb-61af937a13e3,3,K8gkI8,2020-11-28,2020,11,Saturday,3,10.5,
a3c6f980-5a3a-4639-8161-90659fe50234,3,V9hDyY,2020-11-28,2020,11,Saturday,3,10.5,
9884c20c-a3d2-47ba-874f-3df731c92b61,3,pCjr1R,2020-11-28,2020,11,Saturday,3,10.5,
37f53e0d-a63e-446f-b805-801e05a52490,3,YnyFQq,2020-11-28,2020,11,Saturday,2,7.0,
d682cfdb-57b1-40a2-bb4d-bb4776dda94b,3,LRN0uO,2020-11-28,2020,11,Saturday,3,10.5,
9a7162a3-cc28-4728-adab-23c9d9e1cde6,3,iYvFyn,2020-11-28,2020,11,Saturday,2,7.0,
816fee06-e9b6-4f2d-9dea-02b602677662,3,V9hDyY,2020-11-28,2020,11,Saturday,2,7.0,
1c99345c-4a55-4fdb-b178-19779d278f27,3,RZZSxq,2020-11-28,2020,11,Saturday,3,10.5,
dbd83a5b-0aab-417b-9bd2-64171b5b8963,3,RZZSxq,2020-11-28,2020,11,Saturday,1,3.5,
a3a3176d-e582-415a-b09f-063bb6ed5646,3,LRN0uO,2020-11-28,2020,11,Saturday,3,10.5,
bef50236-a691-4a20-b974-3f50b4a6ac9a,3,9FFwEf,2020-11-28,2020,11,Saturday,2,7.0,
5f9a328c-2e50-4001-8a01-a47b67c60929,3,AcIRu7,2020-11-28,2020,11,Saturday,1,3.5,4734d99c-eb05-4ee1-b2e0-e3d54380e1f8
653ed769-ffeb-48af-97ce-2a183ec551c6,3,LRN0uO,2020-11-28,2020,11,Saturday,3,10.5,
58e125ab-8ed7-4d2d-8dd1-4df08e925acf,3,RZZSxq,2020-11-28,2020,11,Saturday,2,7.0,1c99f61c-33d7-4035-b2e8-33bb13a9f458
c658c7c5-c8c6-46ca-96e3-4daaea270ad5,3,YnyFQq,2020-11-28,2020,11,Saturday,3,10.5,430ecc3b-25ca-412a-b2c3-824cbb15071b
12a72e50-b908-46fa-b6ba-a612e504e2a6,3,K8gkI8,2020-11-28,2020,11,Saturday,1,3.5,5e1d69cf-4548-4c11-a711-d751fad6a8e8
8ffcefeb-aef7-403f-865c-7adc51ad58c8,3,AcIRu7,2020-11-28,2020,11,Saturday,1,3.5,
04563a70-3fbd-462d-8674-a446249a15a3,3,QIb1Te,2020-11-28,2020,11,Saturday,3,10.5,39d6adaa-01bc-4001-a570-eb4d49528f47
404d53dc-44f9-4939-848c-440d3864a45f,3,1X3p2H,2020-11-28,2020,11,Saturday,3,10.5,
5c9d80a5-854c-41cc-b0bc-c2288d8cedc1,3,YnyFQq,2020-11-28,2020,11,Saturday,2,7.0,
4b1e8417-8d20-4950-b6bf-970b5e600ad3,3,XkiZ9D,2020-11-28,2020,11,Saturday,2,7.0,0bd42dab-c673-41a0-96b2-d12f5dc93e56
d061ed46-442e-4a4d-919d-4ad3d6fcb04e,3,YnyFQq,2020-11-28,2020,11,Saturday,3,10.5,
f2a12f24-5f0e-4349-b885-b5f9e1bf7428,3,K8gkI8,2020-11-28,2020,11,Saturday,3,10.5,
f93f82b8-8b8e-467f-839b-4f13a3b614fd,3,IWoDZ7,2020-11-28,2020,11,Saturday,2,7.0,
3d6d21f3-f023-40b5-bc5e-7591737271d1,3,RZZSxq,2020-11-28,2020,11,Saturday,2,7.0,
60b61adc-a660-4d40-a9c3-3c8017cf926e,3,YnyFQq,2020-11-28,2020,11,Saturday,1,3.5,
75c9f33a-c800-4885-9f8c-9ad681868e53,3,J4fMRf,2020-11-28,2020,11,Saturday,2,7.0,
8a24949d-8721-4364-86ba-1f51479a8cec,3,QIb1Te,2020-11-28,2020,11,Saturday,2,7.0,32ad9ccc-601f-45a6-bfaf-47ca2008fd7f
e830c8cf-43d4-46be-b7c6-6644dfc52e7b,3,HHY1ds,2020-11-28,2020,11,Saturday,2,7.0,104680e6-78b4-414c-8402-191243d43b87
dddbc12b-e28c-4124-8621-c3ec242f3f0e,3,YnyFQq,2020-11-28,2020,11,Saturday,2,7.0,
10c6eab7-cdd6-471b-b08b-f145dbcd92dc,3,iYvFyn,2020-11-28,2020,11,Saturday,3,10.5,
2f688353-4215-48a5-a9c8-17db7d1578af,3,IWoDZ7,2020-11-28,2020,11,Saturday,2,7.0,
4ce42c5e-34eb-4d58-b37b-71f17751ea67,3,RZZSxq,2020-11-28,2020,11,Saturday,2,7.0,
b6725898-420f-45ff-847b-c300c75d2b42,3,pCjr1R,2020-11-28,2020,11,Saturday,2,7.0,
8308e01a-d146-49ee-be48-1cff9c4a510f,3,V9hDyY,2020-11-28,2020,11,Saturday,3,10.5,e47400f9-36e4-474e-a442-77feeff215f9
1d402a80-78cb-4c8b-9943-84d034a78120,3,J4fMRf,2020-11-28,2020,11,Saturday,2,7.0,
0547007b-3bed-4a7a-8e68-d65f09ddb264,3,IWoDZ7,2020-11-28,2020,11,Saturday,3,10.5,
8f8fcb75-a3d3-46bd-979a-2f6fe0e28475,3,QIb1Te,2020-11-28,2020,11,Saturday,2,7.0,
b22f0a25-0886-4974-9ca2-66f656fa3a79,3,HHY1ds,2020-11-29,2020,11,Sunday,2,7.0,
6b516a99-fb88-4c20-9673-a91f6969ac2e,3,J4fMRf,2020-11-29,2020,11,Sunday,2,7.0,
4296a87c-f8ce-4a57-8f22-773feaaf63d4,3,9FFwEf,2020-11-29,2020,11,Sunday,1,3.5,
517f7c7a-414c-46b1-8d1a-b09573d6907c,3,LRN0uO,2020-11-29,2020,11,Sunday,1,3.5,
c7df1d1e-e4f1-493f-80d0-f4a0101b7af8,3,TwErrn,2020-11-29,2020,11,Sunday,3,10.5,aeee026c-d517-474a-9d71-31b4cb8612b2
cb8ca0e0-6f55-4c9c-ae72-8b5a5c43c3e2,3,TwErrn,2020-11-29,2020,11,Sunday,2,7.0,b103d647-4ca5-451f-b87f-7bab4a832756
f8cf7245-7219-406d-b581-aeb834c0e41f,3,TwErrn,2020-11-29,2020,11,Sunday,1,3.5,
055d9faf-c12f-4d2d-a9a7-4e807ca6d46e,3,AcIRu7,2020-11-29,2020,11,Sunday,1,3.5,
a0036b67-61b5-4882-a41a-0cbb9ad02276,3,1X3p2H,2020-11-29,2020,11,Sunday,2,7.0,
83b84a46-ab2e-49dc-bb0c-cca22fbb59fa,3,fvBBXY,2020-11-29,2020,11,Sunday,2,7.0,
df611a25-68ff-4e31-ab69-70d6d8ab2de2,3,g0RPTY,2020-11-29,2020,11,Sunday,1,3.5,
e8c87a7b-1c99-4c30-80f0-62197daeab86,3,iYvFyn,2020-11-29,2020,11,Sunday,1,3.5,
285a398f-d566-4223-b964-9221ed48854a,3,g0RPTY,2020-11-29,2020,11,Sunday,2,7.0,
09c401c1-2677-482b-b341-ec1803b07986,3,TwErrn,2020-11-29,2020,11,Sunday,3,10.5,
4c7a5c81-15d8-4800-adc4-c24af1127fc8,3,J4fMRf,2020-11-29,2020,11,Sunday,2,7.0,
8a4709a0-7048-423b-9e3a-fcb442776183,3,1X3p2H,2020-11-29,2020,11,Sunday,3,10.5,
dc14a9f0-71cd-4b0d-b293-d62257733619,3,AcIRu7,2020-11-29,2020,11,Sunday,3,10.5,57197068-5f83-4545-adb8-7b782c960017
37116472-6963-466f-b16a-2a53141095b1,3,g0RPTY,2020-11-29,2020,11,Sunday,2,7.0,
b4d81eef-69e6-4598-a941-7cdc56d5d793,3,V9hDyY,2020-11-29,2020,11,Sunday,3,10.5,
c65b7dcd-0da6-4b55-8bc7-4f49851b41a1,3,fvBBXY,2020-11-29,2020,11,Sunday,3,10.5,
e39bc892-9466-4249-bee8-49bf1ee4dd9c,3,V9hDyY,2020-11-29,2020,11,Sunday,3,10.5,
69467776-403f-490d-812f-8b0b48101734,3,LRN0uO,2020-11-29,2020,11,Sunday,2,7.0,cdf18b2b-d3a6-4f4c-8cd0-645d2bcb6a11
a6b95a7f-d483-47b4-a1a7-0599a6f506a1,3,QIb1Te,2020-11-29,2020,11,Sunday,3,10.5,
2906286c-9fa3-4cf8-9178-a86e9177e98c,3,pCjr1R,2020-11-29,2020,11,Sunday,3,10.5,5602ac6c-b457-4267-af2d-12e131e14f95
e05b90bd-6328-4de5-ad86-5e9f41e7b0cd,3,TwErrn,2020-11-29,2020,11,Sunday,3,10.5,
952af88c-fced-4802-b2bf-e263177062c3,3,QIb1Te,2020-11-29,2020,11,Sunday,1,3.5,
5e4e4c2f-3806-49b0-941f-674ee560ed28,3,V9hDyY,2020-11-29,2020,11,Sunday,3,10.5,
900017fe-3504-4be0-83d6-eca1f201c91a,3,TwErrn,2020-11-29,2020,11,Sunday,2,7.0,
73936435-6731-4aa2-b2b5-ee549346a5ce,3,XkiZ9D,2020-11-29,2020,11,Sunday,2,7.0,
fa0c1ab5-b6c7-474e-b44d-0a29ec7648ad,3,8CnCaM,2020-11-29,2020,11,Sunday,2,7.0,
ed284727-c028-4bea-9842-6d61800cc97e,3,V9hDyY,2020-11-29,2020,11,Sunday,3,10.5,f19432c4-4df4-4e45-97d6-8fd7772aecee
cd2374e4-a36a-4262-bde2-92d0a45baa57,3,g0RPTY,2020-11-29,2020,11,Sunday,1,3.5,
23de04c0-7011-4969-abbc-69309220014b,3,RZZSxq,2020-11-29,2020,11,Sunday,3,10.5,
5e31ef2a-38ea-4ad8-a32b-4b6330f370f6,3,LRN0uO,2020-11-29,2020,11,Sunday,2,7.0,
85b79f8c-5917-4fdf-a9d1-0ded0b98987e,3,pCjr1R,2020-11-29,2020,11,Sunday,3,10.5,
ea5add05-f47d-4b16-948d-4936c03b7fee,3,K8gkI8,2020-11-29,2020,11,Sunday,2,7.0,
45acfab5-3e09-4836-9c88-2d5305b737e5,3,TwErrn,2020-11-29,2020,11,Sunday,2,7.0,636b6842-be99-4184-aab5-bcf4b12ff941
28a7ce33-1204-4764-8d8f-e2bbb1d3d53c,3,1X3p2H,2020-11-29,2020,11,Sunday,1,3.5,
2744d911-1592-43e1-b41a-507a502dbb47,3,LRN0uO,2020-11-29,2020,11,Sunday,3,10.5,
8544381b-1386-40de-98eb-271fea8e8859,3,HHY1ds,2020-11-29,2020,11,Sunday,1,3.5,
e6538045-da8d-4c8e-ba2e-fb3827ab33cd,3,pCjr1R,2020-11-29,2020,11,Sunday,2,7.0,
baa2c360-fff0-4897-ab22-b1cf90cc4c20,3,V9hDyY,2020-11-29,2020,11,Sunday,3,10.5,
8fb9a5d3-0874-4e04-a501-c3641daa4a86,3,9FFwEf,2020-11-29,2020,11,Sunday,3,10.5,
34294761-7f40-4922-a0de-7e6884cf7509,3,8CnCaM,2020-11-29,2020,11,Sunday,2,7.0,
be38fb8f-fe9f-46cb-b075-82701bf67e0f,3,AcIRu7,2020-11-29,2020,11,Sunday,2,7.0,
e4d94fa8-5365-43a8-9e20-79c0bd61972d,3,V9hDyY,2020-11-29,2020,11,Sunday,2,7.0,27cad89a-eb58-4065-a4d8-69cf833e313e
0702a8b8-451b-48df-81cc-853a4786d7ad,3,K8gkI8,2020-11-29,2020,11,Sunday,1,3.5,54c2f33c-ff98-4537-bd8e-a17e8942faf5
cf21bf55-3c12-45fa-bcd5-03b887802bf1,3,YnyFQq,2020-11-29,2020,11,Sunday,1,3.5,
b8296b0d-9b71-4860-a43e-23a8714ef4a2,3,IWoDZ7,2020-11-29,2020,11,Sunday,2,7.0,
e6700bd8-c50e-4d85-b897-4dc30db307b8,3,9FFwEf,2020-11-29,2020,11,Sunday,1,3.5,
5e621310-d3a4-4f8b-98d6-8d60ae8d14f8,3,LRN0uO,2020-11-29,2020,11,Sunday,2,7.0,
b0a2d6e2-27b4-44e5-8be1-810aa91d3903,3,HHY1ds,2020-11-29,2020,11,Sunday,2,7.0,
0c6ba9ed-7543-42f9-ac99-73fe39844292,3,YnyFQq,2020-11-29,2020,11,Sunday,2,7.0,
fbb17a32-78a1-49e5-9aca-059ccbe8c77e,3,HHY1ds,2020-11-29,2020,11,Sunday,3,10.5,
d23cdab8-f3b3-4fd5-9ef7-52311a802137,3,LRN0uO,2020-11-29,2020,11,Sunday,1,3.5,
c29efa88-0f69-42fb-aee3-be26dc6a8a42,3,XkiZ9D,2020-11-29,2020,11,Sunday,2,7.0,07326e55-8820-4c75-9a7e-9a782bf59a7c
af0c8894-551c-4745-832f-0961ab446db3,3,QIb1Te,2020-11-29,2020,11,Sunday,3,10.5,
3e817f07-336c-46ed-a062-d1bba73a73b8,3,J4fMRf,2020-11-29,2020,11,Sunday,1,3.5,cfc813e7-80a1-41bf-8ef0-3587c731fdc7
bdcb5293-6ffb-426a-9334-a1d1977f0cba,3,8CnCaM,2020-11-29,2020,11,Sunday,3,10.5,
2bedb58f-e11b-4fb0-8f31-b2df3d6547dc,3,RZZSxq,2020-11-29,2020,11,Sunday,1,3.5,18530746-778c-451a-bc0e-a1e7942d2ec2
9ed52a47-539a-4875-b4f7-1f76869c4dbd,3,XkiZ9D,2020-11-29,2020,11,Sunday,2,7.0,f3970868-3c90-46d8-a20f-2390b8a7c8f2
7691654e-3800-499c-abd2-f925420326d3,3,LRN0uO,2020-11-29,2020,11,Sunday,2,7.0,
0eb74579-82b9-44e5-ba99-747dd9ec19bc,3,pCjr1R,2020-11-29,2020,11,Sunday,1,3.5,9a17775c-9dd1-40b7-8f04-8a4703494fee
886560e4-ac95-45e7-8e0d-d8a5d798d910,3,8CnCaM,2020-11-29,2020,11,Sunday,2,7.0,
8d60f568-40c2-4bf3-99db-e05f8e559212,3,IWoDZ7,2020-11-29,2020,11,Sunday,3,10.5,04a60e96-9b04-42f5-9f04-de4582f0d3d8
e5156747-e7f4-4813-99a3-409991fdd922,3,HHY1ds,2020-11-29,2020,11,Sunday,2,7.0,a3e4cdb2-1805-4c03-9b19-ea53b131cf80
d6e9cc6c-e718-4205-a13a-a01bdf8b066e,3,AcIRu7,2020-11-29,2020,11,Sunday,1,3.5,d084d4eb-9978-464e-8ef6-fad8f8e9536f
0a09c085-50bc-4226-a3c3-79c23bcf4389,3,YnyFQq,2020-11-29,2020,11,Sunday,2,7.0,
0516962e-9851-40e4-97ef-8dbd9a3c94b9,3,iYvFyn,2020-11-29,2020,11,Sunday,2,7.0,
a829b4eb-a998-4cd6-a4f4-237f62d13b01,3,XkiZ9D,2020-11-29,2020,11,Sunday,1,3.5,
50b63c62-d681-41aa-8f15-1932e90b3f42,3,XkiZ9D,2020-11-29,2020,11,Sunday,2,7.0,39d6adaa-01bc-4001-a570-eb4d49528f47
b11aa50f-d596-4339-9b50-e86af4e54be6,3,1X3p2H,2020-11-29,2020,11,Sunday,2,7.0,
9a8f8ca7-758e-4c20-b94c-9323a47c3c81,3,TwErrn,2020-11-29,2020,11,Sunday,3,10.5,2054d4a3-3b6d-4f49-9ad6-ecd01395a00b
ce448c43-fa47-415d-bceb-a675a25ee8ce,3,Xd4sZA,2020-11-29,2020,11,Sunday,3,10.5,5e1d69cf-4548-4c11-a711-d751fad6a8e8
cce47d01-af14-489c-a372-d8ae8f0d38f2,3,XkiZ9D,2020-11-29,2020,11,Sunday,2,7.0,
802a1e07-72ab-4ba8-9b1a-991556befb8e,3,XkiZ9D,2020-11-29,2020,11,Sunday,2,7.0,
aa08ebad-5050-422c-8018-d460c40289d6,3,TwErrn,2020-11-29,2020,11,Sunday,2,7.0,
ecd17f85-faec-4eff-9e8b-a5b232f286e5,3,8CnCaM,2020-11-29,2020,11,Sunday,2,7.0,6755615f-3d98-4737-9004-d69a2a09b024
23933e14-4d19-4820-8b28-762ef893ab74,3,AcIRu7,2020-11-29,2020,11,Sunday,2,7.0,
8384b713-6048-4e7b-a394-59c7c620d2cf,3,9FFwEf,2020-11-29,2020,11,Sunday,2,7.0,
9b0b9a43-34b3-4deb-bc6b-4b0e94597f60,3,AcIRu7,2020-11-29,2020,11,Sunday,3,10.5,b5c697f9-d444-4553-ba0d-894c4a28e8f3
5c596e3c-f163-4791-bc17-a6d7c630bde6,3,K8gkI8,2020-11-29,2020,11,Sunday,3,10.5,823a9443-ac0d-4efb-95e7-8bdce014738f
1ce85634-35d5-44d4-a5c8-9a5f441a37c7,3,pCjr1R,2020-11-29,2020,11,Sunday,2,7.0,
aa5eb71b-557e-40d8-a944-f4b2fe5b9f24,3,pCjr1R,2020-11-29,2020,11,Sunday,3,10.5,058f1c4b-7fbe-479f-9e0c-932bb60c1108
c8bf9e6c-d6f3-4443-89cc-6cc8e85931bd,3,LRN0uO,2020-11-29,2020,11,Sunday,1,3.5,
dd1e87cd-2552-40c3-b49a-0fcf3d598671,3,LRN0uO,2020-11-29,2020,11,Sunday,2,7.0,0c4795ee-75eb-4f9e-b73f-1b8826a15029
16e834c1-eff8-4c18-8893-9e627f3b670b,3,RZZSxq,2020-11-29,2020,11,Sunday,3,10.5,
f2a770fa-6a29-41ed-829a-da2f76cbb3b3,3,YnyFQq,2020-11-30,2020,11,Monday,2,7.0,068fe63d-3ac8-4b1d-94cc-d8f6cf8185f6
00926c0d-122e-47fd-bc72-8144f85e9ed7,3,g0RPTY,2020-11-30,2020,11,Monday,2,7.0,
0ef32636-871e-4b22-a27f-33c51170b739,3,IWoDZ7,2020-11-30,2020,11,Monday,2,7.0,
95893159-c94c-4b90-81e6-0f50fc2b08d8,3,QIb1Te,2020-11-30,2020,11,Monday,2,7.0,105a8dbd-e318-4fdc-bac2-342b4e296d81
99ca58a8-40ae-4370-9a9a-fee1c0050e94,3,Xd4sZA,2020-11-30,2020,11,Monday,3,10.5,
491da197-e077-40b5-b1ab-86c6061592c2,3,IWoDZ7,2020-11-30,2020,11,Monday,3,10.5,068fe63d-3ac8-4b1d-94cc-d8f6cf8185f6
e86a9254-343e-4c00-9591-a4ce915f25cb,3,1X3p2H,2020-11-30,2020,11,Monday,2,7.0,
25322668-882b-4959-8a5d-8cd1de02fe45,3,QIb1Te,2020-11-30,2020,11,Monday,1,3.5,
7353bb42-1767-435e-8f68-30faab0cad14,3,V9hDyY,2020-11-30,2020,11,Monday,3,10.5,
a9e60d37-57ba-44f6-bafc-6a6619ad0f2c,3,AcIRu7,2020-11-30,2020,11,Monday,3,10.5,
7a4a4366-c584-4ec1-8d6f-d2b8050e1ccf,3,LRN0uO,2020-11-30,2020,11,Monday,3,10.5,3174d3cd-da3c-40b7-96de-ea99f9162eda
7c4550b6-eb10-4de7-9729-8eda81b663bb,3,iYvFyn,2020-11-30,2020,11,Monday,2,7.0,47d56ab4-ce6a-42a5-a36a-27f80ce31957
7ccbda21-f4f0-43ba-aad9-5d7b8d62b540,3,LRN0uO,2020-11-30,2020,11,Monday,2,7.0,
e5294b34-249b-4197-8dd0-9ff6c2f78a9d,3,YnyFQq,2020-11-30,2020,11,Monday,1,3.5,
c382ab96-983a-4009-9e9c-18b8204ca54e,3,AcIRu7,2020-11-30,2020,11,Monday,3,10.5,
92a38341-b30a-44ce-af4e-92af0c015601,3,9FFwEf,2020-11-30,2020,11,Monday,1,3.5,
b4b5b678-b23e-4d15-a4ea-60a523894138,3,HHY1ds,2020-11-30,2020,11,Monday,1,3.5,
682366c0-6837-4640-86ec-6d7b8bd70bc2,3,K8gkI8,2020-11-30,2020,11,Monday,2,7.0,
ce6721ff-d12d-496c-8dc0-a42db591f2de,3,AcIRu7,2020-11-30,2020,11,Monday,1,3.5,
befb4e20-5c7d-4f11-959f-c94939c165fc,3,fvBBXY,2020-11-30,2020,11,Monday,2,7.0,
dd587308-c09d-4464-b3fe-b8a570499a31,3,TwErrn,2020-11-30,2020,11,Monday,1,3.5,
b3449229-4c5c-4959-9b70-058c8ad8ff36,3,9FFwEf,2020-11-30,2020,11,Monday,1,3.5,634e2552-3187-4b58-8792-7b15fd08393e
e9484564-bdd8-4fdd-9d86-0d9b1341c85d,3,8CnCaM,2020-11-30,2020,11,Monday,1,3.5,
81b9ae34-8a40-4658-9312-c5846d48fc0f,3,pCjr1R,2020-11-30,2020,11,Monday,2,7.0,
28fb7dcd-f753-4812-b6ef-3af70c3816e0,3,HHY1ds,2020-11-30,2020,11,Monday,2,7.0,
4d3f2f31-bbbd-4e75-aff5-a8348486992b,3,K8gkI8,2020-11-30,2020,11,Monday,1,3.5,dafd8819-1bf8-40d0-b829-149ab59dea42
9c4ee10d-adc6-4321-a186-8b73cc78fda5,3,iYvFyn,2020-11-30,2020,11,Monday,3,10.5,5780b162-a90b-4049-b898-d2952d9b8f88
f82ee61f-11d1-4f5b-a183-bbc038ce4224,3,TwErrn,2020-11-30,2020,11,Monday,3,10.5,
4f64126b-f194-4f0a-a097-b2911c0a68f3,3,9FFwEf,2020-11-30,2020,11,Monday,2,7.0,
ae5c0352-4984-46e1-bd98-5a5030ab2525,3,TwErrn,2020-11-30,2020,11,Monday,2,7.0,1f2d862f-18f9-4c58-a4b3-45b3db796ad4
1a7201bc-ec38-4a28-a8d3-efd9ae992640,3,LRN0uO,2020-11-30,2020,11,Monday,1,3.5,
b0edadaa-b06a-455c-aed8-0ceba1bf6c73,3,HHY1ds,2020-11-30,2020,11,Monday,2,7.0,
457bef38-47d6-4001-81c7-c2d1767c37be,3,IWoDZ7,2020-11-30,2020,11,Monday,3,10.5,9549d222-45cf-4eba-8737-fe1e87d400d5
004dd06e-5c00-4848-b1c1-27d571c09249,3,1X3p2H,2020-11-30,2020,11,Monday,2,7.0,
09038bef-3b43-4ebf-b42b-4792c48235a8,3,J4fMRf,2020-11-30,2020,11,Monday,2,7.0,d084d4eb-9978-464e-8ef6-fad8f8e9536f
3261fe8e-c824-4d60-a847-197017eb5838,3,RZZSxq,2020-11-30,2020,11,Monday,1,3.5,
34a9f6c1-5e21-4b90-91c0-e0a689e10209,3,pCjr1R,2020-11-30,2020,11,Monday,3,10.5,82a5c0bc-5576-46f9-bc3d-7db3d1cf6ee1
7f62a5cf-a86f-40d3-8e8a-96dd52a6e35d,3,V9hDyY,2020-11-30,2020,11,Monday,3,10.5,7690b1d8-6f6f-42d8-ae62-30e85e25055f
8027a320-c8c9-4429-b500-cc72c3305989,3,AcIRu7,2020-11-30,2020,11,Monday,1,3.5,
6ed7d73a-e36e-4546-8d99-ebbe37a6ec67,3,iYvFyn,2020-11-30,2020,11,Monday,2,7.0,
d6c306e9-49be-4b28-b03b-0b4316e818df,3,QIb1Te,2020-11-30,2020,11,Monday,1,3.5,
7b70c88a-c1dc-449e-8c4d-a45964a1c3d1,3,HHY1ds,2020-11-30,2020,11,Monday,2,7.0,636b6842-be99-4184-aab5-bcf4b12ff941
5a9ae3f1-3b8e-4ba3-95e7-f5e5cc671043,3,fvBBXY,2020-11-30,2020,11,Monday,2,7.0,9549d222-45cf-4eba-8737-fe1e87d400d5
cde15118-1226-4446-b75f-d8b1283a29c6,3,IWoDZ7,2020-11-30,2020,11,Monday,3,10.5,
1557feec-f85d-4c5c-8be7-107fe5457c70,3,IWoDZ7,2020-11-30,2020,11,Monday,1,3.5,cf96d80e-620b-4b4f-b346-83828a391ca8
c83b9d40-8d6a-4953-997a-53d3013f0b1e,3,AcIRu7,2020-11-30,2020,11,Monday,2,7.0,
c7cf09da-5a0c-4429-a8e9-e44a3e352b66,3,RZZSxq,2020-11-30,2020,11,Monday,1,3.5,3a2aa1d7-afcd-4437-9fec-1d7cda3faf1b
562d61b6-931d-401f-be91-07d1a958bd96,3,pCjr1R,2020-11-30,2020,11,Monday,3,10.5,
bf1abf94-d0ec-4873-a208-8a873335f199,3,IWoDZ7,2020-11-30,2020,11,Monday,1,3.5,
1f48f41b-8ead-4929-bfc1-36a50d14c64c,3,pCjr1R,2020-11-30,2020,11,Monday,2,7.0,
d0929307-134f-491f-a24c-2348304a76ec,3,8CnCaM,2020-11-30,2020,11,Monday,3,10.5,73940d89-deb0-4758-98ef-8e8f593c620e
68e7dd83-b4cb-495e-8604-71edd1b8749e,3,pCjr1R,2020-11-30,2020,11,Monday,3,10.5,e1d6f081-f72d-41e0-8d05-47f6df72b6de
a62bd9f1-a94b-401b-901f-1375fb78d944,3,V9hDyY,2020-11-30,2020,11,Monday,2,7.0,
fcb54685-79f1-441a-829f-2caea826735a,3,LRN0uO,2020-11-30,2020,11,Monday,2,7.0,
0646da0a-68d9-4d96-83fe-ab1cac1135d6,3,g0RPTY,2020-11-30,2020,11,Monday,2,7.0,
cc59995a-fed6-4815-a438-c8c8c7699e34,3,IWoDZ7,2020-11-30,2020,11,Monday,3,10.5,96edd678-1a42-4d57-b41e-fabc2434d120
f0ff8d2e-7dd6-4725-9318-c4da2515ece7,3,fvBBXY,2020-11-30,2020,11,Monday,2,7.0,2a743fc8-b7e6-47e3-b5a3-b8ab806527d8
9bcddf0c-c7e9-444d-9813-8de2b8ebd257,3,YnyFQq,2020-11-30,2020,11,Monday,3,10.5,
843bee8b-17d9-4c5a-8ed8-50b6b3cfd4ee,3,LRN0uO,2020-11-30,2020,11,Monday,1,3.5,636b6842-be99-4184-aab5-bcf4b12ff941
6f6ff80a-e3b5-4cc5-a80b-48bb939a32e9,3,fvBBXY,2020-11-30,2020,11,Monday,2,7.0,3479dcf8-8995-42ca-a2d4-23c65b1b9302
0cc95d22-01d0-4e48-9930-fb6551d33f84,3,fvBBXY,2020-11-30,2020,11,Monday,2,7.0,
261a16d5-7d5f-4f48-a5b3-2697e659577c,3,1X3p2H,2020-11-30,2020,11,Monday,1,3.5,
d890392b-f6ca-474c-91d5-4c6a5a4332c5,3,XkiZ9D,2020-11-30,2020,11,Monday,2,7.0,b1f27570-eee7-4e27-8e68-08e6a0ae674a
d5233055-ffa5-400e-829d-5a06820b94ff,3,XkiZ9D,2020-11-30,2020,11,Monday,2,7.0,ce585b6f-9a9f-4c6c-8d21-71cd50d7b91a
03f3f8cf-914f-452a-91eb-247f46d22391,3,IWoDZ7,2020-11-30,2020,11,Monday,2,7.0,
23d01bdf-29e5-4b8a-a283-95f80d02ff89,3,HHY1ds,2020-11-30,2020,11,Monday,3,10.5,8185202b-4706-452d-a20e-8f44bc4804d4
eb0d74ba-a165-4e4a-b626-363145adde79,3,AcIRu7,2020-11-30,2020,11,Monday,2,7.0,
7f6f4c5a-f54f-4909-8038-4afe13dfab82,3,QIb1Te,2020-11-30,2020,11,Monday,2,7.0,
bf4c6a3c-120e-4576-85a3-cdc38dd7f595,3,1X3p2H,2020-11-30,2020,11,Monday,3,10.5,
e9f9ef66-7f74-45fd-9ed1-e198f06a656f,3,RZZSxq,2020-11-30,2020,11,Monday,2,7.0,
c82f537c-7a95-4c56-9f43-43c0353cff44,3,8CnCaM,2020-11-30,2020,11,Monday,2,7.0,
8a5663fd-78fa-4429-b9f0-fd281b33881b,3,LRN0uO,2020-11-30,2020,11,Monday,1,3.5,
5539e3b4-1a4d-4630-b277-cd5cec5d1da7,3,HHY1ds,2020-11-30,2020,11,Monday,3,10.5,
0561973c-8665-4130-996f-17793b9a2440,3,XkiZ9D,2020-11-30,2020,11,Monday,2,7.0,
bcb67257-dba3-4672-b0de-e0d632e50786,3,RZZSxq,2020-11-30,2020,11,Monday,3,10.5,b933102f-bdfd-4c0f-95b8-42baa1d289a2
0716efde-1190-4864-a542-adf848d53dac,3,AcIRu7,2020-11-30,2020,11,Monday,2,7.0,
93f5888b-1992-4998-9ee5-375bc13d29dd,3,AcIRu7,2020-11-30,2020,11,Monday,1,3.5,
590b5d7a-7481-4164-b317-174fd1f64e53,3,IWoDZ7,2020-11-30,2020,11,Monday,1,3.5,
ef5e50ef-8eda-43c5-ade5-3c25caf184cc,3,TwErrn,2020-11-30,2020,11,Monday,2,7.0,
76fb993b-6fb3-4c8a-85de-72c5d1d2d2cc,3,K8gkI8,2020-11-30,2020,11,Monday,1,3.5,7585dc5f-7b8d-4670-8363-3def52df2cdc
59ef4c0a-28e0-4ec5-9ddb-e525b4ea5b53,3,9FFwEf,2020-11-30,2020,11,Monday,2,7.0,
4304e324-59f4-49ff-a31e-7b80c74a5012,3,K8gkI8,2020-11-30,2020,11,Monday,3,10.5,
c37edf49-86fd-49f6-bee0-c5b54770b080,3,iYvFyn,2020-11-30,2020,11,Monday,2,7.0,
adac4a64-5ee0-4cee-8984-422c9e74ac2f,3,iYvFyn,2020-11-30,2020,11,Monday,1,3.5,
aa2b25ea-61f0-4192-9de2-42b9da86d766,3,HHY1ds,2020-11-30,2020,11,Monday,3,10.5,d9e25212-d4f2-4369-a85b-b94a1776b652
8080afce-d43a-45ca-9278-cd01a0abcc33,3,1X3p2H,2020-11-30,2020,11,Monday,3,10.5,97c36b3b-8c96-4e61-bb4f-57ab5ac2e8de
0bf6ed54-b4f8-402b-b82f-67d321f6d4b5,3,iYvFyn,2020-11-30,2020,11,Monday,1,3.5,
79ff60e1-4ac3-4f2f-ad59-6e9d0d5e8b7c,3,iYvFyn,2020-11-30,2020,11,Monday,1,3.5,
9a8fca5c-743c-4dae-8430-6f46baf5bb3a,3,HHY1ds,2020-11-30,2020,11,Monday,2,7.0,
6956d04c-c071-4806-b223-232b560ba418,3,QIb1Te,2020-11-30,2020,11,Monday,2,7.0,
534d2464-30dd-4097-887a-89418b856c75,3,1X3p2H,2020-11-30,2020,11,Monday,1,3.5,eecee997-4db9-4719-a897-a93fcf18660f
abedbf14-f569-483c-a6ca-53b9ccb895de,3,IWoDZ7,2020-11-30,2020,11,Monday,2,7.0,
6aed4167-f839-4709-84bf-a233ecb3f0c8,3,pCjr1R,2020-11-30,2020,11,Monday,2,7.0,
823de48e-86e9-4dea-9d24-05e5d4d668f3,3,V9hDyY,2020-11-30,2020,11,Monday,3,10.5,
b46097fa-1d88-43a7-8994-03e19882a1de,3,LRN0uO,2020-11-30,2020,11,Monday,2,7.0,
22a17f54-8fb6-4eb0-a002-255af6f78bb0,3,YnyFQq,2020-11-30,2020,11,Monday,2,7.0,
579c222a-d10f-4da7-830b-d57b75d2b2bf,3,QIb1Te,2020-11-30,2020,11,Monday,1,3.5,
0cf9fc45-1d07-4846-a31f-4034958ade2f,3,RZZSxq,2020-11-30,2020,11,Monday,2,7.0,
d7231a50-8f00-4d44-9c34-f6d763fc37de,3,9FFwEf,2020-11-30,2020,11,Monday,2,7.0,
c186c2ac-b930-448f-8bd6-dfdc9fb14797,3,LRN0uO,2020-11-30,2020,11,Monday,1,3.5,
b7e0a6d4-47a7-48a7-9d57-16bad6ca6f66,3,TwErrn,2020-11-30,2020,11,Monday,2,7.0,
6afa875e-1503-4a34-8946-cbfa6785f72c,3,IWoDZ7,2020-11-30,2020,11,Monday,1,3.5,
02c0a7cd-3632-4e1c-b8a0-e6c3833ddf58,3,YnyFQq,2020-11-30,2020,11,Monday,1,3.5,
f50b28b6-3f4e-4ec9-8bf8-8bfe06d92006,3,AcIRu7,2020-11-30,2020,11,Monday,2,7.0,
47e83a5c-2be0-467d-9962-1dbe02ab6c52,3,HHY1ds,2020-11-30,2020,11,Monday,2,7.0,
a6a43c9b-5260-4a30-9629-b24bc31f2a84,3,AcIRu7,2020-11-30,2020,11,Monday,3,10.5,
ea7b96b2-ed95-4127-8985-eafeac917948,3,YnyFQq,2020-11-30,2020,11,Monday,2,7.0,
4bc399b9-8d3a-45a6-bafb-b40b95af3ba2,3,Xd4sZA,2020-11-30,2020,11,Monday,2,7.0,
1b5d3297-88ef-4480-9c77-00975a629a2b,3,9FFwEf,2020-11-30,2020,11,Monday,2,7.0,fb13695f-1e57-447f-b970-23f48ea3494f
1755e477-18a2-4d96-8f1a-f3daac76be45,4,TwErrn,2020-11-01,2020,11,Sunday,3,10.5,0b6ab923-0c50-458c-a04b-4cbaa4f1ae56
804ff398-432d-40c5-803b-912579ffe746,4,8CnCaM,2020-11-01,2020,11,Sunday,3,10.5,
9f4ac0d7-4022-4586-af14-55d8bdd53f96,4,fvBBXY,2020-11-01,2020,11,Sunday,2,7.0,4a7bf947-f675-4f67-a4f7-da66b1a32be1
8dc6f185-2444-485f-b6ef-7b376a98e5be,4,9FFwEf,2020-11-01,2020,11,Sunday,3,10.5,
726e5770-740a-4b14-8ec8-eab8e3625b52,4,K8gkI8,2020-11-01,2020,11,Sunday,1,3.5,409f7f20-99a7-4661-b7b4-488c27e01fb3
0cdb4bf0-39ef-408a-89e3-70eff5e90502,4,HHY1ds,2020-11-01,2020,11,Sunday,2,7.0,
bad147b1-fcaf-463c-84f0-c6702f6935f5,4,g0RPTY,2020-11-01,2020,11,Sunday,2,7.0,
663aa82f-9c6f-4e57-bac3-512718a26b49,4,J4fMRf,2020-11-01,2020,11,Sunday,2,7.0,bd1a9f56-31b7-47e8-91bc-f14430b9a604
df000cc6-e52d-443a-af53-a5ee676832b6,4,pCjr1R,2020-11-01,2020,11,Sunday,2,7.0,
ec9baf93-cfe0-4703-b974-372cd5c253c3,4,iYvFyn,2020-11-01,2020,11,Sunday,1,3.5,
c802a202-5366-4b5d-bb00-6d4346955cc6,4,XkiZ9D,2020-11-01,2020,11,Sunday,1,3.5,
5eb8b8ee-b707-4620-bb2c-cc591c077271,4,iYvFyn,2020-11-01,2020,11,Sunday,2,7.0,
8dd4c1bc-c76f-493b-8259-8532d9314d20,4,1X3p2H,2020-11-01,2020,11,Sunday,2,7.0,
f9f7160e-cbb2-4622-bbaa-3c498b68c739,4,QIb1Te,2020-11-01,2020,11,Sunday,3,10.5,
f10ea70d-722a-4aac-9e8f-40dc4d98d8a7,4,Xd4sZA,2020-11-01,2020,11,Sunday,2,7.0,
47aab35e-b282-4fb3-b45a-0ed18f2daed4,4,8CnCaM,2020-11-01,2020,11,Sunday,2,7.0,
f5028662-36a0-445d-b548-551a7e68b0d1,4,YnyFQq,2020-11-01,2020,11,Sunday,2,7.0,
955099d1-9196-4445-a4f4-ae0c2107d823,4,1X3p2H,2020-11-01,2020,11,Sunday,2,7.0,
d36e1e8f-552f-4b80-b6a0-be320931c5b4,4,AcIRu7,2020-11-01,2020,11,Sunday,2,7.0,
0ad67773-c959-4eb5-aa06-f182278d109b,4,AcIRu7,2020-11-01,2020,11,Sunday,1,3.5,
2d6dc907-c3db-4ce5-9db7-919231dddeff,4,g0RPTY,2020-11-01,2020,11,Sunday,2,7.0,
8ac0c363-fcd6-4418-a36c-768f43a2133a,4,9FFwEf,2020-11-01,2020,11,Sunday,1,3.5,43e0cce2-3e42-49c3-9393-9809d329029a
d17496a3-6b87-4af0-b037-676bfa2d9640,4,V9hDyY,2020-11-01,2020,11,Sunday,1,3.5,c9df808c-b9d7-4435-85c7-3e37d8b5016f
3ffe987d-6718-48c0-9c63-f33c324361df,4,XkiZ9D,2020-11-01,2020,11,Sunday,3,10.5,
2a452677-f6be-4a57-9e57-f4bdc2af7399,4,IWoDZ7,2020-11-01,2020,11,Sunday,2,7.0,
55aa6d9a-b570-4c55-a9f6-31da53cd3caf,4,Xd4sZA,2020-11-01,2020,11,Sunday,1,3.5,
7f365fc2-f68b-4ccd-9841-3c79c38e78c2,4,AcIRu7,2020-11-01,2020,11,Sunday,3,10.5,
1cd59561-4f19-499f-877f-16832340514d,4,TwErrn,2020-11-01,2020,11,Sunday,1,3.5,7c50e972-e539-4f75-9a2e-0d107de2ce62
f20253d5-aee8-430e-8275-d0b17492b0f5,4,YnyFQq,2020-11-01,2020,11,Sunday,2,7.0,
0b063e12-25c9-45f4-a5d8-770e10dc80e1,4,9FFwEf,2020-11-01,2020,11,Sunday,3,10.5,b933102f-bdfd-4c0f-95b8-42baa1d289a2
25bd44e8-3fb0-49d0-8d14-994285ff6a2a,4,IWoDZ7,2020-11-01,2020,11,Sunday,3,10.5,
b6f25fbe-f0d2-46dd-9d2a-540ebfdc37ab,4,fvBBXY,2020-11-01,2020,11,Sunday,3,10.5,d581e5a3-f4e8-4826-b4e5-e22f0f1796cc
4fc24d5e-4bf0-4ec8-80ec-6789c2617a53,4,9FFwEf,2020-11-01,2020,11,Sunday,2,7.0,
6ad7526b-39f0-48c5-b505-ed112c0f3a6f,4,iYvFyn,2020-11-01,2020,11,Sunday,3,10.5,c13e87b1-eb73-4922-99da-b4acd5a0bf97
ac36145b-81a2-4d2a-9934-5ae0af8e305b,4,YnyFQq,2020-11-01,2020,11,Sunday,2,7.0,
4c53e4e6-986d-4ad9-8555-35a56002acfa,4,QIb1Te,2020-11-01,2020,11,Sunday,2,7.0,667d16d6-62b1-4f1e-a526-c985c59bf485
9f56f788-d2b8-4eb8-bc36-83fb51791e17,4,QIb1Te,2020-11-01,2020,11,Sunday,3,10.5,db3ca581-a59b-4044-a71b-6376bd7072ee
78ca0374-ffac-4892-b833-c7097c6e18fd,4,K8gkI8,2020-11-01,2020,11,Sunday,2,7.0,4734d99c-eb05-4ee1-b2e0-e3d54380e1f8
a827e162-6075-46e3-8d27-552a3efa528a,4,LRN0uO,2020-11-01,2020,11,Sunday,1,3.5,
1d43331f-4e3b-4b93-90bd-8781330383b2,4,XkiZ9D,2020-11-01,2020,11,Sunday,1,3.5,
1a1807d7-10f1-48e1-89d6-294024d2ee81,4,9FFwEf,2020-11-01,2020,11,Sunday,3,10.5,
a95456f4-07b8-4c14-aef9-370fd0c84447,4,1X3p2H,2020-11-01,2020,11,Sunday,3,10.5,
371de135-02e7-4306-9113-0da48b434b19,4,8CnCaM,2020-11-01,2020,11,Sunday,1,3.5,
1edee7cb-adb8-468b-ade5-74a59531bf16,4,fvBBXY,2020-11-01,2020,11,Sunday,3,10.5,
e104832a-ea2e-4954-81c5-055e3560db8e,4,AcIRu7,2020-11-01,2020,11,Sunday,2,7.0,
46838717-b1a7-4043-acb0-e3ecb9edff35,4,IWoDZ7,2020-11-01,2020,11,Sunday,1,3.5,c608e6f2-a055-4d24-8136-9d4c7f5c2ec6
26a3fb97-c01b-4e46-94cd-65ed81a6c6d7,4,pCjr1R,2020-11-01,2020,11,Sunday,2,7.0,3b8d6dd7-132d-4457-acc2-277888d24021
e9972371-c8f8-4bd6-a742-80ebb97e0d12,4,HHY1ds,2020-11-01,2020,11,Sunday,2,7.0,db3ca581-a59b-4044-a71b-6376bd7072ee
6c98bda2-015d-43ab-ab47-12e2e5f67e75,4,J4fMRf,2020-11-01,2020,11,Sunday,1,3.5,
7da7328c-8d4e-40e1-8b2a-d9d68d020673,4,9FFwEf,2020-11-01,2020,11,Sunday,2,7.0,
af74fa42-ca83-4d94-9d93-4fe409fd6c88,4,J4fMRf,2020-11-01,2020,11,Sunday,2,7.0,48cabfc7-384a-4e63-965c-31995d58be55
e28e1941-7132-4b9e-b3f8-9193b6fe88b2,4,HHY1ds,2020-11-01,2020,11,Sunday,3,10.5,ef5b667b-f24f-418f-939e-2b18ac75abdc
f1da0fae-846a-4dc4-b888-f895d2861c95,4,TwErrn,2020-11-01,2020,11,Sunday,1,3.5,
af3744a5-8a40-4510-90c2-bf8738813ae7,4,pCjr1R,2020-11-01,2020,11,Sunday,1,3.5,ea149788-2f86-4bd9-8df8-8f1e65a5237b
f4e76f54-1fb0-45bf-8aaa-0dc52b4333ed,4,J4fMRf,2020-11-01,2020,11,Sunday,3,10.5,e9be1bbd-19ae-4360-9a09-079e85ca1f3f
95b38a37-2010-4866-b34f-1948f814e5ce,4,fvBBXY,2020-11-01,2020,11,Sunday,2,7.0,
321ab87b-29ba-4422-82c0-3be7535600ca,4,V9hDyY,2020-11-01,2020,11,Sunday,2,7.0,
0c9b01d2-b6ab-49a6-87d9-01148ecc7d31,4,g0RPTY,2020-11-01,2020,11,Sunday,2,7.0,7ff5b5dd-26fb-4f36-b734-caf92b4657fc
8a6fdd1c-6ce9-4a10-8409-1a617506a69e,4,J4fMRf,2020-11-01,2020,11,Sunday,1,3.5,
44b092c0-1e56-4f8a-a2ce-f5d82bc6bb26,4,iYvFyn,2020-11-01,2020,11,Sunday,2,7.0,bd50a55d-4742-4b83-bc7c-8abd95c8f86e
d65ee804-df30-40d4-911b-c7e290e26bf8,4,HHY1ds,2020-11-01,2020,11,Sunday,3,10.5,aa1a664c-d8cc-4ebf-9a54-9aa43ee73e21
3106bae9-d7e9-4be0-82f0-441722cf9cc1,4,J4fMRf,2020-11-01,2020,11,Sunday,1,3.5,
4f59f76f-a70c-4ffe-be14-e43bc5d55581,4,RZZSxq,2020-11-01,2020,11,Sunday,2,7.0,
964d45c1-d1f0-4d8e-9d8f-3406693a6021,4,8CnCaM,2020-11-01,2020,11,Sunday,2,7.0,
a61bff1b-1db0-406e-9d1e-51a2f5fd08bf,4,XkiZ9D,2020-11-01,2020,11,Sunday,2,7.0,c1166789-397b-48e4-8c61-0a2a242d6286
ea6f7860-4462-4bfc-b1ee-a350c808c000,4,LRN0uO,2020-11-01,2020,11,Sunday,3,10.5,10b3ef9e-7e8f-48c9-a2ae-0b189993340e
ae025008-e8f0-4a4d-8508-1ae2d86dd018,4,HHY1ds,2020-11-01,2020,11,Sunday,2,7.0,
a6985a5d-f572-48bb-a900-3ef1837df232,4,HHY1ds,2020-11-01,2020,11,Sunday,2,7.0,6d695221-8bcc-4965-8172-8b4b283b54b5
0dfaf1c3-e5ce-4135-848c-420c4a4cba90,4,V9hDyY,2020-11-01,2020,11,Sunday,3,10.5,
264991b0-5271-4471-aec0-4f1513c0b681,4,V9hDyY,2020-11-01,2020,11,Sunday,2,7.0,7ccbf551-da7e-4502-ad43-7b191501f71e
d27c45ab-146e-43bf-8e54-97e287d1b224,4,J4fMRf,2020-11-01,2020,11,Sunday,2,7.0,5df12d06-bb99-4df9-93bf-f627c9b36881
d772214c-dd8b-408d-8438-e3c44a74c10f,4,LRN0uO,2020-11-02,2020,11,Monday,3,10.5,2a8e2593-9807-4efd-aa44-36e627f35376
64cd2e68-db38-4c0c-9b80-7066f0c81e98,4,9FFwEf,2020-11-02,2020,11,Monday,2,7.0,
17429411-bec0-4ca2-bfa3-7d1cbeb8a237,4,YnyFQq,2020-11-02,2020,11,Monday,3,10.5,
f9eaa01b-188c-44e0-8f31-0792b2d47392,4,IWoDZ7,2020-11-02,2020,11,Monday,2,7.0,
524afda5-6932-419d-869d-af4ef1aef0f5,4,K8gkI8,2020-11-02,2020,11,Monday,2,7.0,
b859d6a3-7700-4abc-b634-8adc5767d2f0,4,fvBBXY,2020-11-02,2020,11,Monday,2,7.0,
24a1a4ee-ffcb-4726-8aa3-7b9915d1cd51,4,Xd4sZA,2020-11-02,2020,11,Monday,2,7.0,823a9443-ac0d-4efb-95e7-8bdce014738f
f965f0ef-fd1e-401b-b4a6-d0fcb06d2504,4,pCjr1R,2020-11-02,2020,11,Monday,3,10.5,636b6842-be99-4184-aab5-bcf4b12ff941
615c6148-ffb3-41d8-9cd0-afc1e0d6f3fd,4,RZZSxq,2020-11-02,2020,11,Monday,3,10.5,
b3b5ed1e-390f-4231-808f-793cec2204c1,4,fvBBXY,2020-11-02,2020,11,Monday,1,3.5,aa1a664c-d8cc-4ebf-9a54-9aa43ee73e21
4b4d3ab1-d9ff-4f8e-a127-bd948c93f9a9,4,LRN0uO,2020-11-02,2020,11,Monday,1,3.5,
7d44873f-bbd3-4723-8298-6882d509cbe7,4,IWoDZ7,2020-11-02,2020,11,Monday,3,10.5,
16743f27-aa5c-41ac-905b-f817a150efe2,4,V9hDyY,2020-11-02,2020,11,Monday,2,7.0,78cf43f3-f011-47ec-bf94-29999cdbd4d7
47b40aa9-71f1-47db-93c9-5144827ad45a,4,pCjr1R,2020-11-02,2020,11,Monday,1,3.5,
9f529e78-e645-4c9a-a234-0be8ff7acf21,4,XkiZ9D,2020-11-02,2020,11,Monday,1,3.5,
72b7ea83-4076-42b2-b848-ffd41dd5a096,4,HHY1ds,2020-11-02,2020,11,Monday,3,10.5,
cea7f57a-253c-4c76-bee8-d10cf48bce65,4,g0RPTY,2020-11-02,2020,11,Monday,3,10.5,
09881c09-2589-448b-9c7c-4247803cee9a,4,HHY1ds,2020-11-02,2020,11,Monday,3,10.5,37cb3497-7618-4714-9354-68713e894f1b
cc318461-bbee-4b0d-bffd-5d0eef531361,4,RZZSxq,2020-11-02,2020,11,Monday,1,3.5,
a79ef02a-7a7e-4cf7-9a5a-49cf895c58c5,4,RZZSxq,2020-11-02,2020,11,Monday,1,3.5,4a7bf947-f675-4f67-a4f7-da66b1a32be1
1df8c339-c306-41da-b2d5-bd9443d7a1e0,4,HHY1ds,2020-11-02,2020,11,Monday,3,10.5,
fac455aa-b94c-46b4-bddf-fdcc3e59dd32,4,Xd4sZA,2020-11-02,2020,11,Monday,1,3.5,
9c5ffc6e-722a-43ae-9db5-3fa9afdfbf37,4,V9hDyY,2020-11-02,2020,11,Monday,2,7.0,
5f1ea63b-40c5-4999-9733-3d68a5ef607d,4,8CnCaM,2020-11-02,2020,11,Monday,2,7.0,93504b15-1e57-4092-864d-81bec49329e6
9599b935-ceb8-4526-993c-c2f44ecc116d,4,RZZSxq,2020-11-02,2020,11,Monday,2,7.0,
5f499a91-f344-4c07-bf44-52c48d2f2d7f,4,AcIRu7,2020-11-02,2020,11,Monday,1,3.5,
af42499e-5970-463a-b215-63e29182d3ec,4,g0RPTY,2020-11-02,2020,11,Monday,1,3.5,86ced926-677f-40c7-8dae-7aaacf0feac7
fdf0828b-6b48-4b85-985e-f6de1323a9f2,4,iYvFyn,2020-11-02,2020,11,Monday,2,7.0,
3ebfe7c2-2654-4a3e-9bac-dedcf73765d3,4,J4fMRf,2020-11-02,2020,11,Monday,1,3.5,6d695221-8bcc-4965-8172-8b4b283b54b5
30f04236-c048-4508-ae9b-f20a2a633e83,4,g0RPTY,2020-11-02,2020,11,Monday,1,3.5,
7aead9af-40dc-4511-b3c7-ba71d77ca7b5,4,YnyFQq,2020-11-02,2020,11,Monday,3,10.5,
242b964e-9e8a-4821-acc3-dd48248ceed8,4,V9hDyY,2020-11-02,2020,11,Monday,2,7.0,c54f15f6-db04-45ff-9de4-f060a1231ccf
729e25b4-d83b-4a1b-acf7-2cc22408714c,4,LRN0uO,2020-11-02,2020,11,Monday,2,7.0,585ae186-7664-4f6d-a1d8-621d0b33a57c
9508eecb-2100-4e94-a6fe-d2fdba0dff91,4,9FFwEf,2020-11-02,2020,11,Monday,2,7.0,
ab23bda4-2cd3-4bae-a7f8-2481cdc0015a,4,K8gkI8,2020-11-02,2020,11,Monday,3,10.5,2115c4c9-6cbe-4fca-8af6-1e913cc00ffc
8ef0493b-b85d-4301-a73f-5bb16e560ccd,4,9FFwEf,2020-11-02,2020,11,Monday,2,7.0,
513b1cdd-1400-4744-88de-b319e6051f28,4,V9hDyY,2020-11-02,2020,11,Monday,1,3.5,
e2f1303c-c4f1-4ca8-ae04-e38565f54dc2,4,Xd4sZA,2020-11-02,2020,11,Monday,1,3.5,
f290d7df-5471-42a9-b229-8830b7fdbdb2,4,LRN0uO,2020-11-02,2020,11,Monday,2,7.0,3ee4b12b-d7b4-4a47-858f-860fa3a302ed
55984af6-be3f-4587-8fba-714776392948,4,J4fMRf,2020-11-02,2020,11,Monday,1,3.5,
0ba1d288-8b82-457b-9d1d-ca095d1d6ca3,4,8CnCaM,2020-11-02,2020,11,Monday,2,7.0,
9012f1d4-63bd-4ed5-a91e-57d4b9769114,4,TwErrn,2020-11-02,2020,11,Monday,1,3.5,ed050506-c8b3-4107-b4f4-61c0cc28ff0d
27197b65-5206-4b18-9c32-2a096a954dda,4,HHY1ds,2020-11-02,2020,11,Monday,1,3.5,
7841595a-94d6-42ab-b7b7-8b9c5133a86f,4,J4fMRf,2020-11-02,2020,11,Monday,2,7.0,
bf8594c0-f06e-4b86-9a63-c78539c9f802,4,RZZSxq,2020-11-02,2020,11,Monday,2,7.0,b838de81-e5d5-4653-a383-8d64b9a8914e
f67118b7-7777-4646-85fe-a62885ca6780,4,QIb1Te,2020-11-02,2020,11,Monday,3,10.5,e9946638-1a80-418e-b2c6-92e88f30aa34
a4463acd-8869-4cbe-9229-eb66bb883454,4,AcIRu7,2020-11-02,2020,11,Monday,1,3.5,
e5553212-690f-4a41-a5fa-488ab182b5a3,4,iYvFyn,2020-11-02,2020,11,Monday,2,7.0,c0c4643b-bd4f-4232-b891-659799228508
e9ea59be-1fdf-41a6-bbd8-9b033381786b,4,V9hDyY,2020-11-02,2020,11,Monday,3,10.5,8185202b-4706-452d-a20e-8f44bc4804d4
220fc05d-6e2c-4228-957c-22bf49b964d0,4,YnyFQq,2020-11-02,2020,11,Monday,3,10.5,640a94d3-49c8-46e8-b0ea-e4d5bdc00647
c5e0408c-6bd9-4e19-924d-3166910bef8b,4,g0RPTY,2020-11-02,2020,11,Monday,2,7.0,
b9653e67-0545-44ca-b3d2-e451a2c07024,4,HHY1ds,2020-11-02,2020,11,Monday,2,7.0,
158b9fcb-76ee-4f67-9e6d-56e5c957c47b,4,TwErrn,2020-11-02,2020,11,Monday,3,10.5,
89f9122f-e274-429e-82a5-9af1717603ad,4,AcIRu7,2020-11-02,2020,11,Monday,3,10.5,
ac042cad-643f-4e50-b228-003f3e57c64d,4,QIb1Te,2020-11-02,2020,11,Monday,3,10.5,
cf8b8ca6-e7a7-413f-880b-b98cbefbfcb1,4,RZZSxq,2020-11-02,2020,11,Monday,2,7.0,
f9c23467-02ad-4d3a-80ac-63d05d31d89b,4,HHY1ds,2020-11-02,2020,11,Monday,1,3.5,
2d22aaae-3b71-465a-b86c-f9519a4450b2,4,YnyFQq,2020-11-02,2020,11,Monday,3,10.5,
6eb5e907-3125-40ac-b73a-767e1dcd6b20,4,QIb1Te,2020-11-02,2020,11,Monday,2,7.0,f458a543-dfd7-404c-a8c1-6c63aea441da
343959eb-2823-436d-a959-7782609019ff,4,iYvFyn,2020-11-02,2020,11,Monday,1,3.5,13dc425e-563d-4852-b2b7-2a09b94c7040
8382819e-c6f9-4964-856c-c6a1446f2b51,4,XkiZ9D,2020-11-02,2020,11,Monday,2,7.0,
43ef6d91-0c26-4242-9d94-8bc14eec1ec6,4,IWoDZ7,2020-11-02,2020,11,Monday,1,3.5,e1d6f081-f72d-41e0-8d05-47f6df72b6de
628cec1f-d66a-47b6-9549-03e661fbf0b3,4,IWoDZ7,2020-11-02,2020,11,Monday,2,7.0,
c1c37245-8883-4b53-b664-7c8941a5fc9b,4,IWoDZ7,2020-11-02,2020,11,Monday,1,3.5,
2ae07708-2815-4f4a-9da5-c4a7812bab79,4,g0RPTY,2020-11-02,2020,11,Monday,1,3.5,
8c60caf2-2a94-40a1-993c-d3e8e302b0f1,4,QIb1Te,2020-11-02,2020,11,Monday,2,7.0,
4979a7eb-6751-4728-9c5c-fb2b5cf2a890,4,g0RPTY,2020-11-02,2020,11,Monday,1,3.5,dc1125e2-055b-4e66-8c5d-ac3f413f4479
0514a9a5-9c4e-4da6-ae3b-bf116d0f0802,4,V9hDyY,2020-11-02,2020,11,Monday,1,3.5,
30fc08ff-0648-402c-a110-79eb272b2698,4,K8gkI8,2020-11-02,2020,11,Monday,2,7.0,5b131659-3019-4235-82e0-98adbc84a35c
ed70145a-1885-44cb-b34e-89999ea1e890,4,9FFwEf,2020-11-02,2020,11,Monday,1,3.5,
d461d7a5-5eeb-4444-bb12-ef5ace996b37,4,fvBBXY,2020-11-02,2020,11,Monday,2,7.0,
2d3116f1-884c-4436-b943-3b9f96449266,4,pCjr1R,2020-11-02,2020,11,Monday,2,7.0,
7aa83fe8-7278-4fe8-9aee-eefb28ab5dda,4,fvBBXY,2020-11-02,2020,11,Monday,2,7.0,7da0c8b9-94cc-4568-aafc-6d44a0026782
2e6f1e10-8be0-4e96-a7ef-5c10673138ef,4,K8gkI8,2020-11-02,2020,11,Monday,2,7.0,091fa45d-62fa-4533-9fc2-a2ca35a8db2a
081b4ab8-5a10-4306-bf77-d14e8890860b,4,LRN0uO,2020-11-03,2020,11,Tuesday,1,3.5,
b2c5ef4d-5bfe-4976-a1d1-d98b77214235,4,g0RPTY,2020-11-03,2020,11,Tuesday,2,7.0,
7e678fa7-8124-4fa8-8a0b-0b4db60fad11,4,8CnCaM,2020-11-03,2020,11,Tuesday,2,7.0,
4eb91c42-fdba-44f4-b4d0-e35b0b42cd39,4,fvBBXY,2020-11-03,2020,11,Tuesday,2,7.0,
f6cbb7e5-ffd8-47c3-bb1f-25af87d887fe,4,g0RPTY,2020-11-03,2020,11,Tuesday,2,7.0,
b3404e44-e42d-4c9b-9555-3acfe0df9ad0,4,LRN0uO,2020-11-03,2020,11,Tuesday,2,7.0,
3a546e1b-d799-4551-9a4e-9a1650f6c617,4,8CnCaM,2020-11-03,2020,11,Tuesday,1,3.5,
dd1b9fac-6324-4488-985d-8a5fc7eb1e4a,4,XkiZ9D,2020-11-03,2020,11,Tuesday,3,10.5,
b7ec8274-8971-43cf-b5d0-84a803800db9,4,8CnCaM,2020-11-03,2020,11,Tuesday,2,7.0,26487452-4a1c-4a11-9a65-f906bd039317
0d92f548-7b67-4688-aa01-4cf8c3ce56cd,4,RZZSxq,2020-11-03,2020,11,Tuesday,2,7.0,
c240e828-2db7-4f67-ab39-e48103de4fbf,4,pCjr1R,2020-11-03,2020,11,Tuesday,2,7.0,
77dc4e56-af59-4252-9ef2-bfad6433bcbc,4,g0RPTY,2020-11-03,2020,11,Tuesday,3,10.5,
cc3be900-3cbc-4a78-b521-a0321f685251,4,IWoDZ7,2020-11-03,2020,11,Tuesday,2,7.0,aeee026c-d517-474a-9d71-31b4cb8612b2
070e4f0b-c64a-4964-b0d8-3ecf9010323d,4,pCjr1R,2020-11-03,2020,11,Tuesday,3,10.5,
615d6492-a573-4b66-baf6-aef2b21132aa,4,HHY1ds,2020-11-03,2020,11,Tuesday,2,7.0,
68a7ba2d-1127-4762-8d57-9ae51376d35e,4,AcIRu7,2020-11-03,2020,11,Tuesday,2,7.0,2a743fc8-b7e6-47e3-b5a3-b8ab806527d8
e7c1fe78-df79-4222-921e-5fefe93dc6a6,4,9FFwEf,2020-11-03,2020,11,Tuesday,2,7.0,4f7ad782-f5f6-403e-b7c6-3588952b727a
7021d99d-a0c9-46cf-a3c9-c93cfd86b895,4,fvBBXY,2020-11-03,2020,11,Tuesday,2,7.0,
f58941ca-ffeb-44a5-92a7-1def45433c80,4,fvBBXY,2020-11-03,2020,11,Tuesday,2,7.0,
3c8f32d4-a206-4565-b736-4ebd42066af5,4,iYvFyn,2020-11-03,2020,11,Tuesday,2,7.0,
5118b1d0-b035-4280-ade2-a50cc88f86c3,4,HHY1ds,2020-11-03,2020,11,Tuesday,1,3.5,
96dbbaa0-9dab-4874-bc7b-b4c001a2a520,4,J4fMRf,2020-11-03,2020,11,Tuesday,1,3.5,
7b19a609-9ca6-4746-8317-977e54ed6ade,4,QIb1Te,2020-11-03,2020,11,Tuesday,2,7.0,9fa17acc-8fb4-46bc-98c2-c9d8b1da121b
2be10992-e6d3-40cd-9993-b5e47ee4193e,4,RZZSxq,2020-11-03,2020,11,Tuesday,3,10.5,8185202b-4706-452d-a20e-8f44bc4804d4
9072f7fd-4592-44d2-8b2e-36d9a9868557,4,9FFwEf,2020-11-03,2020,11,Tuesday,1,3.5,
14e587a1-dbad-4ed2-b020-76c5c830a61b,4,1X3p2H,2020-11-03,2020,11,Tuesday,1,3.5,
e121176c-b355-410c-8454-20a09cefec26,4,AcIRu7,2020-11-03,2020,11,Tuesday,2,7.0,
81fe9cd3-5099-4af1-8105-644d34c49e70,4,9FFwEf,2020-11-03,2020,11,Tuesday,1,3.5,8275b9f3-1623-43b8-b2f3-c7d7128df5eb
dad61eca-9a9a-480d-b2ae-2070b291d036,4,HHY1ds,2020-11-03,2020,11,Tuesday,1,3.5,
3b09deb0-f120-4a1b-a8b1-c92d9367f3dd,4,YnyFQq,2020-11-03,2020,11,Tuesday,1,3.5,b18ca521-5b7b-4f8e-920b-ada6404e2be6
6c6fe9cd-4394-4d1e-b548-aca86d1c45d9,4,pCjr1R,2020-11-03,2020,11,Tuesday,1,3.5,
fd5cf1ac-6bc4-485a-999e-6a9d3bf16de3,4,TwErrn,2020-11-03,2020,11,Tuesday,2,7.0,
dca931b3-0ffa-446a-8ec3-0b608eff502c,4,LRN0uO,2020-11-03,2020,11,Tuesday,2,7.0,639c17e3-0c72-47c6-9bdb-0f2ecc01c37f
b5d63f97-e351-4d9d-8ede-de8c6631c63c,4,g0RPTY,2020-11-03,2020,11,Tuesday,3,10.5,e535c38b-71a8-40c0-bf54-fbeb2f09ce8d
7149a362-367b-4b2d-808e-14e253701ebd,4,YnyFQq,2020-11-03,2020,11,Tuesday,1,3.5,33311a72-1547-4961-8674-78123e619fbb
1268f3b0-75e3-4c3a-9e8a-d367c454d436,4,XkiZ9D,2020-11-03,2020,11,Tuesday,1,3.5,058f1c4b-7fbe-479f-9e0c-932bb60c1108
cdf81059-afd3-4189-bc68-458fe23d066a,4,IWoDZ7,2020-11-03,2020,11,Tuesday,3,10.5,
9ece688c-7f28-4e48-b61b-c654542b28e5,4,QIb1Te,2020-11-03,2020,11,Tuesday,1,3.5,9a17775c-9dd1-40b7-8f04-8a4703494fee
993d1f9e-e172-4016-8c55-effc43dd7ea6,4,XkiZ9D,2020-11-03,2020,11,Tuesday,3,10.5,
f7bee1f8-d29e-4039-9d9c-1e7b9b065f33,4,g0RPTY,2020-11-03,2020,11,Tuesday,2,7.0,2df4b7df-3344-4e69-83ab-33aabb8b6131
dd868121-4276-4fea-85fe-7e097525acab,4,fvBBXY,2020-11-03,2020,11,Tuesday,3,10.5,
b71e2640-1d5c-40e3-a7f9-4657de74bb81,4,YnyFQq,2020-11-03,2020,11,Tuesday,1,3.5,
e674b910-8370-434c-89a5-34a50f357894,4,RZZSxq,2020-11-03,2020,11,Tuesday,3,10.5,
74504916-7dad-47e9-b419-949f29567d7a,4,TwErrn,2020-11-03,2020,11,Tuesday,2,7.0,
467f62ed-e32e-457c-abd4-eab4be5706b2,4,fvBBXY,2020-11-03,2020,11,Tuesday,2,7.0,
9ee73384-6cbe-4b82-b3cc-e4e16a996f97,4,Xd4sZA,2020-11-03,2020,11,Tuesday,1,3.5,76f9b9c5-dfdf-44bc-8b8d-46655197cb87
6e3b127d-d18f-487a-9d96-4fecd9231850,4,QIb1Te,2020-11-03,2020,11,Tuesday,2,7.0,
40d4ea0c-e451-4772-82a8-578167e22e05,4,1X3p2H,2020-11-03,2020,11,Tuesday,3,10.5,
08a8c5d4-ec9a-46b7-821d-0caaa32a38f3,4,9FFwEf,2020-11-03,2020,11,Tuesday,3,10.5,
6a90ac4f-97ef-42b2-b07a-dc19a500c279,4,iYvFyn,2020-11-03,2020,11,Tuesday,3,10.5,
4f43f450-4600-47a5-aeab-1062ed99f836,4,pCjr1R,2020-11-03,2020,11,Tuesday,1,3.5,
f3f01402-a77f-497c-af09-99b36b685d2a,4,pCjr1R,2020-11-03,2020,11,Tuesday,2,7.0,
9b44a0f5-86b4-4c4d-9a26-9c32e8828804,4,TwErrn,2020-11-03,2020,11,Tuesday,3,10.5,db3ca581-a59b-4044-a71b-6376bd7072ee
8ab89dfd-ee4f-43e0-b124-3e2cc584c2c0,4,fvBBXY,2020-11-03,2020,11,Tuesday,2,7.0,
c8babc5c-0ddc-43f1-8c61-f183da33b340,4,LRN0uO,2020-11-03,2020,11,Tuesday,1,3.5,
a80fdd8d-c570-486f-8173-5ab2fabc9036,4,8CnCaM,2020-11-03,2020,11,Tuesday,2,7.0,
1d2be664-9321-49aa-9871-f1e740b2730b,4,HHY1ds,2020-11-03,2020,11,Tuesday,2,7.0,
01ac4f91-6158-4af5-947b-d5e102ad71eb,4,J4fMRf,2020-11-03,2020,11,Tuesday,2,7.0,b48b2c62-403d-472d-85e6-217bff89d1ee
ac4bfff6-3e82-4083-b076-fa48ded6235e,4,9FFwEf,2020-11-03,2020,11,Tuesday,1,3.5,
86bf2cff-6ae8-488a-a343-ce7af213a8ea,4,RZZSxq,2020-11-03,2020,11,Tuesday,2,7.0,
346532cc-4938-4889-a135-33d11690849e,4,g0RPTY,2020-11-03,2020,11,Tuesday,1,3.5,
329871d8-d89e-40e9-93ec-274e2f3b6185,4,LRN0uO,2020-11-03,2020,11,Tuesday,1,3.5,
a8338dbe-37b3-428f-847c-37d8f239c326,4,8CnCaM,2020-11-03,2020,11,Tuesday,2,7.0,
528df128-4af4-416d-8246-5bfeb58f20e4,4,YnyFQq,2020-11-03,2020,11,Tuesday,2,7.0,
17664a71-3cf7-4640-a57f-af6d6ef1e49a,4,K8gkI8,2020-11-03,2020,11,Tuesday,2,7.0,
9ac416ff-4d0a-4044-844f-ed507bf7f6a7,4,8CnCaM,2020-11-03,2020,11,Tuesday,3,10.5,
937ceaf6-ec02-4610-960f-2ddc629a8ddc,4,K8gkI8,2020-11-03,2020,11,Tuesday,1,3.5,
607d0df9-ca71-4239-ac52-d0bc1d5194a9,4,AcIRu7,2020-11-03,2020,11,Tuesday,2,7.0,0c4795ee-75eb-4f9e-b73f-1b8826a15029
5e8da35d-b200-400a-aa2e-073c24c4fe43,4,XkiZ9D,2020-11-03,2020,11,Tuesday,2,7.0,e93486f6-eb6e-4dcf-925f-1195070a4bdd
b698ff36-1e9b-4e08-8bd6-fa1a4f13a1ed,4,V9hDyY,2020-11-03,2020,11,Tuesday,3,10.5,
6f257f67-5027-47b7-a39c-6385fd12ef5b,4,8CnCaM,2020-11-03,2020,11,Tuesday,2,7.0,
1cea52e9-c323-420e-ba40-d663b2c5dc58,4,HHY1ds,2020-11-03,2020,11,Tuesday,2,7.0,
0d333e23-180d-40c8-ae58-8dc9c6ea3b4d,4,YnyFQq,2020-11-03,2020,11,Tuesday,1,3.5,
63b93e2f-2c0a-4a19-aaf7-c11dabd3fd67,4,XkiZ9D,2020-11-03,2020,11,Tuesday,1,3.5,bd50a55d-4742-4b83-bc7c-8abd95c8f86e
79f4faad-d079-4ebb-a10f-6175dac70da5,4,V9hDyY,2020-11-03,2020,11,Tuesday,2,7.0,
f34a1a73-d561-4a2c-8258-a8a001bd7638,4,XkiZ9D,2020-11-03,2020,11,Tuesday,3,10.5,7c54fc75-a47c-4c5f-94e1-e3fed5fa79a3
ef288eee-929f-4b3f-9a82-621c41dea64c,4,g0RPTY,2020-11-03,2020,11,Tuesday,2,7.0,
ae30912f-e752-4d1c-adda-6500b1c50189,4,Xd4sZA,2020-11-03,2020,11,Tuesday,2,7.0,10a27af3-5860-4743-bc01-36bb4309f16c
f291873a-1e30-4dfb-b187-80a537b75d29,4,TwErrn,2020-11-03,2020,11,Tuesday,1,3.5,
a480db04-b10f-4dc4-a320-c09e00c88be3,4,1X3p2H,2020-11-03,2020,11,Tuesday,3,10.5,
98459585-2e8a-4fea-899f-51a1cfd217cd,4,HHY1ds,2020-11-03,2020,11,Tuesday,3,10.5,
08aa2d54-d945-448d-81ca-344598afb1c2,4,IWoDZ7,2020-11-03,2020,11,Tuesday,2,7.0,
14c44b18-976c-4b76-b125-a965c3dbdedc,4,pCjr1R,2020-11-04,2020,11,Wednesday,1,3.5,
36a86254-7018-4378-9beb-f145dd74acf7,4,IWoDZ7,2020-11-04,2020,11,Wednesday,1,3.5,d045403b-05fc-45af-ad57-8e04b52ef4e8
80b12dc9-70b1-4cfe-88ab-3320d572a95e,4,Xd4sZA,2020-11-04,2020,11,Wednesday,1,3.5,
10c85f32-c36f-4782-9e86-fb2086be8742,4,pCjr1R,2020-11-04,2020,11,Wednesday,2,7.0,
fede33dc-2230-4907-aab7-5d0c7060ef0f,4,XkiZ9D,2020-11-04,2020,11,Wednesday,3,10.5,
396fd78b-3989-4349-8684-9f7e57e7d3ff,4,g0RPTY,2020-11-04,2020,11,Wednesday,1,3.5,
abf57f38-9e20-4c48-be7e-f32e39792e69,4,AcIRu7,2020-11-04,2020,11,Wednesday,2,7.0,
3395340f-fe7a-4b54-9db3-49ce9f582de5,4,K8gkI8,2020-11-04,2020,11,Wednesday,3,10.5,
b053abdd-8740-4fed-a010-7ec25de42422,4,HHY1ds,2020-11-04,2020,11,Wednesday,2,7.0,
f995c19e-30f4-4c44-ba8e-c071875defe2,4,HHY1ds,2020-11-04,2020,11,Wednesday,2,7.0,2a8d55a4-20a0-47e3-9cf9-ef0c1fdd65f3
97d08f02-60d4-43be-9f32-ebd9988abcf4,4,AcIRu7,2020-11-04,2020,11,Wednesday,3,10.5,7ccbf551-da7e-4502-ad43-7b191501f71e
c7699eac-a856-4cb1-96bd-43a674ed4e6e,4,YnyFQq,2020-11-04,2020,11,Wednesday,1,3.5,
4ec153e1-f002-47a2-85b6-bf3fa123441a,4,TwErrn,2020-11-04,2020,11,Wednesday,2,7.0,
0e8d79ba-c2c8-4f21-b50a-b195c54131c1,4,Xd4sZA,2020-11-04,2020,11,Wednesday,1,3.5,93ddf9fc-121e-4d09-8584-34fa47d7e25f
5009e69f-6a13-456f-851a-3a734232b52b,4,V9hDyY,2020-11-04,2020,11,Wednesday,3,10.5,
75f6f04c-2e7d-4811-bf1e-6fb92f0e0337,4,RZZSxq,2020-11-04,2020,11,Wednesday,2,7.0,
9c292d48-c453-4f5c-aa75-62526e85c203,4,iYvFyn,2020-11-04,2020,11,Wednesday,3,10.5,
71773f02-d316-4669-8400-7d00e0dbad76,4,J4fMRf,2020-11-04,2020,11,Wednesday,2,7.0,
f3665053-dd27-48bd-a3f7-5d9039af0021,4,AcIRu7,2020-11-04,2020,11,Wednesday,1,3.5,
10252504-6649-4c25-b134-c0348a03a400,4,fvBBXY,2020-11-04,2020,11,Wednesday,3,10.5,
a2179d54-9e6f-48d6-8c45-fb8bd7ce763e,4,HHY1ds,2020-11-04,2020,11,Wednesday,1,3.5,
8a69e33d-f77c-4ae1-9cbd-6e990a13b11a,4,fvBBXY,2020-11-04,2020,11,Wednesday,3,10.5,
afff4e08-dce3-444a-ab1d-856cbfd02b4c,4,V9hDyY,2020-11-04,2020,11,Wednesday,1,3.5,3a2aa1d7-afcd-4437-9fec-1d7cda3faf1b
0e40cf6f-1c11-47a3-af16-2543114d3ef8,4,9FFwEf,2020-11-04,2020,11,Wednesday,2,7.0,
be569c03-02b6-4997-84ce-9bf63678d737,4,YnyFQq,2020-11-04,2020,11,Wednesday,3,10.5,
90dc7906-53ba-4e0a-a9d3-168ddb3c7a00,4,9FFwEf,2020-11-04,2020,11,Wednesday,1,3.5,76b7e7ab-0134-4f94-a2e4-5677171cd649
a1e4afee-49e3-44dd-945d-d773805cb7c1,4,fvBBXY,2020-11-04,2020,11,Wednesday,2,7.0,
971cbd13-ae85-478e-9bf1-ff4245db2415,4,TwErrn,2020-11-04,2020,11,Wednesday,2,7.0,
b67e3d58-359f-4402-b0db-cf558b0299cc,4,1X3p2H,2020-11-04,2020,11,Wednesday,1,3.5,
dfcfea08-1484-49ac-9c3d-8cf24057193b,4,RZZSxq,2020-11-04,2020,11,Wednesday,2,7.0,04a60e96-9b04-42f5-9f04-de4582f0d3d8
b3e21201-de8b-4014-87dd-219dab699f37,4,pCjr1R,2020-11-04,2020,11,Wednesday,2,7.0,
262b7d29-7f2f-46b2-bcb6-a001dc65054b,4,9FFwEf,2020-11-04,2020,11,Wednesday,2,7.0,
83a42a2c-7945-417c-8819-602684cb6832,4,XkiZ9D,2020-11-04,2020,11,Wednesday,3,10.5,7a29d454-7d73-483d-b618-c90c049cf73e
610ad371-70e0-4b8d-8408-5e44637e77fe,4,Xd4sZA,2020-11-04,2020,11,Wednesday,2,7.0,ae3314e8-98a0-4c08-8de4-4a46bbeced02
dbe8b406-83a8-40cf-871d-9aa898195537,4,IWoDZ7,2020-11-04,2020,11,Wednesday,1,3.5,
41f06e18-52a4-4550-8569-2568d886b2df,4,9FFwEf,2020-11-04,2020,11,Wednesday,2,7.0,
a933df8a-3275-4835-8cfc-4505c620a3c8,4,HHY1ds,2020-11-04,2020,11,Wednesday,1,3.5,
77164ef2-00ae-4b86-8cf1-eb81e6d629a9,4,g0RPTY,2020-11-04,2020,11,Wednesday,1,3.5,32ad9ccc-601f-45a6-bfaf-47ca2008fd7f
f9d9b99a-fb4b-4cc2-8b9e-28193514af2f,4,V9hDyY,2020-11-04,2020,11,Wednesday,1,3.5,
f587c336-2182-48a2-9343-ac77af9024e3,4,YnyFQq,2020-11-04,2020,11,Wednesday,1,3.5,
e70a337a-d1f8-41a2-ac5b-bf3af75e6b0f,4,iYvFyn,2020-11-04,2020,11,Wednesday,3,10.5,
da911244-adf3-4c9e-8e53-e0d118290e96,4,HHY1ds,2020-11-04,2020,11,Wednesday,2,7.0,
3987b1ce-20de-4a8b-b912-b8a678499aea,4,fvBBXY,2020-11-04,2020,11,Wednesday,2,7.0,
74e9a969-8495-474b-b0a5-453be8ba7c25,4,Xd4sZA,2020-11-04,2020,11,Wednesday,3,10.5,
4057e5e8-b3c1-42ae-8883-dbd4389aafac,4,TwErrn,2020-11-04,2020,11,Wednesday,1,3.5,4aefd4c5-e273-47fa-aeeb-0feb7c28c166
3ea2b146-392f-407e-98ad-fb98d22858a9,4,K8gkI8,2020-11-04,2020,11,Wednesday,2,7.0,5602ac6c-b457-4267-af2d-12e131e14f95
a81a9022-5371-414d-8af2-774be5ebc8f3,4,Xd4sZA,2020-11-04,2020,11,Wednesday,1,3.5,
05572c04-c666-4db9-a6ed-2fdadca41588,4,LRN0uO,2020-11-04,2020,11,Wednesday,2,7.0,b66155ef-4cbf-4f68-ba34-10f986b42bad
a0b3dfe7-dfc8-4940-9d69-13958e2f5b90,4,YnyFQq,2020-11-04,2020,11,Wednesday,2,7.0,
7cf13111-1529-432c-bc81-134e268edd71,4,J4fMRf,2020-11-04,2020,11,Wednesday,1,3.5,1ff01ffd-f197-493e-8a2b-0f85ac732dd6
6d115624-dda3-4fbb-bd1d-327059da3131,4,Xd4sZA,2020-11-04,2020,11,Wednesday,1,3.5,600266ac-5e18-4251-adaf-a059ac09e940
c7bf13e4-1866-4309-8106-82b605eb3d10,4,J4fMRf,2020-11-04,2020,11,Wednesday,2,7.0,
404ce238-861e-4705-8051-7b3f13925f2a,4,HHY1ds,2020-11-04,2020,11,Wednesday,1,3.5,07d11c73-9b4c-4225-885b-62da910d9aa1
567bc0a4-eb80-4c78-aa32-14f85560c77a,4,K8gkI8,2020-11-04,2020,11,Wednesday,2,7.0,
51ce66b1-b841-4171-860f-4223574e87ec,4,Xd4sZA,2020-11-04,2020,11,Wednesday,1,3.5,
4c76d8bc-dcab-40f3-b19f-3be0dac72d31,4,9FFwEf,2020-11-04,2020,11,Wednesday,2,7.0,2e7d4c34-ac47-495e-9466-00813888a037
5b1515f9-ee3c-4ed6-aeb2-9c0e4b01d98b,4,pCjr1R,2020-11-04,2020,11,Wednesday,1,3.5,
1a9b778a-f234-4c5e-a768-02c34f79547c,4,V9hDyY,2020-11-04,2020,11,Wednesday,1,3.5,
f270b662-8262-4b5c-9883-6585d7235fbe,4,iYvFyn,2020-11-04,2020,11,Wednesday,2,7.0,
f56f26ba-b5b1-489f-b45e-f59bc0057411,4,YnyFQq,2020-11-04,2020,11,Wednesday,1,3.5,7da0c8b9-94cc-4568-aafc-6d44a0026782
29aabb08-5671-4c00-a88b-a548709a020a,4,HHY1ds,2020-11-04,2020,11,Wednesday,2,7.0,2e41a9a8-d523-470f-ac7f-15b32ab7644b
45ae7273-e197-43b9-a577-dd311e34e8c2,4,1X3p2H,2020-11-04,2020,11,Wednesday,2,7.0,
bda61dbc-bf66-4f5e-b84c-52616cf98358,4,YnyFQq,2020-11-04,2020,11,Wednesday,2,7.0,
391bc169-6840-4ab7-af54-608eb05cf0bf,4,g0RPTY,2020-11-04,2020,11,Wednesday,3,10.5,
3bb34984-dfa9-4196-80a1-0b8636e2b518,4,K8gkI8,2020-11-04,2020,11,Wednesday,3,10.5,058f1c4b-7fbe-479f-9e0c-932bb60c1108
1f940bbd-147f-4613-bb2c-ae171e742dfb,4,LRN0uO,2020-11-04,2020,11,Wednesday,3,10.5,
6e05f6df-0ce6-4855-b54e-7ca4fe91fc55,4,QIb1Te,2020-11-04,2020,11,Wednesday,2,7.0,9fa17acc-8fb4-46bc-98c2-c9d8b1da121b
1cba0669-3039-4461-87ea-c7d2f8303c6a,4,V9hDyY,2020-11-04,2020,11,Wednesday,3,10.5,413f2c9c-eeaf-4c9e-9170-1ac1510f49af
256aa4ab-f828-4baa-a2ee-fa2325602099,4,RZZSxq,2020-11-04,2020,11,Wednesday,2,7.0,
ece6b7af-c18e-4a0e-a4a5-3665d075fbb3,4,1X3p2H,2020-11-04,2020,11,Wednesday,3,10.5,
9df68b7d-d23a-4fc7-802d-ea3451856be4,4,J4fMRf,2020-11-04,2020,11,Wednesday,1,3.5,
ffdd174f-b436-4a7f-8ce6-d9e06373cf6d,4,AcIRu7,2020-11-04,2020,11,Wednesday,1,3.5,
926cbcad-6668-4bc9-adbe-328fbd556258,4,g0RPTY,2020-11-04,2020,11,Wednesday,2,7.0,
185560aa-8f85-4c36-b6c8-6bd82137a3cb,4,IWoDZ7,2020-11-04,2020,11,Wednesday,2,7.0,
d2d0ea0e-aec9-43a9-bcba-93e7938f1ecc,4,RZZSxq,2020-11-04,2020,11,Wednesday,1,3.5,
08bb575a-189d-4976-a2b0-550cb020df8b,4,TwErrn,2020-11-04,2020,11,Wednesday,3,10.5,10b3ef9e-7e8f-48c9-a2ae-0b189993340e
c90f7942-ae32-42ad-9ad6-873725110c51,4,AcIRu7,2020-11-04,2020,11,Wednesday,2,7.0,3844157a-114c-4cbc-968a-7c30f702f9a7
9ad1869f-e1c4-4248-9d5c-ebfb37e40b79,4,J4fMRf,2020-11-04,2020,11,Wednesday,3,10.5,
8cab0580-6bdf-4aeb-96b7-64cce743f98c,4,9FFwEf,2020-11-04,2020,11,Wednesday,1,3.5,
9d61b183-c5eb-447d-a22e-e541dd736771,4,RZZSxq,2020-11-04,2020,11,Wednesday,2,7.0,
72f7cff2-c838-4486-ae5f-97daadccd898,4,V9hDyY,2020-11-04,2020,11,Wednesday,1,3.5,
3acacff7-dd92-44f9-9227-a0e0629accfc,4,V9hDyY,2020-11-04,2020,11,Wednesday,2,7.0,62bdc5cf-1de2-438b-b406-35dedad24192
e577561a-d7a8-49c1-ac3a-88b142ba465a,4,AcIRu7,2020-11-04,2020,11,Wednesday,2,7.0,
804911dd-81b0-4a04-9751-112e4382973c,4,RZZSxq,2020-11-04,2020,11,Wednesday,1,3.5,
dac36276-53d9-4468-9ea9-2616506861ab,4,XkiZ9D,2020-11-04,2020,11,Wednesday,1,3.5,
3db23953-695e-4423-a635-914b62eeaa91,4,pCjr1R,2020-11-04,2020,11,Wednesday,3,10.5,
f779bb17-1666-416d-813c-972fb362c5d0,4,HHY1ds,2020-11-04,2020,11,Wednesday,2,7.0,9db5830f-36bd-4450-87bd-c754796a909e
dc01d3b0-bfcc-4287-855f-044c89108f3b,4,Xd4sZA,2020-11-05,2020,11,Thursday,2,7.0,
c572c32c-5e88-4540-893a-c57fccb219c6,4,g0RPTY,2020-11-05,2020,11,Thursday,3,10.5,
2d90a895-e63a-43bb-8700-1f99e1ccf51c,4,RZZSxq,2020-11-05,2020,11,Thursday,1,3.5,
b30a98dd-c596-4fd6-bee8-cda5cac420d7,4,YnyFQq,2020-11-05,2020,11,Thursday,2,7.0,
0f5de522-d92d-49d8-9a57-a14a1a8b71ba,4,AcIRu7,2020-11-05,2020,11,Thursday,1,3.5,
5ff451b4-39db-4acf-ba3d-38157241b317,4,RZZSxq,2020-11-05,2020,11,Thursday,2,7.0,
a199ac5e-28fd-4a21-be37-f1f5770bac4c,4,AcIRu7,2020-11-05,2020,11,Thursday,2,7.0,
74419d1f-6eaf-450e-97c7-83bdbd4981cd,4,g0RPTY,2020-11-05,2020,11,Thursday,2,7.0,
ce5799fa-efa4-447a-acc2-baa6aa23a696,4,Xd4sZA,2020-11-05,2020,11,Thursday,2,7.0,
3a8677ff-bc1e-4fee-a3cd-e1b4a7b383b3,4,1X3p2H,2020-11-05,2020,11,Thursday,2,7.0,
b4081caa-56fa-4059-a0a4-e110b239e4b5,4,J4fMRf,2020-11-05,2020,11,Thursday,1,3.5,
fda07863-797b-4311-af24-3113d1f72f61,4,Xd4sZA,2020-11-05,2020,11,Thursday,3,10.5,
5f5e387e-7546-4b31-baf8-b2b94621953e,4,K8gkI8,2020-11-05,2020,11,Thursday,2,7.0,
e3a6648c-0db3-4249-81f6-8920b5c642a2,4,K8gkI8,2020-11-05,2020,11,Thursday,2,7.0,
8e58d46f-2351-4057-9456-b4ff1c8601a6,4,XkiZ9D,2020-11-05,2020,11,Thursday,2,7.0,
b1f17a3d-d7d6-4a9a-9fe3-12e0012d81a2,4,g0RPTY,2020-11-05,2020,11,Thursday,1,3.5,
aeebeac4-1807-444f-831b-a9ffcebb1c0a,4,YnyFQq,2020-11-05,2020,11,Thursday,2,7.0,a2461689-37b8-4efa-91ba-013631f12a10
e7c799d5-9ca6-4cdb-b4b2-03d48a4cbaff,4,fvBBXY,2020-11-05,2020,11,Thursday,2,7.0,
b5b9558f-37f2-406b-acaf-ad131560d80c,4,LRN0uO,2020-11-05,2020,11,Thursday,2,7.0,
692dc943-75c6-4ffd-890c-26504ac86058,4,1X3p2H,2020-11-05,2020,11,Thursday,2,7.0,
e504e012-d779-42c0-9bca-9d77c773b80a,4,8CnCaM,2020-11-05,2020,11,Thursday,3,10.5,
f6cd2bed-58e3-45a9-9306-f151a14497eb,4,LRN0uO,2020-11-05,2020,11,Thursday,3,10.5,
9cf85036-d3cd-4392-b0d5-9078696adfa1,4,YnyFQq,2020-11-05,2020,11,Thursday,1,3.5,32c77228-8890-42e9-9c1c-ff9dbdbe0572
89f8f46e-7568-40e1-9137-fc8035a3a84a,4,K8gkI8,2020-11-05,2020,11,Thursday,2,7.0,
f49fa3f9-459c-47c6-ae46-94d1f6d4c536,4,V9hDyY,2020-11-05,2020,11,Thursday,2,7.0,
838f4d25-6aab-4419-a64f-25dd29e14c0a,4,HHY1ds,2020-11-05,2020,11,Thursday,2,7.0,
0f9dd42b-5b0e-4017-8ad5-a7769a1d7c9b,4,TwErrn,2020-11-05,2020,11,Thursday,2,7.0,
c61ae109-6315-4a1d-bc5d-39be4baf3c36,4,fvBBXY,2020-11-05,2020,11,Thursday,3,10.5,
a132d476-1758-46d4-aa8a-429a3e6319b4,4,8CnCaM,2020-11-05,2020,11,Thursday,2,7.0,db3ca581-a59b-4044-a71b-6376bd7072ee
a062ba75-1b14-495c-9169-5a5580bdbe30,4,TwErrn,2020-11-05,2020,11,Thursday,2,7.0,
0aa7f4c8-0e6a-4427-a515-e18156185db7,4,HHY1ds,2020-11-05,2020,11,Thursday,2,7.0,9ec00839-ed08-4b36-96f4-beca5bf0ab6f
addaf423-47b2-40cc-9afc-1d6e2700c7a9,4,iYvFyn,2020-11-05,2020,11,Thursday,2,7.0,
0d9d3cec-1a5b-4b8e-b903-c72483c15da7,4,IWoDZ7,2020-11-05,2020,11,Thursday,2,7.0,
3a55e730-b9f6-4eee-973a-4d169cc5b60c,4,TwErrn,2020-11-05,2020,11,Thursday,3,10.5,
eded7eb1-172d-4dfa-b0b6-dde3d0d449ad,4,g0RPTY,2020-11-05,2020,11,Thursday,2,7.0,
f9e3cc89-d141-4d2d-90f7-242d72b6c238,4,J4fMRf,2020-11-05,2020,11,Thursday,3,10.5,15be168c-0083-41ce-b4b3-f27bb89be366
ef34be2a-37e8-4d61-8502-1343f3f1569e,4,fvBBXY,2020-11-05,2020,11,Thursday,1,3.5,6602f38b-51f4-4597-978d-088936a2f80a
3d918569-2059-4324-a262-e8c5c3b374f0,4,HHY1ds,2020-11-05,2020,11,Thursday,1,3.5,
55cb14c3-2d27-40e9-a6e3-df551f25c4aa,4,pCjr1R,2020-11-05,2020,11,Thursday,2,7.0,
22462f17-e71a-4436-b87d-275c6da5c079,4,XkiZ9D,2020-11-05,2020,11,Thursday,2,7.0,96edd678-1a42-4d57-b41e-fabc2434d120
4f16a551-cae4-464c-a2d9-ffe801ca1186,4,QIb1Te,2020-11-05,2020,11,Thursday,2,7.0,80d2a3cc-6f65-4926-a5fa-094ff9296a8c
ab834bd6-687b-4e23-8146-37e40ea885f7,4,XkiZ9D,2020-11-05,2020,11,Thursday,3,10.5,
1d34001f-49c8-44d5-93a5-ec5810b79577,4,V9hDyY,2020-11-05,2020,11,Thursday,2,7.0,
2fc906e5-a472-47cc-99eb-24cec54e7f68,4,1X3p2H,2020-11-05,2020,11,Thursday,1,3.5,
b77c8fb6-446d-4c88-a856-0da16737a143,4,LRN0uO,2020-11-05,2020,11,Thursday,2,7.0,
1d7101de-c7c7-4c3f-9596-cc8c02f0de72,4,pCjr1R,2020-11-05,2020,11,Thursday,2,7.0,4f7ad782-f5f6-403e-b7c6-3588952b727a
b4f14800-1c1f-40cf-91ab-36fb4cb4d693,4,pCjr1R,2020-11-05,2020,11,Thursday,2,7.0,
164ce8c1-7d37-4c50-8c3a-44155e22d440,4,HHY1ds,2020-11-05,2020,11,Thursday,2,7.0,
baaad142-3ead-4783-b9e1-c7cc20c367fb,4,9FFwEf,2020-11-05,2020,11,Thursday,1,3.5,
925608b5-4976-464b-a0ba-9587bc94efdc,4,9FFwEf,2020-11-05,2020,11,Thursday,3,10.5,9a159fc2-25f6-4568-9170-6699d347fb53
a7b2cbf0-2763-4052-9cfa-17fc8d748ade,4,XkiZ9D,2020-11-05,2020,11,Thursday,3,10.5,f79bfce9-1290-4719-b9e9-508a3d47d1ed
25f698ce-fdbe-4eed-8e02-fd0c2eb5e5f9,4,9FFwEf,2020-11-05,2020,11,Thursday,3,10.5,
f1c13c4d-5c43-4ed8-88f0-e077cddb7f45,4,QIb1Te,2020-11-05,2020,11,Thursday,2,7.0,96edd678-1a42-4d57-b41e-fabc2434d120
ec94071a-d6b0-4dd3-a10c-61874e0f7594,4,fvBBXY,2020-11-05,2020,11,Thursday,1,3.5,b75e853f-1bc4-42c8-9ebb-613176b251a6
ceb5085c-8638-470a-a4b8-30a20cc63043,4,8CnCaM,2020-11-05,2020,11,Thursday,1,3.5,a77bb9ae-7872-4f37-bfaf-4a257aa72639
d1fdaa29-979a-42cf-a449-e9ba1ab86fd5,4,HHY1ds,2020-11-05,2020,11,Thursday,3,10.5,
db2b8c38-0f54-4959-b915-fd9a38bb0f96,4,9FFwEf,2020-11-05,2020,11,Thursday,2,7.0,8ef02017-720c-498e-baaf-2dfba3fdcfe4
352492f0-ff78-4e57-a2f3-a3c19ba02996,4,iYvFyn,2020-11-05,2020,11,Thursday,2,7.0,
f29bb072-54f4-4ff6-8c7f-2288c04495d0,4,J4fMRf,2020-11-05,2020,11,Thursday,1,3.5,
d8e3c02b-feee-4f37-ba6d-3130450163cc,4,RZZSxq,2020-11-05,2020,11,Thursday,2,7.0,1b0a0912-1a4a-45a0-8fa2-78933c49a7a4
ee91189b-8506-4704-85d6-b5ce3e39debe,4,8CnCaM,2020-11-05,2020,11,Thursday,3,10.5,
e2b24a7c-fd0f-4aa4-9f67-e10a25eec773,4,AcIRu7,2020-11-05,2020,11,Thursday,3,10.5,
65674edf-bee0-4d3e-a2a3-267c4f254332,4,fvBBXY,2020-11-05,2020,11,Thursday,1,3.5,
987de0c9-4377-4ad5-aa84-6d15b3501cb0,4,pCjr1R,2020-11-05,2020,11,Thursday,1,3.5,
8ce0bc2f-92a2-4685-81be-779abc68f5d2,4,IWoDZ7,2020-11-05,2020,11,Thursday,2,7.0,4eb6dca4-2802-4d0e-805a-50aad8e75553
68c89d6a-1f80-4d95-aad4-5d1dea9d7464,4,8CnCaM,2020-11-05,2020,11,Thursday,1,3.5,
2a16f15e-521b-438b-b979-dd731d2b6fba,4,V9hDyY,2020-11-05,2020,11,Thursday,3,10.5,7c54fc75-a47c-4c5f-94e1-e3fed5fa79a3
43b51607-ee5b-4b25-a83d-0fca2af18183,4,iYvFyn,2020-11-05,2020,11,Thursday,2,7.0,3ad9afcd-1507-4e4b-88cb-8d5e4ec8bdfc
6af1a8b9-b82e-4d87-ae58-8805048b69ba,4,K8gkI8,2020-11-05,2020,11,Thursday,3,10.5,
4574dccb-ffaa-439c-8282-7ccaa17a9a7d,4,TwErrn,2020-11-05,2020,11,Thursday,3,10.5,
1a49fe0d-bca2-4912-a81a-f71b44475751,4,QIb1Te,2020-11-05,2020,11,Thursday,1,3.5,76f9b9c5-dfdf-44bc-8b8d-46655197cb87
a81724be-5b50-4d15-af5f-8d9488d28b7a,4,AcIRu7,2020-11-05,2020,11,Thursday,2,7.0,
167edea6-3475-45f4-8640-fc0f054cf6e2,4,TwErrn,2020-11-06,2020,11,Friday,2,7.0,
6c2622e2-b06a-48b3-b752-17af7018ba82,4,YnyFQq,2020-11-06,2020,11,Friday,2,7.0,
d6e81dd1-aaa1-411c-b007-ede640ab211a,4,9FFwEf,2020-11-06,2020,11,Friday,3,10.5,
3a75080a-3423-4e18-90b3-8390e0d55b24,4,XkiZ9D,2020-11-06,2020,11,Friday,3,10.5,
890a3e0e-427a-42d7-a60d-1b5d3eaeaf92,4,QIb1Te,2020-11-06,2020,11,Friday,3,10.5,
d4817bcc-c58d-4048-a836-a21af4c28214,4,RZZSxq,2020-11-06,2020,11,Friday,2,7.0,5f412899-76c5-465a-89ed-e1b81c2efdd6
5af188a5-c634-4419-9bb8-a60a3c23a0a3,4,RZZSxq,2020-11-06,2020,11,Friday,1,3.5,
264a15cd-fca5-41e8-8daa-6f288c9c5c68,4,J4fMRf,2020-11-06,2020,11,Friday,3,10.5,
c3efefbf-970f-41ff-b939-e7bdc86f9622,4,iYvFyn,2020-11-06,2020,11,Friday,2,7.0,
368eab83-be70-4fef-a789-b8e6b3f4ed0d,4,V9hDyY,2020-11-06,2020,11,Friday,1,3.5,
6e8e4d8d-15c8-4fda-848d-2e2c871ebf0b,4,XkiZ9D,2020-11-06,2020,11,Friday,2,7.0,
70689780-1b36-4c4b-97e4-125975c25d3e,4,LRN0uO,2020-11-06,2020,11,Friday,2,7.0,
1492e4a0-6589-49b6-bac6-7aae3b7ad3cb,4,XkiZ9D,2020-11-06,2020,11,Friday,2,7.0,
b5b1cec1-c5f0-433e-98ec-d2ed420a865d,4,AcIRu7,2020-11-06,2020,11,Friday,3,10.5,
72046956-2feb-4b25-acc5-f7cdb131383a,4,RZZSxq,2020-11-06,2020,11,Friday,1,3.5,d9e25212-d4f2-4369-a85b-b94a1776b652
3ee46061-ec7b-422e-9ed1-99d54cfcc6f2,4,IWoDZ7,2020-11-06,2020,11,Friday,1,3.5,
4ef2451d-5c3e-4a5c-85a5-352144b597cf,4,IWoDZ7,2020-11-06,2020,11,Friday,2,7.0,1f2d862f-18f9-4c58-a4b3-45b3db796ad4
64abd4cb-c6ea-45d0-8e2f-ae87c7b15d49,4,XkiZ9D,2020-11-06,2020,11,Friday,2,7.0,4aefd4c5-e273-47fa-aeeb-0feb7c28c166
ffd40997-4b3f-4049-be41-13326c397dee,4,Xd4sZA,2020-11-06,2020,11,Friday,2,7.0,
8d2660b9-a29d-4e81-82b8-aa208d49cf9e,4,QIb1Te,2020-11-06,2020,11,Friday,2,7.0,ef5b667b-f24f-418f-939e-2b18ac75abdc
f6ca967f-7c5b-4413-a8de-00b7fb3c8671,4,RZZSxq,2020-11-06,2020,11,Friday,2,7.0,
5c29a21e-33a3-48d6-b94e-54dfb693efea,4,IWoDZ7,2020-11-06,2020,11,Friday,3,10.5,
9d1860f5-aa57-4d41-9f9b-440dc3878f39,4,8CnCaM,2020-11-06,2020,11,Friday,2,7.0,797891e3-c60d-407b-8bb3-70304ffd1970
afd1ab57-ca6a-4e46-a59c-5be849846db6,4,iYvFyn,2020-11-06,2020,11,Friday,3,10.5,
c6797d0d-ffd2-4495-9832-b3bd031a826d,4,8CnCaM,2020-11-06,2020,11,Friday,1,3.5,92379d33-a068-4ba0-abb3-0b3a46925bcc
66aa4e52-7f04-426f-9012-c6f728e17e8f,4,QIb1Te,2020-11-06,2020,11,Friday,3,10.5,
e3274a24-7752-4584-a848-14a4c55f64ea,4,XkiZ9D,2020-11-06,2020,11,Friday,2,7.0,f3970868-3c90-46d8-a20f-2390b8a7c8f2
ce3249e2-532d-4852-982c-671c80df1be1,4,Xd4sZA,2020-11-06,2020,11,Friday,3,10.5,
4f90e787-f47c-43c5-986c-b01452a80a9d,4,V9hDyY,2020-11-06,2020,11,Friday,1,3.5,7da0c8b9-94cc-4568-aafc-6d44a0026782
a43900e3-cfc6-4e2f-8473-62a2e5420de8,4,pCjr1R,2020-11-06,2020,11,Friday,3,10.5,
bd7b0ee5-5768-4197-b9dc-3b5698981dd2,4,J4fMRf,2020-11-06,2020,11,Friday,2,7.0,
bc247bed-f1fc-4fe0-abb5-e5831a36105d,4,RZZSxq,2020-11-06,2020,11,Friday,1,3.5,48cabfc7-384a-4e63-965c-31995d58be55
ca9e0e69-9494-419e-b942-216927f6d78e,4,RZZSxq,2020-11-06,2020,11,Friday,2,7.0,
e37cc8c3-154d-42b4-8874-7c2b95448392,4,V9hDyY,2020-11-06,2020,11,Friday,3,10.5,
3ee66fe9-ba50-46ce-87f2-b38fe8b34585,4,LRN0uO,2020-11-06,2020,11,Friday,1,3.5,
1b2061a2-9e39-4a67-b9cf-6825eb33e301,4,1X3p2H,2020-11-06,2020,11,Friday,2,7.0,091fa45d-62fa-4533-9fc2-a2ca35a8db2a
6c207db8-279e-4616-ab85-20a439f58295,4,pCjr1R,2020-11-06,2020,11,Friday,3,10.5,
02b0c06d-fae8-4873-88a1-69a9c2fd9eb3,4,1X3p2H,2020-11-06,2020,11,Friday,3,10.5,
1679d666-a1a0-4267-be91-444819bf110e,4,K8gkI8,2020-11-06,2020,11,Friday,3,10.5,
9604c381-c5dc-4e42-bbf6-75dc698665f3,4,RZZSxq,2020-11-06,2020,11,Friday,1,3.5,bcfec33d-0719-4c6a-b619-b4c6ae5fa8b0
b433566f-2d97-4bcf-848d-94b2f5d96e9b,4,9FFwEf,2020-11-06,2020,11,Friday,3,10.5,
ea589910-58db-43ce-af97-8f102572375a,4,AcIRu7,2020-11-06,2020,11,Friday,2,7.0,
39c9529a-78e9-4283-a018-6a89f18cb261,4,AcIRu7,2020-11-06,2020,11,Friday,2,7.0,
29e97a3f-1a4a-4220-88c8-fe6af81f24a4,4,TwErrn,2020-11-06,2020,11,Friday,2,7.0,
aa981928-4436-4afb-b5a4-a32eb0e1b7d5,4,TwErrn,2020-11-06,2020,11,Friday,2,7.0,
42300ec6-ea91-4eaa-9c81-e9bbedf7a198,4,9FFwEf,2020-11-06,2020,11,Friday,2,7.0,
7db5cc9d-fdb2-4c54-add5-9e1689a78285,4,9FFwEf,2020-11-06,2020,11,Friday,1,3.5,07326e55-8820-4c75-9a7e-9a782bf59a7c
c267fbdb-9acd-4782-add0-d750693c94de,4,8CnCaM,2020-11-06,2020,11,Friday,2,7.0,
778b5df7-a4b8-4a55-85b8-874968b689cc,4,RZZSxq,2020-11-06,2020,11,Friday,2,7.0,
1544f7db-cd28-4cd9-84df-66c2607e8626,4,RZZSxq,2020-11-06,2020,11,Friday,2,7.0,
f31f1311-d2a9-48aa-bd97-575caac45b40,4,V9hDyY,2020-11-06,2020,11,Friday,2,7.0,
77268d58-9790-4645-a543-0b0929468017,4,RZZSxq,2020-11-06,2020,11,Friday,2,7.0,
1099674c-b803-44de-bb62-35618852a30c,4,pCjr1R,2020-11-06,2020,11,Friday,2,7.0,
688a86af-9968-47c4-8c73-3299dbf40da4,4,K8gkI8,2020-11-06,2020,11,Friday,1,3.5,
65967c3e-fd3a-44e6-9d82-cf686f76e4b1,4,fvBBXY,2020-11-06,2020,11,Friday,2,7.0,
45f902b8-2c4f-4a55-8407-6c5e5ba4508d,4,pCjr1R,2020-11-06,2020,11,Friday,2,7.0,
ea4c0d28-0c62-4803-9ffb-d0e4cd7e87fb,4,9FFwEf,2020-11-06,2020,11,Friday,2,7.0,104680e6-78b4-414c-8402-191243d43b87
261d5e5e-f7d9-49d0-b501-3da7648d848d,4,YnyFQq,2020-11-06,2020,11,Friday,2,7.0,57197068-5f83-4545-adb8-7b782c960017
0c788893-e067-435f-ad16-8ca03226a313,4,Xd4sZA,2020-11-06,2020,11,Friday,1,3.5,
92410301-6ee5-46e2-96a4-3f2bf096852b,4,Xd4sZA,2020-11-06,2020,11,Friday,2,7.0,048e9595-17a8-41fc-80a6-06ca24ad196e
2becf1ce-972c-4381-b45c-006a339d086b,4,iYvFyn,2020-11-06,2020,11,Friday,2,7.0,a7d3ba2d-8581-4fa8-ad9f-c36ccfb7f52d
3ac6f86c-c810-4d3b-b2e0-5580caa824af,4,LRN0uO,2020-11-06,2020,11,Friday,1,3.5,98395614-ad13-47e3-82c0-999d618cd2a8
d61529a1-6fc4-442c-a11c-014e226696af,4,1X3p2H,2020-11-06,2020,11,Friday,2,7.0,
fbd6be5b-2398-499f-8387-1378d02aa107,4,YnyFQq,2020-11-06,2020,11,Friday,3,10.5,
459d4c43-0e82-45d3-8b02-a36d52b418c1,4,LRN0uO,2020-11-06,2020,11,Friday,2,7.0,
8ad43f65-5bd9-403f-ae39-7a58b6d27e25,4,RZZSxq,2020-11-06,2020,11,Friday,1,3.5,9db5830f-36bd-4450-87bd-c754796a909e
9873bb1d-8c23-4583-b03d-c7850b0199d4,4,iYvFyn,2020-11-06,2020,11,Friday,1,3.5,
86153aa2-8784-4a82-ad2e-8c4d6e00a629,4,LRN0uO,2020-11-06,2020,11,Friday,1,3.5,
fc63d82f-7d9f-4b4f-9b9d-be3a1d44d29b,4,V9hDyY,2020-11-06,2020,11,Friday,2,7.0,
27ed6055-fb85-447f-82c9-220db0b73d80,4,IWoDZ7,2020-11-06,2020,11,Friday,2,7.0,9db5830f-36bd-4450-87bd-c754796a909e
f3531dd0-f932-442f-8b2d-3df45a68418f,4,J4fMRf,2020-11-06,2020,11,Friday,2,7.0,
5f8140eb-0260-4d6d-92ec-74eb601b512b,4,Xd4sZA,2020-11-06,2020,11,Friday,2,7.0,db2e9331-c037-4681-a06e-c49ee9735060
f9caa2ff-3c40-4f22-b271-0594700dc80b,4,8CnCaM,2020-11-06,2020,11,Friday,2,7.0,
1ebb5866-5441-49f5-871a-095eb9b57725,4,8CnCaM,2020-11-06,2020,11,Friday,3,10.5,47d56ab4-ce6a-42a5-a36a-27f80ce31957
319955aa-ae85-436b-8cbc-5939bcef9f7c,4,AcIRu7,2020-11-06,2020,11,Friday,2,7.0,
6f7c5687-fda6-45db-9bec-7e68a3461317,4,AcIRu7,2020-11-07,2020,11,Saturday,1,3.5,7c54fc75-a47c-4c5f-94e1-e3fed5fa79a3
8517d185-a792-4fa4-b3fd-a794c7b3f751,4,V9hDyY,2020-11-07,2020,11,Saturday,1,3.5,
d0652c8d-1e0f-480d-8357-b5c7fc40f0d2,4,Xd4sZA,2020-11-07,2020,11,Saturday,3,10.5,
ad8f7e44-7d64-4183-8bc1-e3f9c98aaf6d,4,Xd4sZA,2020-11-07,2020,11,Saturday,2,7.0,0fbcb773-42cb-475d-963c-41ef5eeecd36
9c5d86cb-406a-4310-a530-ea00f1c86d2b,4,TwErrn,2020-11-07,2020,11,Saturday,2,7.0,18530746-778c-451a-bc0e-a1e7942d2ec2
bebeb37d-4461-4eec-9b97-1b6c564582c3,4,LRN0uO,2020-11-07,2020,11,Saturday,2,7.0,e99907e0-bec1-4816-bf96-4547bf379540
3bb0e4fd-decd-4d3f-acd3-fba195c32626,4,Xd4sZA,2020-11-07,2020,11,Saturday,2,7.0,797891e3-c60d-407b-8bb3-70304ffd1970
fbc373d0-9e96-44b4-bf35-4435451cacc4,4,RZZSxq,2020-11-07,2020,11,Saturday,2,7.0,d045403b-05fc-45af-ad57-8e04b52ef4e8
1b00b488-7f9b-40d6-a7b2-84ea570261d3,4,iYvFyn,2020-11-07,2020,11,Saturday,3,10.5,
538ef339-75d6-4b4e-aa67-8b730d1b6992,4,J4fMRf,2020-11-07,2020,11,Saturday,2,7.0,
a75ddd73-7d27-4e37-b720-99e2630a7bb3,4,IWoDZ7,2020-11-07,2020,11,Saturday,2,7.0,b840d635-6932-4795-8c37-9d0bcc63326c
80b06b8e-3633-436d-9d16-e5cad3f8c571,4,HHY1ds,2020-11-07,2020,11,Saturday,2,7.0,
e32f30b6-f5bd-4836-ac05-d99866b34711,4,V9hDyY,2020-11-07,2020,11,Saturday,2,7.0,
b6fd881e-d387-412f-9bec-6b041886b49e,4,K8gkI8,2020-11-07,2020,11,Saturday,2,7.0,
8cd7aa8d-9a13-4f04-8446-d1b95a4332f5,4,pCjr1R,2020-11-07,2020,11,Saturday,2,7.0,
272a6c05-2850-461b-b15e-bc976acb2930,4,YnyFQq,2020-11-07,2020,11,Saturday,3,10.5,
d7b39b64-6080-441b-abf2-fbfc9552e39e,4,V9hDyY,2020-11-07,2020,11,Saturday,2,7.0,
7529033b-09df-4539-848d-38a825ca43f5,4,IWoDZ7,2020-11-07,2020,11,Saturday,3,10.5,
a2c7b880-2704-4671-9e8b-f8989b337f5a,4,Xd4sZA,2020-11-07,2020,11,Saturday,2,7.0,
f2dffbac-57bd-4982-99c1-8b012530021f,4,8CnCaM,2020-11-07,2020,11,Saturday,3,10.5,
129a0984-d7f6-4df7-95c9-d959d240b823,4,1X3p2H,2020-11-07,2020,11,Saturday,2,7.0,
a5453c81-ca6b-4a85-a2d6-e0ebf9071e07,4,IWoDZ7,2020-11-07,2020,11,Saturday,2,7.0,
2bffa39f-575e-425b-a8b6-89627535bf8b,4,V9hDyY,2020-11-07,2020,11,Saturday,2,7.0,
5d6ecb65-77a5-49cd-be71-b7e482e0e361,4,AcIRu7,2020-11-07,2020,11,Saturday,3,10.5,
478845b5-8c44-410f-8c03-43e23d2e81c2,4,LRN0uO,2020-11-07,2020,11,Saturday,2,7.0,
dc52c6d5-c4e6-4edf-b8dc-d54cdc273c3b,4,LRN0uO,2020-11-07,2020,11,Saturday,2,7.0,
39f4475a-f3b4-43c1-a12e-d8e1298e38f2,4,RZZSxq,2020-11-07,2020,11,Saturday,2,7.0,
ea0a0e52-5e18-4d4a-b358-beebdb57ae92,4,TwErrn,2020-11-07,2020,11,Saturday,3,10.5,587f8f67-e282-4753-9f22-fc4e9ecd7990
0ef992ad-2d59-42ba-833b-c8b003811c91,4,YnyFQq,2020-11-07,2020,11,Saturday,3,10.5,
f4c11acd-5ba9-4a48-a90a-5e58048622da,4,g0RPTY,2020-11-07,2020,11,Saturday,1,3.5,
9a1a5b2e-97ae-43af-922c-c92ce6499c4e,4,J4fMRf,2020-11-07,2020,11,Saturday,1,3.5,
5d61bc18-34ec-4600-a9d8-766d1e4ef21b,4,iYvFyn,2020-11-07,2020,11,Saturday,2,7.0,
c6f24908-5d18-4397-b20b-c0f2eeae3cce,4,QIb1Te,2020-11-07,2020,11,Saturday,3,10.5,4aefd4c5-e273-47fa-aeeb-0feb7c28c166
6b05aaf3-3d06-4445-97df-4d7843102526,4,AcIRu7,2020-11-07,2020,11,Saturday,3,10.5,8273b0f0-7a32-4583-8c5d-8a37290787dd
cdc6a2da-a7de-43d2-bb52-58fb2cfe6d20,4,QIb1Te,2020-11-07,2020,11,Saturday,2,7.0,
0ba0c93e-6450-4979-b988-5a77678cb783,4,iYvFyn,2020-11-07,2020,11,Saturday,1,3.5,
ecd7b013-5f69-4f53-a398-b1c0cdba20a9,4,1X3p2H,2020-11-07,2020,11,Saturday,2,7.0,bd1a9f56-31b7-47e8-91bc-f14430b9a604
157bb729-bf71-499b-b6ac-eb94b2c1c00e,4,V9hDyY,2020-11-07,2020,11,Saturday,3,10.5,
3357aee3-e08e-4db9-9477-ccbb589dcfcf,4,9FFwEf,2020-11-07,2020,11,Saturday,2,7.0,
2d287d8b-2715-4d22-887b-6293ce1ef1fd,4,YnyFQq,2020-11-07,2020,11,Saturday,2,7.0,
cd7cb80a-4518-4715-9c0b-66b76e677f96,4,AcIRu7,2020-11-07,2020,11,Saturday,2,7.0,9ec00839-ed08-4b36-96f4-beca5bf0ab6f
d985cfb8-6446-4b66-b036-fd5aa4e73f72,4,8CnCaM,2020-11-07,2020,11,Saturday,1,3.5,
f189ffe5-795e-4b3d-9fd4-80a146117dea,4,pCjr1R,2020-11-07,2020,11,Saturday,2,7.0,
e75d4e59-5779-461c-81e6-10021eff6217,4,pCjr1R,2020-11-07,2020,11,Saturday,1,3.5,
5bd735a9-0d78-4e1d-8b2e-c63aa617356e,4,Xd4sZA,2020-11-07,2020,11,Saturday,1,3.5,c0c4643b-bd4f-4232-b891-659799228508
d8d7e6c4-8bed-4781-abce-8fac71f1287e,4,RZZSxq,2020-11-07,2020,11,Saturday,1,3.5,8ef02017-720c-498e-baaf-2dfba3fdcfe4
5612c060-161b-49ec-b339-e4fd8df6272d,4,g0RPTY,2020-11-07,2020,11,Saturday,2,7.0,
ee9f4baf-386d-45fc-addc-9725bdefcc52,4,K8gkI8,2020-11-07,2020,11,Saturday,1,3.5,
90369aed-2c88-4769-a338-230e3d4f9862,4,g0RPTY,2020-11-07,2020,11,Saturday,1,3.5,
abf77910-03c2-4358-99ae-db4ff6921fcc,4,AcIRu7,2020-11-07,2020,11,Saturday,2,7.0,
7db8593c-9a25-4438-9120-e781dbc55452,4,V9hDyY,2020-11-07,2020,11,Saturday,3,10.5,
6ffea8d3-3fb7-4575-b03b-c4eea747213e,4,Xd4sZA,2020-11-07,2020,11,Saturday,2,7.0,
e7f671b9-f335-4972-b692-8193936e418e,4,YnyFQq,2020-11-07,2020,11,Saturday,2,7.0,
105d2e1e-11a6-4df9-a631-2bfd6e083af3,4,IWoDZ7,2020-11-07,2020,11,Saturday,3,10.5,
15365062-b4a9-4b5a-872e-0188ef35b212,4,fvBBXY,2020-11-07,2020,11,Saturday,2,7.0,cdf18b2b-d3a6-4f4c-8cd0-645d2bcb6a11
474f823d-a6a6-4b18-8e8e-556fa6d97dcd,4,IWoDZ7,2020-11-07,2020,11,Saturday,1,3.5,
12985d03-b19b-4033-b032-eddc21db01e0,4,8CnCaM,2020-11-07,2020,11,Saturday,2,7.0,
87f1eabb-0921-49c9-823d-1b4d92fc3f28,4,YnyFQq,2020-11-07,2020,11,Saturday,1,3.5,61d0c3fc-28ce-49a7-acca-d6ee69254fb7
ba8aacd4-ff2a-4a84-a0ec-d0efc6864f7a,4,QIb1Te,2020-11-07,2020,11,Saturday,2,7.0,
8e0eefb4-cf09-4b1a-b713-6eca9ce4408c,4,fvBBXY,2020-11-07,2020,11,Saturday,1,3.5,
0550c13b-806f-4cc2-8b18-1064ed6c9a8b,4,HHY1ds,2020-11-07,2020,11,Saturday,2,7.0,
65c594dc-4d73-4d97-83d4-9bbaa6f00fcf,4,V9hDyY,2020-11-07,2020,11,Saturday,2,7.0,
19abface-4fe0-4dde-8f4a-c0d6053cdf82,4,XkiZ9D,2020-11-07,2020,11,Saturday,3,10.5,
0fe0be56-ee80-4104-b559-cecb6f95e0a8,4,LRN0uO,2020-11-07,2020,11,Saturday,1,3.5,
64f8f3c9-3172-41e5-a74f-8b4973d34e72,4,1X3p2H,2020-11-07,2020,11,Saturday,1,3.5,
924b1827-19f3-418c-a214-18f7be246c8d,4,XkiZ9D,2020-11-07,2020,11,Saturday,3,10.5,
c6719d4c-0a8d-41c7-879a-9b35eb3190bc,4,XkiZ9D,2020-11-07,2020,11,Saturday,1,3.5,
635d407a-39ec-4be8-ad8d-4e0cc22ac9fb,4,g0RPTY,2020-11-07,2020,11,Saturday,3,10.5,
db499f2e-cb7d-4348-9587-37c8fcfad65e,4,AcIRu7,2020-11-07,2020,11,Saturday,2,7.0,
df8571a4-9923-4117-938f-91568eb9d249,4,XkiZ9D,2020-11-07,2020,11,Saturday,2,7.0,8d06dd34-a8bc-4e75-905b-38447644819e
d6e0fe68-7909-458c-b601-b79b37f8be22,4,V9hDyY,2020-11-07,2020,11,Saturday,2,7.0,
4f2e8333-3acc-48fa-9d4f-38f9891a5f39,4,QIb1Te,2020-11-07,2020,11,Saturday,2,7.0,
91fb96f8-91fb-4981-ad7f-416930cee7c2,4,XkiZ9D,2020-11-07,2020,11,Saturday,2,7.0,
689c184d-f972-4548-88ab-cbc53842bd73,4,YnyFQq,2020-11-07,2020,11,Saturday,3,10.5,
56e32f52-3d62-44e4-8eaf-a78dd77ebe81,4,Xd4sZA,2020-11-07,2020,11,Saturday,3,10.5,
1866d32d-e162-4131-ab9f-47ae5706f530,4,AcIRu7,2020-11-07,2020,11,Saturday,1,3.5,
ad06b772-203e-4f23-bdfe-7d2b813d0e40,4,IWoDZ7,2020-11-07,2020,11,Saturday,1,3.5,
f4fdfb97-9d37-474d-aa82-d19e3399513e,4,IWoDZ7,2020-11-07,2020,11,Saturday,2,7.0,
86c22384-d657-4f56-8478-1940ed5dca31,4,9FFwEf,2020-11-07,2020,11,Saturday,2,7.0,
87d8f7e3-9057-4d1c-9aec-da4e0fb19db8,4,RZZSxq,2020-11-07,2020,11,Saturday,1,3.5,98395614-ad13-47e3-82c0-999d618cd2a8
39a3ca5b-1751-4284-a8d1-58836a843d2e,4,RZZSxq,2020-11-07,2020,11,Saturday,2,7.0,54c2f33c-ff98-4537-bd8e-a17e8942faf5
4e27f417-58de-4613-8a29-d389038afd2e,4,9FFwEf,2020-11-07,2020,11,Saturday,2,7.0,
03ea8e92-e312-43ca-9831-867734738c7e,4,V9hDyY,2020-11-07,2020,11,Saturday,1,3.5,
218eb02a-4d1a-4f14-a4d9-a9e063de4b87,4,iYvFyn,2020-11-07,2020,11,Saturday,3,10.5,413f2c9c-eeaf-4c9e-9170-1ac1510f49af
d845444a-db1f-4991-8196-818836a3949a,4,RZZSxq,2020-11-07,2020,11,Saturday,3,10.5,b0eb35f7-0be6-441b-bc00-8a668dc64666
5f3c91f6-6eaa-4427-b966-7ebc157c488c,4,V9hDyY,2020-11-07,2020,11,Saturday,1,3.5,
a2a4dccf-7173-474c-ba4f-90fd133157da,4,g0RPTY,2020-11-07,2020,11,Saturday,1,3.5,4d5134d1-2f06-4d63-8263-eec292d23312
f0511577-b2f1-42bd-b2c5-d761a412ccf9,4,pCjr1R,2020-11-07,2020,11,Saturday,2,7.0,
2d4f9908-ee99-4927-9eb1-4cb71a3ff549,4,J4fMRf,2020-11-08,2020,11,Sunday,3,10.5,
ce2fe17a-c006-497e-85d3-5cbc38c33159,4,LRN0uO,2020-11-08,2020,11,Sunday,3,10.5,
71ff8586-ecdb-4b56-b793-0ba438ad92da,4,g0RPTY,2020-11-08,2020,11,Sunday,1,3.5,
aa49d08f-e893-4c79-a09a-cff926423108,4,TwErrn,2020-11-08,2020,11,Sunday,3,10.5,9d4f62c7-e2cc-462b-8dec-5fbc785f2ff0
cc5b7aaf-9cfb-4583-802e-889ff80ec914,4,pCjr1R,2020-11-08,2020,11,Sunday,1,3.5,091fa45d-62fa-4533-9fc2-a2ca35a8db2a
e8262a6a-cc71-4039-bcc5-4e87c7057593,4,g0RPTY,2020-11-08,2020,11,Sunday,3,10.5,
ede6432b-787e-4949-a696-2770cbf3dfef,4,LRN0uO,2020-11-08,2020,11,Sunday,2,7.0,
f359ffc6-3152-4870-8e46-090075905729,4,LRN0uO,2020-11-08,2020,11,Sunday,2,7.0,dc1125e2-055b-4e66-8c5d-ac3f413f4479
ed844717-5252-402d-8d86-dd2ce6259368,4,iYvFyn,2020-11-08,2020,11,Sunday,1,3.5,caeb4e50-b7a8-4420-8760-d7cf4b570420
ea95a9d1-4d5c-4e8a-af81-2ce524de01a4,4,g0RPTY,2020-11-08,2020,11,Sunday,1,3.5,
eea43614-cf3d-45e1-a43f-1216e5978125,4,RZZSxq,2020-11-08,2020,11,Sunday,2,7.0,
48aa04cc-6b20-47a8-9b8a-bc2d8a84b6c7,4,HHY1ds,2020-11-08,2020,11,Sunday,1,3.5,9a3a571a-3078-4d6f-8f65-97299b970b9f
41e1317d-34f7-4398-a309-f407581c62d3,4,IWoDZ7,2020-11-08,2020,11,Sunday,2,7.0,
ec6b1330-ca7f-40cd-83af-951487c2a759,4,fvBBXY,2020-11-08,2020,11,Sunday,3,10.5,
3baf4221-e24a-4d0a-8935-e5f5b3a10c27,4,AcIRu7,2020-11-08,2020,11,Sunday,2,7.0,bf696cc7-47e6-4796-b202-25e5f6cb2f08
c57eb0d7-0d2f-44bf-a78f-ecc098eb25e2,4,YnyFQq,2020-11-08,2020,11,Sunday,3,10.5,97ad7cde-882f-4b35-b155-c1bc17834c22
5c2a1de5-5755-476c-9ab4-bf80e5a31fde,4,AcIRu7,2020-11-08,2020,11,Sunday,2,7.0,503cec84-9c67-4752-81c3-26a1276f91c9
7cc0dcbf-660e-49e9-a745-8dda8429704a,4,K8gkI8,2020-11-08,2020,11,Sunday,2,7.0,dbf11348-5740-4798-83eb-469a9560bec6
4ac30ccd-6424-44b0-846a-4830e1b93109,4,K8gkI8,2020-11-08,2020,11,Sunday,1,3.5,823a9443-ac0d-4efb-95e7-8bdce014738f
81ac245e-37dd-4c23-bca2-ca4d0e1d271b,4,XkiZ9D,2020-11-08,2020,11,Sunday,3,10.5,
afd5262a-1541-4c41-9b9b-a8117fe6e221,4,V9hDyY,2020-11-08,2020,11,Sunday,3,10.5,
53bd7155-e1fa-4a49-9d81-8762835f85a3,4,RZZSxq,2020-11-08,2020,11,Sunday,2,7.0,68b6c205-1a23-49fa-a960-d1df67800f0a
b6a507fe-60c1-488c-a129-07e3cf48eb69,4,AcIRu7,2020-11-08,2020,11,Sunday,3,10.5,4eb6dca4-2802-4d0e-805a-50aad8e75553
7c34a9dc-c635-4a40-aa9a-2d50bcf04542,4,TwErrn,2020-11-08,2020,11,Sunday,3,10.5,
3ce32ccc-6d6e-4702-ad6c-50703a4adc7b,4,K8gkI8,2020-11-08,2020,11,Sunday,3,10.5,
f4eb9b07-39f1-4207-9043-b6d2001553e3,4,fvBBXY,2020-11-08,2020,11,Sunday,2,7.0,41875687-b3a0-4ca3-88b9-107ab9e2dc96
b3608b08-ac5c-447c-8cc6-10fa042eb3af,4,TwErrn,2020-11-08,2020,11,Sunday,1,3.5,
b7f8b54d-c387-4093-8aac-58f088f43ec9,4,RZZSxq,2020-11-08,2020,11,Sunday,3,10.5,97ad7cde-882f-4b35-b155-c1bc17834c22
46054e22-2463-43a9-9cc6-3af676ae8407,4,iYvFyn,2020-11-08,2020,11,Sunday,2,7.0,caeb4e50-b7a8-4420-8760-d7cf4b570420
4c6674ff-27cb-4427-a134-8ec08e918a80,4,g0RPTY,2020-11-08,2020,11,Sunday,2,7.0,
5981e02f-d099-4d33-8aa5-f8afb2c1915e,4,HHY1ds,2020-11-08,2020,11,Sunday,2,7.0,
6bc58b90-3d4a-41ac-933f-11fffec4c83b,4,HHY1ds,2020-11-08,2020,11,Sunday,1,3.5,bb0cf9e0-c317-4001-b76e-47d525b74100
2c49b8bf-27ea-4e0c-ae2e-7d91aece34ea,4,RZZSxq,2020-11-08,2020,11,Sunday,2,7.0,
25f35ed9-f3a7-4b6e-b95a-20e9e7037ada,4,Xd4sZA,2020-11-08,2020,11,Sunday,2,7.0,
a2859434-4445-4abb-8e79-65627aa03c51,4,pCjr1R,2020-11-08,2020,11,Sunday,2,7.0,
009e5d8d-55cb-4ac8-b358-5d3efc5c2dbc,4,8CnCaM,2020-11-08,2020,11,Sunday,2,7.0,
2d8a0857-8756-4f17-bec5-667a2d026b48,4,1X3p2H,2020-11-08,2020,11,Sunday,3,10.5,
fdfd8edd-2833-45a0-a0f4-8d4f1e95d3cb,4,8CnCaM,2020-11-08,2020,11,Sunday,2,7.0,b1f27570-eee7-4e27-8e68-08e6a0ae674a
be856b1f-8aa3-4710-b881-7687b9c6f760,4,Xd4sZA,2020-11-08,2020,11,Sunday,2,7.0,
4278fd31-f52b-4992-a984-61f72c41e25c,4,J4fMRf,2020-11-08,2020,11,Sunday,1,3.5,
5641b281-1e93-412b-a004-8d1f8bd6a8e6,4,fvBBXY,2020-11-08,2020,11,Sunday,3,10.5,
ec631e1d-f6c3-4f24-bac8-387b2386c853,4,XkiZ9D,2020-11-08,2020,11,Sunday,2,7.0,
97e7532f-982d-4ea4-ba81-53ec3b29fea2,4,K8gkI8,2020-11-08,2020,11,Sunday,2,7.0,
62f29fac-4ad5-4307-a500-e4b2e650f0ef,4,IWoDZ7,2020-11-08,2020,11,Sunday,3,10.5,
929b51fc-3557-46d9-a5b2-168379633d81,4,8CnCaM,2020-11-08,2020,11,Sunday,3,10.5,
fd4217d6-067b-4410-8f2d-cd426c929a97,4,AcIRu7,2020-11-08,2020,11,Sunday,2,7.0,c59b5768-66d9-477c-aa15-6d68441a2420
534399cc-e1ac-42ae-bc2c-b41ca074b06b,4,IWoDZ7,2020-11-08,2020,11,Sunday,3,10.5,
7860b06c-9b18-424a-abd8-cdc15c4811af,4,QIb1Te,2020-11-08,2020,11,Sunday,2,7.0,
d4b5d663-eb5d-4a48-8d60-1cda69dd294c,4,IWoDZ7,2020-11-08,2020,11,Sunday,1,3.5,
d0741413-1fd8-4645-9123-5d76cb0bb2f6,4,IWoDZ7,2020-11-08,2020,11,Sunday,1,3.5,
8e0c0716-3a5a-46a4-8cd4-0b1db6da6912,4,fvBBXY,2020-11-08,2020,11,Sunday,3,10.5,
b18d1284-50a7-4a1b-9832-6b326cc45c89,4,V9hDyY,2020-11-08,2020,11,Sunday,1,3.5,48cabfc7-384a-4e63-965c-31995d58be55
57f99461-4051-4434-8e68-08be5ee65393,4,V9hDyY,2020-11-08,2020,11,Sunday,3,10.5,
a62d4dc9-bb61-4144-8565-16196956c53a,4,8CnCaM,2020-11-08,2020,11,Sunday,2,7.0,
da6f1326-e540-402c-8f54-28a0ef58b70e,4,8CnCaM,2020-11-08,2020,11,Sunday,2,7.0,
9b757391-3076-431c-9fb7-c654bf567028,4,XkiZ9D,2020-11-08,2020,11,Sunday,1,3.5,
16555a79-a0dc-4810-a6e2-96e637f964c5,4,8CnCaM,2020-11-08,2020,11,Sunday,1,3.5,
0eb0ce7e-e1a2-4748-b0dd-88e4ce4a4d08,4,LRN0uO,2020-11-08,2020,11,Sunday,3,10.5,1e50503a-5e78-4555-93d3-9a7d0fcbfa20
09be53f4-0a5d-45f8-b6bf-5e9299e6031b,4,HHY1ds,2020-11-08,2020,11,Sunday,2,7.0,
a614e9d6-1910-4caa-b3ca-d954c8ed0acf,4,J4fMRf,2020-11-08,2020,11,Sunday,2,7.0,48cabfc7-384a-4e63-965c-31995d58be55
3ce7e33a-1cbf-42e1-8614-25df078fad50,4,8CnCaM,2020-11-08,2020,11,Sunday,1,3.5,
51000c62-2e55-457f-bc59-36f6bbe8a040,4,IWoDZ7,2020-11-08,2020,11,Sunday,1,3.5,
afd56c02-74a0-4474-b0e7-457dd78673e7,4,fvBBXY,2020-11-08,2020,11,Sunday,2,7.0,
b6d363d0-ebdf-4659-a995-e8eb41c54da0,4,IWoDZ7,2020-11-08,2020,11,Sunday,1,3.5,220ccbee-70ff-479f-b49e-2d79b6f877cf
f387a63d-b899-4ff4-8dda-e1989ac5dfb4,4,TwErrn,2020-11-08,2020,11,Sunday,3,10.5,
e5cdf30f-75eb-4dcd-a792-5e074aafff03,4,TwErrn,2020-11-08,2020,11,Sunday,2,7.0,
9e23b9db-8ec2-4726-b351-790087786ec1,4,AcIRu7,2020-11-08,2020,11,Sunday,2,7.0,a2461689-37b8-4efa-91ba-013631f12a10
d4072b15-c7b7-43fc-a25e-250297e87aca,4,TwErrn,2020-11-08,2020,11,Sunday,2,7.0,
ec112fcb-f950-47c2-81e6-322ea5504280,4,pCjr1R,2020-11-08,2020,11,Sunday,2,7.0,3b509243-8181-49d2-9250-2d0ccb8461c3
c3acea80-8671-4889-8535-502867677bc3,4,XkiZ9D,2020-11-08,2020,11,Sunday,3,10.5,
d8b851dd-7671-454e-beaf-5a6b7b9fdff2,4,IWoDZ7,2020-11-08,2020,11,Sunday,3,10.5,
ce9c4c38-e2f5-43a5-abef-80b1fce436e8,4,g0RPTY,2020-11-08,2020,11,Sunday,2,7.0,
3061316e-9e0f-4028-b83f-71782af4f9b5,4,LRN0uO,2020-11-08,2020,11,Sunday,2,7.0,
eeecf43b-ea96-4869-bddc-d316332ba158,4,fvBBXY,2020-11-08,2020,11,Sunday,2,7.0,
cd278492-6f80-406b-8ae6-1dfb80344b88,4,RZZSxq,2020-11-09,2020,11,Monday,2,7.0,
efa0e48c-5eb2-4d4c-adf3-2eca845b796c,4,iYvFyn,2020-11-09,2020,11,Monday,2,7.0,f3970868-3c90-46d8-a20f-2390b8a7c8f2
1f9eff5b-f9e1-45e3-bb1e-b6bd370fa226,4,QIb1Te,2020-11-09,2020,11,Monday,3,10.5,
b70b2d9e-c00b-4e01-b4c7-aeb146001cd4,4,V9hDyY,2020-11-09,2020,11,Monday,2,7.0,
da3d0543-7fd2-4dc5-a716-afb728741b6a,4,9FFwEf,2020-11-09,2020,11,Monday,1,3.5,b838de81-e5d5-4653-a383-8d64b9a8914e
620363ec-6689-416a-88a7-2c94ccb339e2,4,9FFwEf,2020-11-09,2020,11,Monday,2,7.0,49285447-0ea3-4df0-99e3-0c5304ab0f58
4af6b078-7211-43cc-aa04-9bd9a6919d18,4,QIb1Te,2020-11-09,2020,11,Monday,1,3.5,
54be5642-e3d3-4410-aa5c-e8d0c879e52a,4,XkiZ9D,2020-11-09,2020,11,Monday,2,7.0,
15bfae86-7ca0-4709-abd9-644e5ece14f0,4,9FFwEf,2020-11-09,2020,11,Monday,1,3.5,2df4b7df-3344-4e69-83ab-33aabb8b6131
8448268b-f4e8-4fec-8006-f8ec5597c6e4,4,iYvFyn,2020-11-09,2020,11,Monday,2,7.0,
d317eec2-2bbb-4797-8bd7-6b92a59a37a5,4,iYvFyn,2020-11-09,2020,11,Monday,1,3.5,
93e0e50b-bfcb-4a35-89c2-1430ebe49029,4,fvBBXY,2020-11-09,2020,11,Monday,3,10.5,
13f53992-9c9d-49c0-befc-e97a72cae227,4,RZZSxq,2020-11-09,2020,11,Monday,1,3.5,
6e313b64-ac59-4be4-898c-a0a37dc0582a,4,RZZSxq,2020-11-09,2020,11,Monday,3,10.5,
732d0012-74a5-4873-b372-227bea94f121,4,K8gkI8,2020-11-09,2020,11,Monday,2,7.0,585ae186-7664-4f6d-a1d8-621d0b33a57c
b87345f9-3b58-47e3-962c-5afb7f92924f,4,J4fMRf,2020-11-09,2020,11,Monday,2,7.0,
24f26f65-3dce-4ee6-8e4b-12792c0ab41e,4,HHY1ds,2020-11-09,2020,11,Monday,3,10.5,
33fb0e45-c783-4d28-943d-0d5dfab141d5,4,XkiZ9D,2020-11-09,2020,11,Monday,2,7.0,b7be8719-d7cc-4c06-8bf6-d5bd0cc7df37
74a429b7-49ac-4b75-bb9d-da6edc465a18,4,K8gkI8,2020-11-09,2020,11,Monday,1,3.5,1282a692-b60a-468c-9e92-bc6d71a056ed
e3ffe1fc-f34c-438e-87a1-c3845f182d94,4,9FFwEf,2020-11-09,2020,11,Monday,3,10.5,
d6a71b18-8ce4-484a-806b-fc973967b60a,4,TwErrn,2020-11-09,2020,11,Monday,2,7.0,
1bcf4875-77b6-4330-820e-855f987d2167,4,1X3p2H,2020-11-09,2020,11,Monday,1,3.5,
de6ecb8c-0b98-4da4-b264-94abca8c643c,4,fvBBXY,2020-11-09,2020,11,Monday,1,3.5,
77d68039-05e6-442f-aefc-e8cafc795809,4,RZZSxq,2020-11-09,2020,11,Monday,1,3.5,62bdc5cf-1de2-438b-b406-35dedad24192
0466b8cb-46b2-4288-8b3e-cecb4a385cb7,4,RZZSxq,2020-11-09,2020,11,Monday,2,7.0,
c12cd3c9-05da-460c-9f50-bcb740e34c92,4,J4fMRf,2020-11-09,2020,11,Monday,2,7.0,7ff5b5dd-26fb-4f36-b734-caf92b4657fc
838999cb-f784-4083-9bc9-758e9b85c3b6,4,8CnCaM,2020-11-09,2020,11,Monday,1,3.5,
7acedead-d6b0-4569-ad43-3b469c50abb3,4,1X3p2H,2020-11-09,2020,11,Monday,2,7.0,
48bc9b41-969e-4811-89a3-3e14b59abc48,4,Xd4sZA,2020-11-09,2020,11,Monday,2,7.0,
63275ba0-67cb-46af-acb9-01d216718918,4,QIb1Te,2020-11-09,2020,11,Monday,2,7.0,
03e72cad-81c7-4684-bfe9-a3dcb081c567,4,RZZSxq,2020-11-09,2020,11,Monday,3,10.5,05bc364f-9163-4cce-8290-fbe64ea56e5b
afcc41f2-13ca-47db-a807-2e0033094eb5,4,RZZSxq,2020-11-09,2020,11,Monday,3,10.5,
93464852-2d7d-42e4-a689-63af3313e34e,4,8CnCaM,2020-11-09,2020,11,Monday,3,10.5,
187a80c8-ac4c-4350-a3ea-54b259eaa33e,4,YnyFQq,2020-11-09,2020,11,Monday,2,7.0,
6c552073-215c-42b5-8a12-518319119fe9,4,AcIRu7,2020-11-09,2020,11,Monday,3,10.5,
3ba8b649-479b-40f8-9745-f2f8a64427b2,4,pCjr1R,2020-11-09,2020,11,Monday,2,7.0,
980454ab-8033-4cec-bab2-c02ff5d61459,4,QIb1Te,2020-11-09,2020,11,Monday,3,10.5,
bc37e4b9-fa47-450e-a656-76c39f0057cd,4,iYvFyn,2020-11-09,2020,11,Monday,2,7.0,
1b0c7581-86c2-478c-a76e-6bb60b7eccfe,4,QIb1Te,2020-11-09,2020,11,Monday,2,7.0,
be380bfe-df46-43de-b1cb-e15b4ce61b48,4,QIb1Te,2020-11-09,2020,11,Monday,2,7.0,8682b298-cd41-4e28-88f5-efa1311efdfe
05ac74a6-f1b4-47e1-ba78-54d1c7d870d3,4,IWoDZ7,2020-11-09,2020,11,Monday,1,3.5,644b45e9-650a-45b4-8466-0021529cbb90
53515f15-6119-4417-9245-8f9575697006,4,g0RPTY,2020-11-09,2020,11,Monday,3,10.5,
1ef11fa8-742c-4398-a39b-21946f96095d,4,HHY1ds,2020-11-09,2020,11,Monday,3,10.5,639c17e3-0c72-47c6-9bdb-0f2ecc01c37f
3149aa5a-28f4-4f88-9ab3-5b262e00548a,4,QIb1Te,2020-11-09,2020,11,Monday,2,7.0,
e25862e0-b8e2-435d-becf-4f69a6c0b0a3,4,J4fMRf,2020-11-09,2020,11,Monday,3,10.5,
44f57809-df7a-4131-a9e1-9d2fd49db02a,4,J4fMRf,2020-11-09,2020,11,Monday,3,10.5,
07fd1294-4c1c-431d-86a8-165f7e7cae62,4,fvBBXY,2020-11-09,2020,11,Monday,1,3.5,
8e5faee4-4ac9-4f56-8b70-6008fd1478eb,4,J4fMRf,2020-11-09,2020,11,Monday,2,7.0,
b3ac5a8d-d1e4-4342-9992-8e530aa05a76,4,K8gkI8,2020-11-09,2020,11,Monday,2,7.0,0f7f5d2e-4280-4973-a9f5-cc2cd421d661
a80f4700-440b-44b6-bacf-37e157c0d6fc,4,RZZSxq,2020-11-09,2020,11,Monday,3,10.5,
226b2ba5-febb-4675-914a-043b9f358b85,4,TwErrn,2020-11-09,2020,11,Monday,2,7.0,76f9b9c5-dfdf-44bc-8b8d-46655197cb87
45cf5712-c1b5-4437-9358-150cf8f1c00e,4,fvBBXY,2020-11-09,2020,11,Monday,2,7.0,
1414c22d-759e-4444-840e-930bc02484c3,4,RZZSxq,2020-11-09,2020,11,Monday,2,7.0,
e13e483d-d9ab-412e-9ec7-155745d1d41c,4,YnyFQq,2020-11-09,2020,11,Monday,2,7.0,
2661f918-55d4-4367-9038-ed1603729a4f,4,8CnCaM,2020-11-09,2020,11,Monday,2,7.0,47dea8ae-0261-4a68-a357-76a7ed1e6d54
f14341d3-34a9-4992-95a5-7e651d43ab0d,4,9FFwEf,2020-11-09,2020,11,Monday,3,10.5,
22596170-c8f8-43bd-bf87-551a1ee869ea,4,RZZSxq,2020-11-09,2020,11,Monday,3,10.5,
fbf1f063-6491-40b1-a559-8c2f25b561ed,4,8CnCaM,2020-11-09,2020,11,Monday,1,3.5,ed050506-c8b3-4107-b4f4-61c0cc28ff0d
b15e2f20-0385-4b13-8721-9ccbe0f58671,4,K8gkI8,2020-11-09,2020,11,Monday,3,10.5,
5d95b096-a647-4a36-87a2-e0037e09fc7b,4,XkiZ9D,2020-11-09,2020,11,Monday,3,10.5,e47400f9-36e4-474e-a442-77feeff215f9
7eb40d45-9efd-4a63-a31e-7e6d53955f78,4,TwErrn,2020-11-09,2020,11,Monday,2,7.0,b838de81-e5d5-4653-a383-8d64b9a8914e
14cf6ec3-f018-4cf9-a296-222647cf8818,4,XkiZ9D,2020-11-09,2020,11,Monday,1,3.5,
e749fa3f-f223-44ad-be0a-643754ff5a0e,4,8CnCaM,2020-11-09,2020,11,Monday,2,7.0,
da447264-d157-4a69-a2b7-482c2930f84e,4,Xd4sZA,2020-11-09,2020,11,Monday,3,10.5,
8cd5eb8b-7db8-419a-98d5-d9e13906e25e,4,Xd4sZA,2020-11-09,2020,11,Monday,2,7.0,8d06dd34-a8bc-4e75-905b-38447644819e
9a702d2e-2ab4-4b95-b058-2504a3ec749a,4,HHY1ds,2020-11-09,2020,11,Monday,2,7.0,
cc617ec6-db6e-4bcb-b04c-df8843999d59,4,g0RPTY,2020-11-09,2020,11,Monday,2,7.0,
ca5b1357-49fb-44af-8b8a-bc768479eeae,4,pCjr1R,2020-11-09,2020,11,Monday,2,7.0,
463e4283-5c39-4e23-aa8e-96c4350b2fce,4,AcIRu7,2020-11-09,2020,11,Monday,2,7.0,
b43378c2-8d84-4d86-98cf-3059f8b50a8a,4,fvBBXY,2020-11-09,2020,11,Monday,3,10.5,8275b9f3-1623-43b8-b2f3-c7d7128df5eb
a000bf04-ddfd-4abf-835a-1972d0c4aa48,4,iYvFyn,2020-11-09,2020,11,Monday,3,10.5,
114aa1d6-110a-4590-834c-544c9708e493,4,AcIRu7,2020-11-09,2020,11,Monday,2,7.0,
ce9eb6b5-916f-4ba2-a1ab-5c584e2e1cbe,4,pCjr1R,2020-11-09,2020,11,Monday,2,7.0,
3232c7bd-8f23-4aba-9a0f-8fdaee6747b3,4,V9hDyY,2020-11-09,2020,11,Monday,2,7.0,
e449a9d2-3915-4556-8bf3-56f009c6c48b,4,HHY1ds,2020-11-09,2020,11,Monday,3,10.5,
032638c8-55bc-4fec-b15f-9deb571ad094,4,pCjr1R,2020-11-09,2020,11,Monday,3,10.5,
064fe6c9-68ae-4ac0-91d6-055622d433b9,4,LRN0uO,2020-11-09,2020,11,Monday,3,10.5,
666c511a-756f-456a-bea8-61ed20158126,4,HHY1ds,2020-11-09,2020,11,Monday,3,10.5,
5913e09d-d431-4d5a-91fe-f84ec1d90dcb,4,8CnCaM,2020-11-09,2020,11,Monday,2,7.0,
2129b065-32d1-4525-8334-a18e59cbd6be,4,8CnCaM,2020-11-09,2020,11,Monday,3,10.5,4bc892df-f1c6-412d-8ffc-ba4922bbddd2
96fa7c23-f421-45dd-b381-88e6fb03fc4c,4,HHY1ds,2020-11-09,2020,11,Monday,3,10.5,
23c1f7c5-a565-43e5-9c75-29c04c0486cb,4,QIb1Te,2020-11-09,2020,11,Monday,2,7.0,4a7bf947-f675-4f67-a4f7-da66b1a32be1
776f1cab-0803-44ee-8eb1-b3456ac4a6c1,4,YnyFQq,2020-11-09,2020,11,Monday,2,7.0,
1bac3db7-ba8d-42e3-8559-014f007280eb,4,RZZSxq,2020-11-09,2020,11,Monday,3,10.5,94f578db-8aef-463c-81ad-ff057caf89e0
9cda3935-5224-4379-aaeb-9b6623ad3b34,4,J4fMRf,2020-11-09,2020,11,Monday,2,7.0,
ad7b4657-6223-445c-8ee2-37016d14de69,4,LRN0uO,2020-11-09,2020,11,Monday,3,10.5,5780b162-a90b-4049-b898-d2952d9b8f88
fd8ecec8-7c67-4a16-b9c2-99c3b0858c5d,4,g0RPTY,2020-11-10,2020,11,Tuesday,3,10.5,3ee4b12b-d7b4-4a47-858f-860fa3a302ed
dfae5772-1e95-4fab-8d70-5eb2a86c89ac,4,Xd4sZA,2020-11-10,2020,11,Tuesday,1,3.5,
6d05ec3c-d108-40e9-8abb-549ecd0d7734,4,fvBBXY,2020-11-10,2020,11,Tuesday,2,7.0,
13710a0f-9ee3-47bc-a529-c9c6d870bd62,4,J4fMRf,2020-11-10,2020,11,Tuesday,2,7.0,
33a30ec7-bb5c-4ced-a7a0-2f36a8002d75,4,AcIRu7,2020-11-10,2020,11,Tuesday,2,7.0,c9df808c-b9d7-4435-85c7-3e37d8b5016f
c1e93938-e85b-4d83-a77e-6df89e981d18,4,9FFwEf,2020-11-10,2020,11,Tuesday,2,7.0,
50eb0492-66cb-426e-b441-6841f30f5816,4,1X3p2H,2020-11-10,2020,11,Tuesday,3,10.5,
e9e89df2-c30a-43d7-b8c0-afa9558e8194,4,fvBBXY,2020-11-10,2020,11,Tuesday,3,10.5,
8c95d2c6-92c3-4880-b691-0fa48e915935,4,IWoDZ7,2020-11-10,2020,11,Tuesday,1,3.5,
35188fab-6064-46ba-8b82-0989b78b433d,4,iYvFyn,2020-11-10,2020,11,Tuesday,1,3.5,
ebc2e43a-eeea-4d9c-9159-1387c3f551da,4,IWoDZ7,2020-11-10,2020,11,Tuesday,2,7.0,
dc8cb888-3fd1-4653-b53c-a332769d807f,4,HHY1ds,2020-11-10,2020,11,Tuesday,2,7.0,
a50c3547-27d9-4b89-9a52-9b276a88aeaa,4,fvBBXY,2020-11-10,2020,11,Tuesday,3,10.5,
f7d4fdb3-343c-4f97-9911-1d2767b9a6cd,4,XkiZ9D,2020-11-10,2020,11,Tuesday,3,10.5,
eee03379-4759-41ae-9f7d-9dfb87adfcdf,4,HHY1ds,2020-11-10,2020,11,Tuesday,3,10.5,
becf6c8f-eb81-491a-891a-c0559e05c491,4,fvBBXY,2020-11-10,2020,11,Tuesday,1,3.5,
f97a9b46-98f4-4500-86b9-b18b31a8db4a,4,g0RPTY,2020-11-10,2020,11,Tuesday,1,3.5,
c3af84ee-b005-475b-9427-c1f22f19ad74,4,g0RPTY,2020-11-10,2020,11,Tuesday,1,3.5,e760c2d0-2a0d-401f-b3e0-6dff7eb78a11
5b9367a2-e271-40c7-8a9b-723b40af521a,4,YnyFQq,2020-11-10,2020,11,Tuesday,2,7.0,
32aa0d85-baaf-4321-a6f6-863114ebe2ad,4,8CnCaM,2020-11-10,2020,11,Tuesday,2,7.0,
4735d60a-e13b-4d26-9a8b-4e90fc842dbd,4,IWoDZ7,2020-11-10,2020,11,Tuesday,2,7.0,585ae186-7664-4f6d-a1d8-621d0b33a57c
e597e610-4493-4038-868c-c1f7b204927d,4,1X3p2H,2020-11-10,2020,11,Tuesday,2,7.0,
2aa379bb-607b-4335-ae95-8aee4ac1b476,4,Xd4sZA,2020-11-10,2020,11,Tuesday,2,7.0,
4b3ea21b-e2ca-4e8f-b7f7-55ceda40f6eb,4,fvBBXY,2020-11-10,2020,11,Tuesday,3,10.5,
10b5f825-7f40-4391-9548-7f68aa0bc0cf,4,HHY1ds,2020-11-10,2020,11,Tuesday,1,3.5,
06e9cb56-fcac-40e9-9ec4-a714b9328950,4,LRN0uO,2020-11-10,2020,11,Tuesday,1,3.5,
385d90af-cbdf-4abd-a129-15cda780a0ea,4,9FFwEf,2020-11-10,2020,11,Tuesday,3,10.5,
1d58f465-f1c9-4891-90ff-2ffbc2425cae,4,1X3p2H,2020-11-10,2020,11,Tuesday,3,10.5,
5de06832-66dd-46b0-9f2e-be8244ed675d,4,Xd4sZA,2020-11-10,2020,11,Tuesday,1,3.5,
90044d3e-6088-49f1-8058-330983953645,4,XkiZ9D,2020-11-10,2020,11,Tuesday,2,7.0,
0ab9633a-19d3-4850-9e81-ec38f56a4848,4,IWoDZ7,2020-11-10,2020,11,Tuesday,3,10.5,
2594fa16-2a8d-443a-9f3f-85cc15f4f11c,4,QIb1Te,2020-11-10,2020,11,Tuesday,3,10.5,
aaa0afef-5164-4021-832a-b0a270d74896,4,IWoDZ7,2020-11-10,2020,11,Tuesday,1,3.5,
86381c65-9240-4f75-8991-e06c07def2c0,4,Xd4sZA,2020-11-10,2020,11,Tuesday,2,7.0,8c568e03-14ad-4973-bba1-46fffd8e1961
808ba1b4-be44-42ed-8530-1ff80b6846e1,4,J4fMRf,2020-11-10,2020,11,Tuesday,3,10.5,3844157a-114c-4cbc-968a-7c30f702f9a7
5b9ade6e-2f48-4daf-a22c-7e81ec7a1251,4,9FFwEf,2020-11-10,2020,11,Tuesday,1,3.5,091fa45d-62fa-4533-9fc2-a2ca35a8db2a
0419dd1f-831d-4f5a-81ea-ca3e16d8ff73,4,IWoDZ7,2020-11-10,2020,11,Tuesday,1,3.5,
e4207bd4-f00b-441f-8b56-5769b7c792e9,4,iYvFyn,2020-11-10,2020,11,Tuesday,3,10.5,
388a7f9f-3fca-4185-8393-bc7de65ad359,4,LRN0uO,2020-11-10,2020,11,Tuesday,3,10.5,
26ac43e6-cf5c-4bfa-8533-35d23e9e634b,4,YnyFQq,2020-11-10,2020,11,Tuesday,2,7.0,
689ddc11-58ec-414d-a819-d8e616de8618,4,9FFwEf,2020-11-10,2020,11,Tuesday,2,7.0,07326e55-8820-4c75-9a7e-9a782bf59a7c
437885f7-b724-4638-8543-d7d4d00802da,4,J4fMRf,2020-11-10,2020,11,Tuesday,2,7.0,
85164f1f-91a3-4cd0-a0f0-22102ad10a7f,4,QIb1Te,2020-11-10,2020,11,Tuesday,2,7.0,
701f64d2-8630-4a9d-927a-23bc4c2c4a56,4,K8gkI8,2020-11-10,2020,11,Tuesday,3,10.5,
bb831bb7-4627-4334-aed0-e261423a9b90,4,1X3p2H,2020-11-10,2020,11,Tuesday,2,7.0,97ad7cde-882f-4b35-b155-c1bc17834c22
9a44999a-80f0-4bc1-a093-2efc83a18e6d,4,HHY1ds,2020-11-10,2020,11,Tuesday,1,3.5,d045403b-05fc-45af-ad57-8e04b52ef4e8
ad80813a-45c6-4cb5-bc61-c53513a6a7c3,4,YnyFQq,2020-11-10,2020,11,Tuesday,2,7.0,
9e37bdbc-c8bb-4ceb-9308-30987c309162,4,pCjr1R,2020-11-10,2020,11,Tuesday,2,7.0,
d2fe1de7-155f-4059-927c-d7eb2c05c600,4,LRN0uO,2020-11-10,2020,11,Tuesday,2,7.0,
5ada8cc6-6d52-4d0c-956a-5cc8928864b5,4,TwErrn,2020-11-10,2020,11,Tuesday,1,3.5,fa972560-0f76-4cef-8f02-6f370e7a9544
8d8b88e8-150d-4650-853e-0eda9baae596,4,9FFwEf,2020-11-10,2020,11,Tuesday,1,3.5,
a6846790-bdd5-47bd-849f-a11b360f9eb0,4,fvBBXY,2020-11-10,2020,11,Tuesday,2,7.0,db2e9331-c037-4681-a06e-c49ee9735060
efe57c1c-8ebc-4262-9c9e-81c8d7f7d058,4,8CnCaM,2020-11-10,2020,11,Tuesday,2,7.0,
512ceffb-b435-417e-9d7e-7eec8dae7c72,4,YnyFQq,2020-11-10,2020,11,Tuesday,2,7.0,
268640e9-a172-4086-a73d-1bccf65e7ba9,4,J4fMRf,2020-11-10,2020,11,Tuesday,2,7.0,
dfd001af-3150-4655-a1c9-6c66a84fc2be,4,8CnCaM,2020-11-10,2020,11,Tuesday,2,7.0,
c2df8d8f-3e70-4264-aeda-06b8ab512419,4,QIb1Te,2020-11-10,2020,11,Tuesday,3,10.5,
bb53e587-d66e-4af7-afc6-c36b443ea80b,4,V9hDyY,2020-11-10,2020,11,Tuesday,3,10.5,
ce29237e-0308-4e97-b8ca-f458e55e0a38,4,pCjr1R,2020-11-10,2020,11,Tuesday,3,10.5,3174d3cd-da3c-40b7-96de-ea99f9162eda
cafbf48b-37b3-4765-bad3-1134a7653d20,4,XkiZ9D,2020-11-10,2020,11,Tuesday,2,7.0,
e1f50a5c-af60-4aae-b53e-1fa4b6b50dbf,4,LRN0uO,2020-11-10,2020,11,Tuesday,1,3.5,e760c2d0-2a0d-401f-b3e0-6dff7eb78a11
7380aa70-7893-4591-845b-501a89f57aaa,4,RZZSxq,2020-11-10,2020,11,Tuesday,2,7.0,
ddec7149-c792-47b4-8f3d-e2f6c486e479,4,fvBBXY,2020-11-10,2020,11,Tuesday,2,7.0,
7f81be83-6242-4d5e-be89-00caf8956d8e,4,V9hDyY,2020-11-10,2020,11,Tuesday,2,7.0,
8189ce99-42a6-4ef6-8a1c-642f70701d63,4,QIb1Te,2020-11-10,2020,11,Tuesday,3,10.5,
62ea9138-5189-452f-af5f-a591eaee8146,4,HHY1ds,2020-11-10,2020,11,Tuesday,1,3.5,
5c72a85c-5be2-477e-9155-ae3e763ccff7,4,iYvFyn,2020-11-10,2020,11,Tuesday,2,7.0,43e0cce2-3e42-49c3-9393-9809d329029a
e7354df4-7bbe-495b-86be-91d19b352d01,4,QIb1Te,2020-11-10,2020,11,Tuesday,3,10.5,
a4401d24-3da1-48d3-b027-e4fbfcaaf79c,4,HHY1ds,2020-11-10,2020,11,Tuesday,2,7.0,
480eb184-a756-4c14-998a-8a45e4cdb0ef,4,AcIRu7,2020-11-10,2020,11,Tuesday,1,3.5,
e49f90d9-d7fa-47ff-85b0-3564945d48c8,4,J4fMRf,2020-11-10,2020,11,Tuesday,2,7.0,
e4a76418-55e6-4a11-80ab-2c6a7418915c,4,RZZSxq,2020-11-10,2020,11,Tuesday,1,3.5,
8814c5a5-d6ad-414b-9a77-de4b240c611e,4,QIb1Te,2020-11-10,2020,11,Tuesday,2,7.0,
b193235a-94fd-4968-82e4-89dbee893c46,4,QIb1Te,2020-11-10,2020,11,Tuesday,1,3.5,
65484123-a707-4cd2-bf02-dcd73e11e787,4,J4fMRf,2020-11-10,2020,11,Tuesday,3,10.5,
d0269a51-87f9-49f3-8f80-fd0a41482061,4,pCjr1R,2020-11-10,2020,11,Tuesday,2,7.0,
5f565902-07ec-457c-82fc-01806936211f,4,pCjr1R,2020-11-10,2020,11,Tuesday,3,10.5,025d4384-9f20-43d5-8681-556f60219635
8ae1355f-7eaf-4f1e-8554-c5030e3d9dda,4,AcIRu7,2020-11-10,2020,11,Tuesday,2,7.0,1656b169-ab41-47ea-86ca-6529918933f1
a7c44a01-e8f3-4482-8b69-bd5e80f34f0c,4,g0RPTY,2020-11-10,2020,11,Tuesday,2,7.0,
3fdcb325-8e65-4e95-be97-755d28afed77,4,IWoDZ7,2020-11-10,2020,11,Tuesday,3,10.5,
ac00212c-8f31-47b2-a005-4fbc4fec8e5a,4,XkiZ9D,2020-11-10,2020,11,Tuesday,2,7.0,d084d4eb-9978-464e-8ef6-fad8f8e9536f
1e979e91-5125-4713-b2dd-a7091a35afad,4,TwErrn,2020-11-10,2020,11,Tuesday,2,7.0,5e1d69cf-4548-4c11-a711-d751fad6a8e8
39b76f73-ae50-487d-b417-5b36a0e7fe52,4,K8gkI8,2020-11-10,2020,11,Tuesday,2,7.0,8c568e03-14ad-4973-bba1-46fffd8e1961
d8f8efca-6240-426e-8427-9302ea4dbdcf,4,fvBBXY,2020-11-10,2020,11,Tuesday,2,7.0,
f8e6cb5d-5460-4e66-af2c-cfec29fe8019,4,RZZSxq,2020-11-10,2020,11,Tuesday,1,3.5,
27422f63-c08e-4120-9432-c4cce353e75e,4,RZZSxq,2020-11-11,2020,11,Wednesday,2,7.0,d5fe0da4-50b9-4d2b-a7b2-124ea8ef1dd0
bb46414a-e9e7-4e26-be4b-73920d70ef5e,4,RZZSxq,2020-11-11,2020,11,Wednesday,2,7.0,
8411b81f-77e7-4a04-ba2a-dded1541a65d,4,9FFwEf,2020-11-11,2020,11,Wednesday,1,3.5,
2ff389bb-a2e9-41e6-bfa8-9accee747c20,4,1X3p2H,2020-11-11,2020,11,Wednesday,1,3.5,bd50a55d-4742-4b83-bc7c-8abd95c8f86e
a6617f48-95e7-4218-9237-bf41ee80eadd,4,LRN0uO,2020-11-11,2020,11,Wednesday,2,7.0,a7fabe96-a2cb-48e7-b004-89ea784688ab
204e1221-b93b-45ca-8f58-3ed8af73c39b,4,9FFwEf,2020-11-11,2020,11,Wednesday,1,3.5,b18ca521-5b7b-4f8e-920b-ada6404e2be6
fdbf91e9-c675-45c5-b7e4-188247cfc99f,4,1X3p2H,2020-11-11,2020,11,Wednesday,2,7.0,
8517060a-ce6d-46ea-bb28-aa4f46a6d9ee,4,IWoDZ7,2020-11-11,2020,11,Wednesday,2,7.0,587f8f67-e282-4753-9f22-fc4e9ecd7990
70998d84-19f5-4847-b9ef-98ae1abde50f,4,1X3p2H,2020-11-11,2020,11,Wednesday,1,3.5,
0ebd3617-4e5f-477a-9383-e01a12648e32,4,iYvFyn,2020-11-11,2020,11,Wednesday,3,10.5,fa972560-0f76-4cef-8f02-6f370e7a9544
2f78a08d-7c5e-4e81-b1b6-c46e91c55750,4,1X3p2H,2020-11-11,2020,11,Wednesday,2,7.0,
b3e62c1a-3f41-4226-b728-7607290d716e,4,J4fMRf,2020-11-11,2020,11,Wednesday,3,10.5,
2404b4cc-b149-49bd-b963-454189e48e4c,4,AcIRu7,2020-11-11,2020,11,Wednesday,2,7.0,048e9595-17a8-41fc-80a6-06ca24ad196e
e3ef7879-da40-446a-a5f3-6a53d99ba122,4,Xd4sZA,2020-11-11,2020,11,Wednesday,2,7.0,
a5fb2496-28f6-4ff9-bf48-0ce6e17125aa,4,TwErrn,2020-11-11,2020,11,Wednesday,2,7.0,13dc425e-563d-4852-b2b7-2a09b94c7040
15bb61de-fa78-4c58-b3da-d9882cb7e566,4,LRN0uO,2020-11-11,2020,11,Wednesday,3,10.5,
0552dee7-a365-405e-81ed-d45c8a773236,4,V9hDyY,2020-11-11,2020,11,Wednesday,1,3.5,
4209401c-60e6-4a01-a50c-43d1d8f9e4e2,4,9FFwEf,2020-11-11,2020,11,Wednesday,2,7.0,1f2d862f-18f9-4c58-a4b3-45b3db796ad4
9ee0ec32-16f5-4c52-a0ea-bf3ad550f7dc,4,QIb1Te,2020-11-11,2020,11,Wednesday,2,7.0,
3ba093e3-164f-4e9a-bea7-b7eb50332d77,4,AcIRu7,2020-11-11,2020,11,Wednesday,2,7.0,
8a464f9c-131e-41b6-99e9-8b026282fdda,4,V9hDyY,2020-11-11,2020,11,Wednesday,2,7.0,33311a72-1547-4961-8674-78123e619fbb
30459227-fdc1-4a37-9dee-1611697b491a,4,9FFwEf,2020-11-11,2020,11,Wednesday,2,7.0,5e1d69cf-4548-4c11-a711-d751fad6a8e8
a0ed047e-d17f-49f5-90d2-1c4c6effd119,4,RZZSxq,2020-11-11,2020,11,Wednesday,2,7.0,2f92640a-aa6d-4be1-a6d6-f8278b75aa6c
ce158545-6574-4c01-bcbe-59647f8fd603,4,AcIRu7,2020-11-11,2020,11,Wednesday,2,7.0,
df3341d3-58f6-4a52-8cac-7f6ecf9ef12c,4,QIb1Te,2020-11-11,2020,11,Wednesday,2,7.0,8001fef8-78dd-4684-a5a1-d2cc89bd5d33
b11e5e2a-8a5d-4fdd-96ca-eabe33a0364b,4,8CnCaM,2020-11-11,2020,11,Wednesday,3,10.5,
7c505a10-48f1-4bc5-b5dd-2f3dbd18e680,4,YnyFQq,2020-11-11,2020,11,Wednesday,3,10.5,
a2038ca3-3393-43d7-956a-f17036c71006,4,LRN0uO,2020-11-11,2020,11,Wednesday,2,7.0,
10d192fe-2875-415f-8ecc-b54ec94081c3,4,K8gkI8,2020-11-11,2020,11,Wednesday,1,3.5,6b9f9a71-70d3-4b5f-9b01-ed609b79d287
e9cb30b6-4873-491c-bb38-19c502cf8a71,4,iYvFyn,2020-11-11,2020,11,Wednesday,1,3.5,d5fe0da4-50b9-4d2b-a7b2-124ea8ef1dd0
f308b116-ec35-497a-8593-665dfea9d15a,4,pCjr1R,2020-11-11,2020,11,Wednesday,1,3.5,
e28cdef7-6c62-4b97-903c-b3e3a96211e6,4,QIb1Te,2020-11-11,2020,11,Wednesday,2,7.0,3a2aa1d7-afcd-4437-9fec-1d7cda3faf1b
65ca8023-a322-49e2-8738-11a1a8c64375,4,J4fMRf,2020-11-11,2020,11,Wednesday,2,7.0,
8f3b5400-aeb7-45b4-b2f6-9a48d2906207,4,HHY1ds,2020-11-11,2020,11,Wednesday,2,7.0,
88e147f0-6d0b-459e-b8f1-aa65ce58e54f,4,K8gkI8,2020-11-11,2020,11,Wednesday,2,7.0,37cb3497-7618-4714-9354-68713e894f1b
8a8b74fe-1f10-4740-93f8-4c717d56aa0f,4,LRN0uO,2020-11-11,2020,11,Wednesday,2,7.0,
772286b8-56b8-46ee-9ae6-1339e4db89cd,4,8CnCaM,2020-11-11,2020,11,Wednesday,1,3.5,
9000cda2-6400-44a7-ada1-b3b7eb01c60c,4,RZZSxq,2020-11-11,2020,11,Wednesday,2,7.0,7ff5b5dd-26fb-4f36-b734-caf92b4657fc
beb028ed-5cc5-44dc-b8cf-574609e6de3e,4,QIb1Te,2020-11-11,2020,11,Wednesday,2,7.0,
bba6f4d2-a1a6-4090-bff2-0e9f5bf70961,4,HHY1ds,2020-11-11,2020,11,Wednesday,3,10.5,
b917f570-ab91-4f63-9f39-c767d68bb324,4,IWoDZ7,2020-11-11,2020,11,Wednesday,1,3.5,9a159fc2-25f6-4568-9170-6699d347fb53
b104c78b-08a3-40bf-b872-ab397dbe3079,4,AcIRu7,2020-11-11,2020,11,Wednesday,1,3.5,
8ba28457-cbef-4a66-9e62-7d63017b0897,4,RZZSxq,2020-11-11,2020,11,Wednesday,1,3.5,
b3e4dc8d-8c25-4ebb-b9de-4392e521af76,4,iYvFyn,2020-11-11,2020,11,Wednesday,3,10.5,
d9e1baa9-73de-457f-8ab1-cea1d9f52dde,4,TwErrn,2020-11-11,2020,11,Wednesday,2,7.0,f3970868-3c90-46d8-a20f-2390b8a7c8f2
70f2d615-f35d-4f6e-b4ad-9cde9bc4a276,4,iYvFyn,2020-11-11,2020,11,Wednesday,2,7.0,
f3217abf-83c8-431a-bd32-af5a3f1b3cee,4,IWoDZ7,2020-11-11,2020,11,Wednesday,3,10.5,
0a8a3214-47e1-4aea-9b63-fc8850a7a5ab,4,LRN0uO,2020-11-11,2020,11,Wednesday,2,7.0,
f1b46ac2-75e8-47fb-82a3-f2fd9a54de9d,4,9FFwEf,2020-11-11,2020,11,Wednesday,2,7.0,dbf11348-5740-4798-83eb-469a9560bec6
47e621db-adb0-4eb3-b7bc-388cbde1b5fe,4,AcIRu7,2020-11-11,2020,11,Wednesday,2,7.0,
e5a22cf6-e20c-4219-8e5d-a92f384e3cbe,4,fvBBXY,2020-11-11,2020,11,Wednesday,1,3.5,29c2faeb-982a-456e-96c0-a4bfd071435a
f88b9e91-eb18-45a8-8177-3f918cd7827a,4,V9hDyY,2020-11-11,2020,11,Wednesday,2,7.0,
dcb33f70-a2ae-45a7-afb3-5738b270177d,4,V9hDyY,2020-11-11,2020,11,Wednesday,3,10.5,
9b1866b7-b155-4da1-939a-b0a58a173730,4,TwErrn,2020-11-11,2020,11,Wednesday,2,7.0,33c44abb-b522-4163-8a0e-352dff24cd18
1d415926-30e6-486c-b631-fc54bcb9b6f9,4,9FFwEf,2020-11-11,2020,11,Wednesday,1,3.5,
40b4c9fe-fef9-4337-b07b-a3ad404a5a1b,4,9FFwEf,2020-11-11,2020,11,Wednesday,2,7.0,
e8e46a89-2d2b-4320-85c0-2cde5f5d4043,4,HHY1ds,2020-11-11,2020,11,Wednesday,2,7.0,
1d001039-2418-4387-868b-b20e6313f16d,4,AcIRu7,2020-11-11,2020,11,Wednesday,2,7.0,
9be91ed1-ad1d-4ecc-939e-4492724a281f,4,LRN0uO,2020-11-11,2020,11,Wednesday,1,3.5,86ced926-677f-40c7-8dae-7aaacf0feac7
9a63af00-8e2f-4b54-bc1f-08b5322819a6,4,8CnCaM,2020-11-11,2020,11,Wednesday,2,7.0,
41a0c0be-2887-4e5c-82fb-8a1fdbccd0af,4,LRN0uO,2020-11-11,2020,11,Wednesday,1,3.5,
d46edc57-e480-4305-8764-ed9f753208ce,4,HHY1ds,2020-11-11,2020,11,Wednesday,1,3.5,
eb0321ce-457d-4f2c-8454-b32bd231cf09,4,pCjr1R,2020-11-11,2020,11,Wednesday,3,10.5,
28fa202c-7b44-412d-ae37-d1d53a10c465,4,9FFwEf,2020-11-11,2020,11,Wednesday,1,3.5,18530746-778c-451a-bc0e-a1e7942d2ec2
236c8745-6d28-42e9-849d-009b3960d412,4,AcIRu7,2020-11-11,2020,11,Wednesday,2,7.0,
b6b781a2-9ffd-4f5b-9b9a-15fd2d84c08f,4,iYvFyn,2020-11-11,2020,11,Wednesday,2,7.0,
8da9a7dc-b706-4bfe-94e1-5e6c2cbe7862,4,K8gkI8,2020-11-11,2020,11,Wednesday,1,3.5,
3577ad3e-df6c-427c-8379-884d2fe25c4a,4,LRN0uO,2020-11-11,2020,11,Wednesday,2,7.0,
5ee3cd77-fb64-4eeb-868f-594093aae3a8,4,1X3p2H,2020-11-11,2020,11,Wednesday,2,7.0,
953cb189-bc76-49e9-8b26-fd1204562d87,4,TwErrn,2020-11-11,2020,11,Wednesday,2,7.0,bd1a9f56-31b7-47e8-91bc-f14430b9a604
ab6e1978-9e7f-495f-b130-b10cd5f0061e,4,K8gkI8,2020-11-11,2020,11,Wednesday,1,3.5,13dc425e-563d-4852-b2b7-2a09b94c7040
3d856303-2459-49de-9b2e-98715440c2a8,4,8CnCaM,2020-11-11,2020,11,Wednesday,3,10.5,
deb81d15-875d-4b7c-9043-04e33995ca59,4,Xd4sZA,2020-11-11,2020,11,Wednesday,2,7.0,
4c66d212-2c7a-4064-bf9e-51135865ef5f,4,iYvFyn,2020-11-11,2020,11,Wednesday,1,3.5,
5f756cce-0552-480a-9df1-258e463619fd,4,V9hDyY,2020-11-11,2020,11,Wednesday,3,10.5,
f52568a4-4fdb-45e1-86c9-2f52f7f9df24,4,XkiZ9D,2020-11-11,2020,11,Wednesday,3,10.5,
69704ad8-5929-4e79-9d1a-adac5b40404a,4,pCjr1R,2020-11-11,2020,11,Wednesday,2,7.0,
0dca3d17-d9c7-4372-8a4d-0739c76ca433,4,iYvFyn,2020-11-11,2020,11,Wednesday,2,7.0,c156afed-2a1a-4752-b30e-4fd66eba36d1
7fecf9b6-8ab7-4c14-aeb5-7f5c9a02de19,4,V9hDyY,2020-11-11,2020,11,Wednesday,2,7.0,
7bd1a90d-5e2a-4290-ad56-c13e07c561e2,4,iYvFyn,2020-11-11,2020,11,Wednesday,2,7.0,
909370ed-5579-4468-872d-108de553d8fb,4,HHY1ds,2020-11-11,2020,11,Wednesday,1,3.5,
bcc7e216-186e-4ef4-b3b1-724d200402c9,4,YnyFQq,2020-11-11,2020,11,Wednesday,2,7.0,
8c07fd32-ba0e-48b0-b309-260715e5c9cc,4,iYvFyn,2020-11-11,2020,11,Wednesday,2,7.0,
bfcf9d83-9cd4-4771-9743-09d2002d5c65,4,K8gkI8,2020-11-11,2020,11,Wednesday,2,7.0,
08ce884e-39e0-48a0-b752-338d37c92593,4,J4fMRf,2020-11-11,2020,11,Wednesday,3,10.5,955d03c6-b9d6-4aae-acb4-8a36f781e1da
ca8ae24a-9cba-44f2-b89b-d9217401aae1,4,TwErrn,2020-11-11,2020,11,Wednesday,3,10.5,
7ca32acf-4708-4965-9d4e-71a7155783bb,4,HHY1ds,2020-11-11,2020,11,Wednesday,1,3.5,a79c13e0-73e9-41b1-ac5e-4ed4a5fb83f9
2ec2d3f7-76c8-430b-b27d-d76b8a4c7187,4,TwErrn,2020-11-11,2020,11,Wednesday,2,7.0,
22253e31-147d-477a-a6f3-190d385f1443,4,IWoDZ7,2020-11-11,2020,11,Wednesday,1,3.5,ef5b667b-f24f-418f-939e-2b18ac75abdc
ee603ca6-3cae-4e61-b5b0-32736acd2149,4,TwErrn,2020-11-11,2020,11,Wednesday,2,7.0,
a97677b4-0f2a-438b-b236-440542d1e4dc,4,fvBBXY,2020-11-11,2020,11,Wednesday,2,7.0,
392f6778-d350-4387-a9c2-69bba5fbf249,4,AcIRu7,2020-11-11,2020,11,Wednesday,2,7.0,
0eb00e38-1c8e-4231-8b2e-f7cf301ce67a,4,9FFwEf,2020-11-11,2020,11,Wednesday,2,7.0,
1687584d-aa84-4ff9-a80b-0ff072138bda,4,V9hDyY,2020-11-11,2020,11,Wednesday,2,7.0,
41bdcf3c-4829-4220-a488-b1a1f2ae59d5,4,9FFwEf,2020-11-11,2020,11,Wednesday,2,7.0,4a7bf947-f675-4f67-a4f7-da66b1a32be1
dbcd8c7f-bde2-41f4-b739-e13403ed1a0c,4,fvBBXY,2020-11-11,2020,11,Wednesday,2,7.0,49285447-0ea3-4df0-99e3-0c5304ab0f58
334805cc-748f-431e-92ad-7323410f7674,4,Xd4sZA,2020-11-11,2020,11,Wednesday,3,10.5,
be17e82f-9e30-4493-96c2-e07882ff4814,4,8CnCaM,2020-11-11,2020,11,Wednesday,2,7.0,
6bb6c6a6-a08b-4438-8de9-8c3e47f03d1c,4,Xd4sZA,2020-11-11,2020,11,Wednesday,3,10.5,
772b44e0-3380-43f0-a2cd-d960bc07e2d7,4,8CnCaM,2020-11-11,2020,11,Wednesday,2,7.0,
0e230afe-599a-4628-b737-4a44d29851e7,4,fvBBXY,2020-11-11,2020,11,Wednesday,2,7.0,
b3bb105f-fcf4-4d39-917a-0cf0dc9d2a7b,4,LRN0uO,2020-11-11,2020,11,Wednesday,2,7.0,dbf11348-5740-4798-83eb-469a9560bec6
d0074b93-a29b-4130-ae2e-f44b54a0dc0a,4,g0RPTY,2020-11-11,2020,11,Wednesday,3,10.5,1b0a0912-1a4a-45a0-8fa2-78933c49a7a4
eba00939-6d1c-40dd-816a-d2bb714bb15e,4,K8gkI8,2020-11-12,2020,11,Thursday,2,7.0,
a6c8383d-2aa0-4bdf-b20d-5d0bf38544f3,4,IWoDZ7,2020-11-12,2020,11,Thursday,2,7.0,
2140a252-c6ae-475b-958c-a4c5258c1609,4,9FFwEf,2020-11-12,2020,11,Thursday,2,7.0,
bf13dc5c-6944-4d2e-87b4-db600bbc4c1f,4,pCjr1R,2020-11-12,2020,11,Thursday,3,10.5,4d5134d1-2f06-4d63-8263-eec292d23312
3e19db65-8ff1-4b0a-a65d-e0d5138238a3,4,XkiZ9D,2020-11-12,2020,11,Thursday,2,7.0,
d8252adc-6cef-41b3-8de3-a0fe1643a2df,4,Xd4sZA,2020-11-12,2020,11,Thursday,3,10.5,
81834115-8a46-4cff-9998-5f9456e986fe,4,RZZSxq,2020-11-12,2020,11,Thursday,2,7.0,
de0b7322-28ce-4e60-9970-eb54214db434,4,QIb1Te,2020-11-12,2020,11,Thursday,3,10.5,ea149788-2f86-4bd9-8df8-8f1e65a5237b
575328dc-9da2-4a48-9ccc-72d0bdb99a1a,4,1X3p2H,2020-11-12,2020,11,Thursday,2,7.0,
5a473522-8309-42ca-8065-cf126b9db46e,4,Xd4sZA,2020-11-12,2020,11,Thursday,2,7.0,
7bd98c0d-a87f-4c95-a442-c46cfea7094d,4,LRN0uO,2020-11-12,2020,11,Thursday,2,7.0,5602ac6c-b457-4267-af2d-12e131e14f95
8f7e85b7-987c-4bc2-abe0-dd4033c5a19e,4,pCjr1R,2020-11-12,2020,11,Thursday,3,10.5,
f0d00ced-4c4e-4944-9b65-8ac6fd29d497,4,9FFwEf,2020-11-12,2020,11,Thursday,3,10.5,
bbe0e754-caf0-4988-839a-b69650bbfd51,4,Xd4sZA,2020-11-12,2020,11,Thursday,1,3.5,
2af11112-4e35-4b47-a40d-a72da5283f04,4,IWoDZ7,2020-11-12,2020,11,Thursday,2,7.0,
16b4d061-b8fa-45d1-86a4-eaee49da5db7,4,QIb1Te,2020-11-12,2020,11,Thursday,1,3.5,
322ac65c-0f47-47c7-9913-cbbddcdfaa4c,4,8CnCaM,2020-11-12,2020,11,Thursday,2,7.0,
08239553-7ecb-4e64-89bc-ce998a4417d3,4,Xd4sZA,2020-11-12,2020,11,Thursday,2,7.0,
4bdb693f-ac67-462a-925c-46352b4f9976,4,RZZSxq,2020-11-12,2020,11,Thursday,3,10.5,6d695221-8bcc-4965-8172-8b4b283b54b5
b44b8f5e-41b8-4c38-a281-b7d0cb93e4f7,4,fvBBXY,2020-11-12,2020,11,Thursday,2,7.0,5d8bc7fb-98d4-4474-b7cc-d28d94497941
6efdfc72-5ea9-44c9-9d66-d9e05ff4b205,4,K8gkI8,2020-11-12,2020,11,Thursday,1,3.5,8d06dd34-a8bc-4e75-905b-38447644819e
40997af7-0a60-413c-b0d0-e6d071c784f1,4,HHY1ds,2020-11-12,2020,11,Thursday,1,3.5,db3ca581-a59b-4044-a71b-6376bd7072ee
5702c7bf-c11a-4894-9ccf-e5de082bd50d,4,g0RPTY,2020-11-12,2020,11,Thursday,1,3.5,7a359c55-7a89-45e1-b8c2-0bd5e3d7e997
0e4b7e68-bcc0-4a22-be71-8f4a4b2b309f,4,QIb1Te,2020-11-12,2020,11,Thursday,1,3.5,
39864ee3-e30e-4627-b1dd-bec829d657c9,4,9FFwEf,2020-11-12,2020,11,Thursday,2,7.0,
a2bbe358-d2cf-45ec-9762-8c4e4a1a56fb,4,8CnCaM,2020-11-12,2020,11,Thursday,2,7.0,
4c252a19-fffd-423f-bed0-24d54d6a15b8,4,TwErrn,2020-11-12,2020,11,Thursday,3,10.5,
8aef79fa-b95a-44cc-8a48-4c5f471c2088,4,XkiZ9D,2020-11-12,2020,11,Thursday,2,7.0,c9df808c-b9d7-4435-85c7-3e37d8b5016f
08a209c1-e4db-4eeb-b035-d9bca278621d,4,fvBBXY,2020-11-12,2020,11,Thursday,3,10.5,0b6ab923-0c50-458c-a04b-4cbaa4f1ae56
981ec429-09da-4e42-9068-fc349201178c,4,iYvFyn,2020-11-12,2020,11,Thursday,2,7.0,
b390e345-2fc6-4583-beac-9aa1da8a93f9,4,IWoDZ7,2020-11-12,2020,11,Thursday,3,10.5,
4c32aa59-2bd3-4916-aea1-9e627c18b891,4,IWoDZ7,2020-11-12,2020,11,Thursday,2,7.0,5af7924b-0487-49bf-8e32-794bf77e9bb1
7621da46-779a-4ecf-911b-97f4d93c513b,4,V9hDyY,2020-11-12,2020,11,Thursday,1,3.5,
9f484fe7-f58e-414f-86de-e2dcd8eb8fb3,4,g0RPTY,2020-11-12,2020,11,Thursday,2,7.0,
2ed79128-1854-46f9-97b8-06a2bad90fa5,4,V9hDyY,2020-11-12,2020,11,Thursday,3,10.5,766aaadc-cc74-4a3c-8ce6-5ef3a26d4665
0bc8abf4-9914-4f9a-a149-01f99b3c290c,4,8CnCaM,2020-11-12,2020,11,Thursday,2,7.0,8001fef8-78dd-4684-a5a1-d2cc89bd5d33
b007cccc-45cc-4f38-bf03-258111f0c5ea,4,8CnCaM,2020-11-12,2020,11,Thursday,2,7.0,
4f2511f1-31c4-49d4-a78c-3b67994ed8d9,4,g0RPTY,2020-11-12,2020,11,Thursday,2,7.0,097df1c8-9bca-4004-aeb6-cff30894909e
0d64af95-28e4-408f-8b76-0fef4f8b1665,4,YnyFQq,2020-11-12,2020,11,Thursday,2,7.0,
90b02ad3-2d37-4c8a-ac80-4121af2323b8,4,AcIRu7,2020-11-12,2020,11,Thursday,2,7.0,
c23e2f95-fb33-442a-8a71-33a0a53d5a5d,4,1X3p2H,2020-11-12,2020,11,Thursday,2,7.0,9ec00839-ed08-4b36-96f4-beca5bf0ab6f
951ef6cb-bef0-45c0-be69-b9ef14cd2088,4,9FFwEf,2020-11-12,2020,11,Thursday,2,7.0,
5925fd6c-b8ee-4500-9c18-cafc62479ef7,4,1X3p2H,2020-11-12,2020,11,Thursday,2,7.0,
6c9057a5-8da3-4a05-b8a8-8b6ec191754c,4,HHY1ds,2020-11-12,2020,11,Thursday,2,7.0,
86938e8f-1c4a-4091-80d4-81ffe767b17e,4,IWoDZ7,2020-11-12,2020,11,Thursday,2,7.0,
31cde9eb-f6ad-436f-9737-40b028d5dda1,4,1X3p2H,2020-11-12,2020,11,Thursday,1,3.5,
ffbe3dca-4ddd-40f0-aa33-e5ca13054b17,4,pCjr1R,2020-11-12,2020,11,Thursday,3,10.5,
6ef80d97-4d86-4a55-b02b-4e595ff66304,4,RZZSxq,2020-11-12,2020,11,Thursday,2,7.0,
2ec3530f-1d65-442f-9e05-8108bec6b836,4,IWoDZ7,2020-11-12,2020,11,Thursday,1,3.5,
bc88599a-dd77-4e37-bd12-00f8e8ecdc4e,4,iYvFyn,2020-11-12,2020,11,Thursday,2,7.0,
d69b50f5-e5ad-4c12-934c-e288eadad807,4,8CnCaM,2020-11-12,2020,11,Thursday,2,7.0,ae3314e8-98a0-4c08-8de4-4a46bbeced02
b229911e-38b1-4032-9f72-898d30422a49,4,LRN0uO,2020-11-12,2020,11,Thursday,2,7.0,
224f0d44-4659-48d2-8306-c43e5cff06f6,4,HHY1ds,2020-11-12,2020,11,Thursday,3,10.5,c59b5768-66d9-477c-aa15-6d68441a2420
7850387f-d625-4182-850f-065f62271924,4,pCjr1R,2020-11-12,2020,11,Thursday,3,10.5,
887a8d87-c206-4792-9fa5-109819ebdd64,4,RZZSxq,2020-11-12,2020,11,Thursday,2,7.0,
f09c9884-9854-47b6-ba95-80d02ee54b30,4,Xd4sZA,2020-11-12,2020,11,Thursday,2,7.0,
2c29bdc1-0f15-427c-a237-588d857c7542,4,QIb1Te,2020-11-12,2020,11,Thursday,1,3.5,
7e1f04d5-7eac-47cc-b2ee-db4d4b4694a2,4,9FFwEf,2020-11-12,2020,11,Thursday,2,7.0,
e0ad733e-db57-4f18-b488-86e6638dc4f4,4,iYvFyn,2020-11-12,2020,11,Thursday,3,10.5,
933ca568-8082-46c3-9ba3-066b8a9a53d2,4,IWoDZ7,2020-11-12,2020,11,Thursday,1,3.5,
4f7ecc68-2881-416d-851e-4857c55e90e5,4,pCjr1R,2020-11-12,2020,11,Thursday,2,7.0,
2dd5ab80-80c4-4d33-a4d6-0583c340a53e,4,QIb1Te,2020-11-12,2020,11,Thursday,2,7.0,
6bf6cf97-48e1-49d2-b5b3-a2618dca2ec8,4,J4fMRf,2020-11-12,2020,11,Thursday,3,10.5,
66de4523-1f5f-4890-b495-6a179e696051,4,XkiZ9D,2020-11-12,2020,11,Thursday,2,7.0,
9c0cb09b-c083-4855-b886-a16af45cf8f3,4,XkiZ9D,2020-11-12,2020,11,Thursday,1,3.5,
1a41f1e1-8ade-469a-8021-2b45134adf69,4,IWoDZ7,2020-11-12,2020,11,Thursday,1,3.5,b355813f-831d-4f72-8408-4d42562c3e34
cfab3271-815b-4a4b-96dd-2160b36e1010,4,Xd4sZA,2020-11-12,2020,11,Thursday,2,7.0,
95d7eeda-1448-4b1b-a6ac-66411f2b6d90,4,AcIRu7,2020-11-12,2020,11,Thursday,2,7.0,
e6ab9f30-7393-41a0-ba06-7548c7ed2e53,4,g0RPTY,2020-11-12,2020,11,Thursday,2,7.0,
8b8b3c63-7b7a-4203-a41f-a5709843ea96,4,8CnCaM,2020-11-12,2020,11,Thursday,3,10.5,
6a8ddefe-a206-41ef-87e8-6582e039f200,4,V9hDyY,2020-11-12,2020,11,Thursday,2,7.0,
03779b2a-fa6b-43ec-acc0-bcf8711cb9c4,4,Xd4sZA,2020-11-12,2020,11,Thursday,2,7.0,db4c39e2-5614-4fcf-8152-e37a6a8f4146
911ded13-d68f-48a0-a034-f4297265271e,4,V9hDyY,2020-11-12,2020,11,Thursday,2,7.0,
316f70d7-2285-49a0-84f6-054942e3958f,4,XkiZ9D,2020-11-12,2020,11,Thursday,2,7.0,6d695221-8bcc-4965-8172-8b4b283b54b5
20f57327-648b-458d-b267-b6bd2a65122f,4,pCjr1R,2020-11-13,2020,11,Friday,1,3.5,bf696cc7-47e6-4796-b202-25e5f6cb2f08
4207af0c-3ccb-4a84-a115-60bf3e11e9c4,4,Xd4sZA,2020-11-13,2020,11,Friday,1,3.5,dafd8819-1bf8-40d0-b829-149ab59dea42
2258c7ea-56e7-41ec-9548-f21e0620b342,4,K8gkI8,2020-11-13,2020,11,Friday,2,7.0,
b460f589-0000-4a29-8059-a8fc1b8a9a46,4,pCjr1R,2020-11-13,2020,11,Friday,1,3.5,
fd39c508-176a-4396-817e-3946d18a17b8,4,HHY1ds,2020-11-13,2020,11,Friday,2,7.0,
14742cc3-3519-4113-9340-fe626fe6a384,4,QIb1Te,2020-11-13,2020,11,Friday,2,7.0,e1d6f081-f72d-41e0-8d05-47f6df72b6de
895b9f83-524a-495f-acfc-7f8bdad38802,4,HHY1ds,2020-11-13,2020,11,Friday,3,10.5,dcdb286e-dce5-4c89-abdb-feb3d66e7bc9
ad6a5ae1-6f47-4e96-a3f0-4871b625ceec,4,IWoDZ7,2020-11-13,2020,11,Friday,2,7.0,
4bf0f9e3-7df8-4539-a646-fed72b38a802,4,iYvFyn,2020-11-13,2020,11,Friday,1,3.5,
71e90808-7218-4a84-b9dc-bda25da72fa7,4,V9hDyY,2020-11-13,2020,11,Friday,1,3.5,
b17e3eab-dc7e-4b0b-8480-2c9adb5a56b1,4,V9hDyY,2020-11-13,2020,11,Friday,1,3.5,
fe9870db-592f-46bc-8933-42f9b61dd591,4,LRN0uO,2020-11-13,2020,11,Friday,3,10.5,aae169e6-375a-4446-aaad-38ca7eb6d2c9
b044a045-ec2a-4d2c-8882-c3f279079f51,4,g0RPTY,2020-11-13,2020,11,Friday,3,10.5,
7e0b447d-11c5-44af-a5a8-fbcf65baeb01,4,AcIRu7,2020-11-13,2020,11,Friday,2,7.0,
aada5622-8add-4600-8adc-4778e7d024ba,4,AcIRu7,2020-11-13,2020,11,Friday,2,7.0,
8599a0dc-ec46-40b3-8c61-2351a71cfd5d,4,V9hDyY,2020-11-13,2020,11,Friday,1,3.5,
252f094d-bb9f-47f3-a86b-b16bde477799,4,XkiZ9D,2020-11-13,2020,11,Friday,1,3.5,
42b31923-fc65-4774-b15b-701255cf0e55,4,LRN0uO,2020-11-13,2020,11,Friday,1,3.5,
62e9bf12-3288-4949-849d-3110ef5f2524,4,QIb1Te,2020-11-13,2020,11,Friday,2,7.0,639c17e3-0c72-47c6-9bdb-0f2ecc01c37f
2d668eaa-d6b8-4fa3-b0f1-cda2ec7e83a5,4,YnyFQq,2020-11-13,2020,11,Friday,1,3.5,
e49bf422-8077-4cb6-900a-744368b55482,4,K8gkI8,2020-11-13,2020,11,Friday,1,3.5,
01b8a506-4564-4a3e-86f6-204a9094349e,4,HHY1ds,2020-11-13,2020,11,Friday,1,3.5,
7af99e39-8aba-4c41-90e3-8dad6e192e08,4,iYvFyn,2020-11-13,2020,11,Friday,1,3.5,
3746135a-dce9-4f22-8081-fa065258f9c3,4,1X3p2H,2020-11-13,2020,11,Friday,1,3.5,
b312b8c1-d70a-454a-9b63-3d8ef2579aa4,4,RZZSxq,2020-11-13,2020,11,Friday,3,10.5,
45989288-ddeb-4837-8655-6cc349ca3945,4,fvBBXY,2020-11-13,2020,11,Friday,3,10.5,68effe8f-4917-4e28-8c34-a16030a48045
aebd4f0c-3669-4c26-b731-9f56160a9de2,4,V9hDyY,2020-11-13,2020,11,Friday,1,3.5,
967d27f4-02a6-43fe-a7c1-68c68d2f27b7,4,XkiZ9D,2020-11-13,2020,11,Friday,2,7.0,
064db5f3-3b6f-4eac-9c0f-cd02b4709572,4,9FFwEf,2020-11-13,2020,11,Friday,1,3.5,
7a457805-6473-4fdd-a05c-92145e9704f4,4,1X3p2H,2020-11-13,2020,11,Friday,2,7.0,
00916dce-ee0b-496d-b30c-edf2a8d1a9a5,4,TwErrn,2020-11-13,2020,11,Friday,2,7.0,
db913bde-ebf7-4c2c-b8bf-ecc9a6eccdea,4,QIb1Te,2020-11-13,2020,11,Friday,2,7.0,
0dcbbc42-5531-4687-bb9f-eb0b71d8a3b0,4,V9hDyY,2020-11-13,2020,11,Friday,3,10.5,
762c9901-9199-4c23-84f3-2e1a7371c990,4,9FFwEf,2020-11-13,2020,11,Friday,1,3.5,
fe6d18ce-7e33-4c27-b314-3bff6f70b2f8,4,IWoDZ7,2020-11-13,2020,11,Friday,2,7.0,
287350a2-8dd9-427d-856b-3e061e8599ba,4,V9hDyY,2020-11-13,2020,11,Friday,3,10.5,
8cb73f89-08e2-48af-ab8e-b7b6eb1aa307,4,pCjr1R,2020-11-13,2020,11,Friday,1,3.5,b355813f-831d-4f72-8408-4d42562c3e34
962335f0-493c-41dc-a1b9-a96f9e149987,4,IWoDZ7,2020-11-13,2020,11,Friday,1,3.5,
ea1f8f7d-8494-40e3-acca-92de9be50b6d,4,RZZSxq,2020-11-13,2020,11,Friday,3,10.5,
898d8dd1-3dd0-437f-8a18-31f3a88bbd0e,4,g0RPTY,2020-11-13,2020,11,Friday,2,7.0,6416e346-698c-4251-8c25-4585f5053c7b
0e46f512-646a-4372-8e25-424677fddce0,4,LRN0uO,2020-11-13,2020,11,Friday,2,7.0,
3c86e941-89d7-494c-8450-9e1f92026753,4,TwErrn,2020-11-13,2020,11,Friday,2,7.0,
75cb943f-f5b9-4b29-83d6-e94306225575,4,V9hDyY,2020-11-13,2020,11,Friday,3,10.5,
77d20c81-88a7-4bf6-b69b-dab9b3372345,4,YnyFQq,2020-11-13,2020,11,Friday,2,7.0,
36fa87ff-0bc8-4d00-a2fb-80be4831d010,4,fvBBXY,2020-11-13,2020,11,Friday,1,3.5,b5c697f9-d444-4553-ba0d-894c4a28e8f3
b6a55be2-3675-44da-9413-d56943f9cd3c,4,fvBBXY,2020-11-13,2020,11,Friday,2,7.0,
96aae570-ed7a-4fd1-9ff4-7b36e51c4210,4,8CnCaM,2020-11-13,2020,11,Friday,2,7.0,bd50a55d-4742-4b83-bc7c-8abd95c8f86e
3686628a-36e9-463a-9cb2-b435981f7ba7,4,K8gkI8,2020-11-13,2020,11,Friday,2,7.0,
f3888abb-06b5-47a2-89d4-b8b1cdaf3b0f,4,YnyFQq,2020-11-13,2020,11,Friday,2,7.0,e9946638-1a80-418e-b2c6-92e88f30aa34
9ef8a9cf-386c-40ff-b30e-bf753cabc1ad,4,V9hDyY,2020-11-13,2020,11,Friday,1,3.5,222f8e67-db58-4358-95d3-bfe73b7d8031
cafa2b92-ef4e-4b98-bd78-c3563a218bcd,4,RZZSxq,2020-11-13,2020,11,Friday,2,7.0,
e9344599-2b76-4d32-9890-0ec04fca1a53,4,HHY1ds,2020-11-13,2020,11,Friday,3,10.5,8185202b-4706-452d-a20e-8f44bc4804d4
199b2af5-04bb-4f63-8441-5b8adc245af2,4,1X3p2H,2020-11-13,2020,11,Friday,2,7.0,
49e1717c-4ac2-404f-8942-4283ad50b9e1,4,V9hDyY,2020-11-13,2020,11,Friday,3,10.5,
151b4173-e0c5-4439-9068-727db9cf6da7,4,QIb1Te,2020-11-13,2020,11,Friday,3,10.5,
44fa5073-d861-44e0-95fb-3237265b0e72,4,fvBBXY,2020-11-13,2020,11,Friday,1,3.5,
9d3184f5-e4af-4ffb-9d1b-ecb4980376cd,4,AcIRu7,2020-11-13,2020,11,Friday,2,7.0,
5edda2c9-bbd5-4c85-a963-11395937743e,4,QIb1Te,2020-11-13,2020,11,Friday,2,7.0,3174d3cd-da3c-40b7-96de-ea99f9162eda
cc1016ab-b548-412a-989a-31693ffb230a,4,TwErrn,2020-11-13,2020,11,Friday,2,7.0,6d695221-8bcc-4965-8172-8b4b283b54b5
96a7b1e0-f334-4237-95f9-ff9752718c6b,4,pCjr1R,2020-11-13,2020,11,Friday,2,7.0,
28aac1a9-6d63-4e31-90c8-e2e52d8b2c76,4,1X3p2H,2020-11-13,2020,11,Friday,1,3.5,
fbb07886-c9d2-4992-bc3c-6d21b63bb6f0,4,iYvFyn,2020-11-13,2020,11,Friday,2,7.0,511ed47d-4be3-4a52-b7e5-49c7703a7006
3a8130f1-f235-470c-9762-c808cc13d01c,4,8CnCaM,2020-11-13,2020,11,Friday,1,3.5,
3e0d5499-a346-48e2-9183-028f55bfe2cc,4,HHY1ds,2020-11-13,2020,11,Friday,1,3.5,
44688574-a7ba-40a4-b327-37377d0141fa,4,IWoDZ7,2020-11-13,2020,11,Friday,1,3.5,
73b54fdd-8f89-40b2-aae5-b790af47a289,4,K8gkI8,2020-11-13,2020,11,Friday,1,3.5,
df20d766-be22-44fd-9135-1b391a16e828,4,V9hDyY,2020-11-13,2020,11,Friday,1,3.5,
f4fe11e9-b7eb-4107-8871-b2d3c2e13e54,4,QIb1Te,2020-11-13,2020,11,Friday,2,7.0,
cbd4f2fb-a8a5-4f2e-a3e0-a0cfa1e057c3,4,XkiZ9D,2020-11-13,2020,11,Friday,3,10.5,d288b0c7-040d-49dd-816e-2d8d1cca429a
efb11e28-09d7-4147-ae9e-09721c2c973e,4,iYvFyn,2020-11-13,2020,11,Friday,2,7.0,
0d2140c9-c8a3-4d23-a671-5b82fa289dd1,4,Xd4sZA,2020-11-13,2020,11,Friday,1,3.5,2e41a9a8-d523-470f-ac7f-15b32ab7644b
f121c1c9-1f12-40ae-8c4a-8b6d012affb4,4,V9hDyY,2020-11-13,2020,11,Friday,1,3.5,
ea0dc84d-2e87-4d95-949b-91d21ae8131d,4,HHY1ds,2020-11-13,2020,11,Friday,2,7.0,b355813f-831d-4f72-8408-4d42562c3e34
b07aa052-a58b-4892-90ca-13abc56a725e,4,XkiZ9D,2020-11-13,2020,11,Friday,2,7.0,
515e8871-d779-4b01-b86a-2dee02fca767,4,Xd4sZA,2020-11-13,2020,11,Friday,2,7.0,
136e357c-5282-4883-8dd8-60a709987204,4,RZZSxq,2020-11-13,2020,11,Friday,3,10.5,97ad7cde-882f-4b35-b155-c1bc17834c22
6d87f8ad-f922-4531-acde-a3be7b3cedf6,4,RZZSxq,2020-11-13,2020,11,Friday,3,10.5,
34d4f9a7-2bba-4c46-9be0-1b96912364d4,4,J4fMRf,2020-11-13,2020,11,Friday,2,7.0,
9e6396e8-ffc0-49b4-bc89-b3dd3cdaf7af,4,LRN0uO,2020-11-13,2020,11,Friday,1,3.5,
b3aa8e29-b003-4baa-929d-d99066e3306e,4,1X3p2H,2020-11-13,2020,11,Friday,2,7.0,63792dc8-8962-433d-aeb1-884e387d403c
09ff4487-d171-45e7-b6fd-0d681ab43159,4,g0RPTY,2020-11-13,2020,11,Friday,2,7.0,
b4948ab3-2124-42a1-9431-47c29a59d084,4,K8gkI8,2020-11-14,2020,11,Saturday,3,10.5,
9834934c-e21b-495e-a2d3-85420ad27c3f,4,J4fMRf,2020-11-14,2020,11,Saturday,2,7.0,
b8b3ce06-0850-411f-be2d-1ce113c87cc2,4,J4fMRf,2020-11-14,2020,11,Saturday,1,3.5,
c2db34a0-9903-4a3a-a417-9f1d6795c591,4,QIb1Te,2020-11-14,2020,11,Saturday,2,7.0,f79bfce9-1290-4719-b9e9-508a3d47d1ed
7e54e5f5-41c0-461c-a1c6-247432c11b42,4,1X3p2H,2020-11-14,2020,11,Saturday,3,10.5,
90c713b5-5bea-4a4f-9540-e311b9736b0a,4,RZZSxq,2020-11-14,2020,11,Saturday,1,3.5,7341c94d-ab5c-4974-b41c-062cf1da0647
1b47860b-6c6a-452d-8ee3-fa0ccfe21256,4,8CnCaM,2020-11-14,2020,11,Saturday,2,7.0,
f55c2182-ee52-43ad-933e-0e84783229fd,4,8CnCaM,2020-11-14,2020,11,Saturday,2,7.0,5d8bc7fb-98d4-4474-b7cc-d28d94497941
78019e78-bf48-4b12-b2a0-a17b45982409,4,TwErrn,2020-11-14,2020,11,Saturday,3,10.5,8d06dd34-a8bc-4e75-905b-38447644819e
ee1ec419-2b94-4bcb-9a1d-6b952e776192,4,RZZSxq,2020-11-14,2020,11,Saturday,3,10.5,
e30e7cad-0a35-4889-b21a-7ca39bcf4e4e,4,8CnCaM,2020-11-14,2020,11,Saturday,3,10.5,
9507d957-741c-4f72-9c66-005f4c0a08ec,4,K8gkI8,2020-11-14,2020,11,Saturday,1,3.5,6060bba8-1922-4bc8-a91b-6f8cd6497c90
7e40d408-59df-49fa-af07-493f59d068dc,4,RZZSxq,2020-11-14,2020,11,Saturday,2,7.0,
d2494f56-217c-4fad-80e1-548a79b2d2f7,4,g0RPTY,2020-11-14,2020,11,Saturday,1,3.5,
e25cc572-f329-464b-906c-7fff7a77cee0,4,J4fMRf,2020-11-14,2020,11,Saturday,2,7.0,9a159fc2-25f6-4568-9170-6699d347fb53
6ec9ee80-8559-42ed-ae13-aafa59a64175,4,J4fMRf,2020-11-14,2020,11,Saturday,3,10.5,9db5830f-36bd-4450-87bd-c754796a909e
dc4520b4-d783-4619-b06b-dd2ad7bb03d9,4,J4fMRf,2020-11-14,2020,11,Saturday,1,3.5,
11b5a0b2-a4e9-4645-a0ad-4f827f7827a5,4,J4fMRf,2020-11-14,2020,11,Saturday,2,7.0,
7214ead5-0436-4d65-94d9-539538cca7b5,4,IWoDZ7,2020-11-14,2020,11,Saturday,3,10.5,d045403b-05fc-45af-ad57-8e04b52ef4e8
64ab751f-bbcb-4f84-98d1-d2cdac9a4883,4,iYvFyn,2020-11-14,2020,11,Saturday,1,3.5,
1aba1376-ba06-4a93-80c1-7a12f8f629b0,4,fvBBXY,2020-11-14,2020,11,Saturday,2,7.0,aa1a664c-d8cc-4ebf-9a54-9aa43ee73e21
0fa7ba42-8ac9-4a4f-8c6d-54c0338b06b7,4,8CnCaM,2020-11-14,2020,11,Saturday,2,7.0,
bc2a3a0e-3f17-4d30-a73b-6c5ea2267ea8,4,8CnCaM,2020-11-14,2020,11,Saturday,2,7.0,
0deeb9f4-f3af-4900-bf03-681507ee0012,4,AcIRu7,2020-11-14,2020,11,Saturday,3,10.5,
c2110988-c7a5-4851-a135-f1eda7876d8d,4,AcIRu7,2020-11-14,2020,11,Saturday,2,7.0,
9ec6178a-39b0-45e6-a29e-bc386ef3f6ea,4,XkiZ9D,2020-11-14,2020,11,Saturday,2,7.0,
66393814-ad18-4170-9987-b09fa7caf498,4,AcIRu7,2020-11-14,2020,11,Saturday,1,3.5,
f2336f45-4d4c-4e87-a7d5-a3ca320d0b30,4,AcIRu7,2020-11-14,2020,11,Saturday,1,3.5,
14910cc5-d752-4189-8ed7-4f821b24724b,4,iYvFyn,2020-11-14,2020,11,Saturday,3,10.5,
860c55e7-6568-46f2-a5a7-aed176536862,4,fvBBXY,2020-11-14,2020,11,Saturday,3,10.5,
0013403c-bedb-4917-a79a-e42b352941b4,4,fvBBXY,2020-11-14,2020,11,Saturday,2,7.0,
0f4d46dc-61c4-4913-9a4a-35b5b4d1ff4f,4,1X3p2H,2020-11-14,2020,11,Saturday,1,3.5,
71e95222-d1b9-4873-b168-915a8421c568,4,8CnCaM,2020-11-14,2020,11,Saturday,2,7.0,
6a624e25-1668-4027-acd0-2e2714da5d98,4,QIb1Te,2020-11-14,2020,11,Saturday,2,7.0,
163b2d98-7aa1-429a-86d3-57edc393db40,4,9FFwEf,2020-11-14,2020,11,Saturday,3,10.5,
65a81921-8631-4ebc-8897-d366385ca3c4,4,J4fMRf,2020-11-14,2020,11,Saturday,3,10.5,
37ff8ff2-dd1c-46c6-938e-2f950e6e5921,4,1X3p2H,2020-11-14,2020,11,Saturday,2,7.0,
7453f9cf-a347-4f00-8b78-ad762fa38d45,4,YnyFQq,2020-11-14,2020,11,Saturday,3,10.5,4aefd4c5-e273-47fa-aeeb-0feb7c28c166
d2ce4e72-e484-4e1d-bfd6-11c8044d776d,4,J4fMRf,2020-11-14,2020,11,Saturday,3,10.5,
e81b709e-b9ef-4441-a918-a9a220722205,4,J4fMRf,2020-11-14,2020,11,Saturday,2,7.0,
47b3b004-35ce-4c8d-a43c-d51d43480b69,4,HHY1ds,2020-11-14,2020,11,Saturday,2,7.0,
2be20870-c80d-4553-acc1-e94a1bc80fe5,4,QIb1Te,2020-11-14,2020,11,Saturday,2,7.0,
dea7e6ae-5b19-42f8-a604-a9f7d35df3b1,4,QIb1Te,2020-11-14,2020,11,Saturday,2,7.0,
f5525d94-df73-4e13-a7de-26ef98de8c55,4,g0RPTY,2020-11-14,2020,11,Saturday,2,7.0,
29d69fdb-3fcd-45c6-9bf3-ad1a10798e63,4,LRN0uO,2020-11-14,2020,11,Saturday,1,3.5,
6e2590b0-53df-4840-8a72-1344d3bf1720,4,RZZSxq,2020-11-14,2020,11,Saturday,2,7.0,
ccbd9352-2275-4c22-915e-6a826e2080ee,4,XkiZ9D,2020-11-14,2020,11,Saturday,3,10.5,
f34a38df-6ddd-478c-a9d1-7f24198b422b,4,LRN0uO,2020-11-14,2020,11,Saturday,2,7.0,
28dad4b0-76da-4234-ac68-d693855b5ce2,4,IWoDZ7,2020-11-14,2020,11,Saturday,2,7.0,7aef7783-f30c-4f06-857e-384405b60b60
56f414f8-75c2-4086-9174-637d3275b58e,4,QIb1Te,2020-11-14,2020,11,Saturday,1,3.5,aa1a664c-d8cc-4ebf-9a54-9aa43ee73e21
7b0c9983-029f-4ab9-8f12-44c3071f4d91,4,QIb1Te,2020-11-14,2020,11,Saturday,2,7.0,
50f7b385-2e40-43bc-ae32-68e11f000cf5,4,g0RPTY,2020-11-14,2020,11,Saturday,2,7.0,
6449e340-6d05-471d-b886-b77055b48346,4,LRN0uO,2020-11-14,2020,11,Saturday,3,10.5,
801b14fc-e1eb-4509-a428-9901ea073b92,4,9FFwEf,2020-11-14,2020,11,Saturday,3,10.5,
ebf8396d-78b6-4cd8-b5ef-7bfa61f42cee,4,V9hDyY,2020-11-14,2020,11,Saturday,2,7.0,9549d222-45cf-4eba-8737-fe1e87d400d5
415c2b56-4871-4c45-b22c-ea49a2f7c1f8,4,IWoDZ7,2020-11-14,2020,11,Saturday,2,7.0,9c245285-3f6b-4b78-aed4-d683cd42d0a7
314a3305-c762-4268-aa67-af6df07d2be9,4,iYvFyn,2020-11-14,2020,11,Saturday,2,7.0,9d5a946d-d4bc-426c-b2c9-da3c468583e9
a3079f4b-ef42-4990-b5be-7612562cf167,4,IWoDZ7,2020-11-14,2020,11,Saturday,1,3.5,
d97fc123-d3a1-46e9-8212-dba51d195095,4,pCjr1R,2020-11-14,2020,11,Saturday,1,3.5,
e08ccc4d-49d9-4d99-8c32-011b7378b257,4,AcIRu7,2020-11-14,2020,11,Saturday,2,7.0,88c4cf15-9d67-4ee0-b908-830633b31b31
1dbfb1bc-9c70-43b6-88bd-f16cb3127a33,4,pCjr1R,2020-11-14,2020,11,Saturday,3,10.5,
871336d9-4398-48bb-a61b-6106723434f2,4,YnyFQq,2020-11-14,2020,11,Saturday,2,7.0,
21c45a83-b5aa-4cec-b4e7-ba27694f1a7f,4,pCjr1R,2020-11-14,2020,11,Saturday,2,7.0,
b2900454-b9ce-4c04-9ce5-e001d56d5153,4,8CnCaM,2020-11-14,2020,11,Saturday,1,3.5,
a4a00000-b57a-428d-b31f-068abea97df7,4,9FFwEf,2020-11-14,2020,11,Saturday,3,10.5,3ea82e3b-b6db-45eb-b759-4900a573b78a
0b2e26d7-4b29-4815-8049-7cd3570c81bc,4,TwErrn,2020-11-14,2020,11,Saturday,1,3.5,
1990d573-b1dc-40d0-a61e-78e3c376cd06,4,8CnCaM,2020-11-14,2020,11,Saturday,2,7.0,f79bfce9-1290-4719-b9e9-508a3d47d1ed
60c9e377-609f-405b-8c37-5ca76c3b1395,4,XkiZ9D,2020-11-14,2020,11,Saturday,2,7.0,
bc5c26e5-949c-4c7e-bed5-32220e02feb9,4,YnyFQq,2020-11-14,2020,11,Saturday,2,7.0,77d1d3e9-23f2-4e1c-ab60-fb6427929461
b7abb926-e4ea-4a55-92ac-bc73186c6a83,4,AcIRu7,2020-11-14,2020,11,Saturday,2,7.0,
5c521126-a236-4220-b5ad-eb1a751feb06,4,QIb1Te,2020-11-14,2020,11,Saturday,2,7.0,
5696a3b9-ea4f-485d-aef8-e15497cb3206,4,XkiZ9D,2020-11-14,2020,11,Saturday,2,7.0,
62445205-9350-4c86-b3e2-6d71469e320c,4,g0RPTY,2020-11-14,2020,11,Saturday,3,10.5,
af617709-0ac2-42bb-86c1-92163a5a7baf,4,LRN0uO,2020-11-15,2020,11,Sunday,1,3.5,
e136c025-d284-4106-a541-7032bcd4ed4d,4,YnyFQq,2020-11-15,2020,11,Sunday,2,7.0,
d7c6f842-8f33-4a40-8b0b-a63567b382fb,4,1X3p2H,2020-11-15,2020,11,Sunday,1,3.5,
8ccbeb8f-b381-4950-b3f6-f3095404cc43,4,9FFwEf,2020-11-15,2020,11,Sunday,3,10.5,
1d7593b7-2557-4f32-b577-684cbe28369f,4,fvBBXY,2020-11-15,2020,11,Sunday,2,7.0,
b9953b91-77e0-4984-b9ee-3c688dee5301,4,TwErrn,2020-11-15,2020,11,Sunday,3,10.5,
e5e93ab0-5d42-4e16-b92d-a67ff35b6a51,4,XkiZ9D,2020-11-15,2020,11,Sunday,2,7.0,
ec989e6c-ad5f-4f78-8744-711402c4bd59,4,V9hDyY,2020-11-15,2020,11,Sunday,2,7.0,
5bff770e-4bdf-4e70-9f66-09348184d5fc,4,V9hDyY,2020-11-15,2020,11,Sunday,2,7.0,78cf43f3-f011-47ec-bf94-29999cdbd4d7
b324fc33-fa8c-4d94-9040-6059d93bffbd,4,AcIRu7,2020-11-15,2020,11,Sunday,2,7.0,
02102bfd-85d6-4ebc-958d-0e2179320e45,4,fvBBXY,2020-11-15,2020,11,Sunday,2,7.0,
6c51a1f0-7336-4fe6-be58-ac0002adb0c3,4,XkiZ9D,2020-11-15,2020,11,Sunday,3,10.5,ed050506-c8b3-4107-b4f4-61c0cc28ff0d
96f98d02-da44-4a52-a089-63d150eeb75b,4,LRN0uO,2020-11-15,2020,11,Sunday,1,3.5,
aa615ba3-fb0f-4fc9-a8b8-b83f20ebcb1f,4,J4fMRf,2020-11-15,2020,11,Sunday,2,7.0,
11441ef6-7208-4a15-8909-2a3f11c83311,4,K8gkI8,2020-11-15,2020,11,Sunday,1,3.5,
27dbc3cc-8a40-4f98-b26c-16ac65e5ebd1,4,8CnCaM,2020-11-15,2020,11,Sunday,2,7.0,7c54fc75-a47c-4c5f-94e1-e3fed5fa79a3
206ec565-a604-4550-86a6-ea385589bb7b,4,fvBBXY,2020-11-15,2020,11,Sunday,3,10.5,
b6a26341-3c62-4287-b71e-b0a5f8a14f57,4,Xd4sZA,2020-11-15,2020,11,Sunday,2,7.0,
1cb8cc65-43b0-4b00-8a76-6bf74d7e9546,4,LRN0uO,2020-11-15,2020,11,Sunday,2,7.0,8273b0f0-7a32-4583-8c5d-8a37290787dd
5664a86a-b323-4a05-8d99-ae855518316d,4,XkiZ9D,2020-11-15,2020,11,Sunday,1,3.5,
4a2e579b-e839-49ef-b1e1-c4dcf39be205,4,J4fMRf,2020-11-15,2020,11,Sunday,1,3.5,
462848c1-dedf-49a1-9059-d72b13499c92,4,XkiZ9D,2020-11-15,2020,11,Sunday,1,3.5,
7c8f43c3-3ab8-4185-aebe-02a4f82f3f91,4,J4fMRf,2020-11-15,2020,11,Sunday,2,7.0,
5762f9b7-4007-44ab-8139-4788498b7bff,4,fvBBXY,2020-11-15,2020,11,Sunday,3,10.5,
4ac3b19c-cd9b-452b-9c44-b6488f756827,4,8CnCaM,2020-11-15,2020,11,Sunday,1,3.5,
605baea5-34f9-47de-bab9-da89c3b42016,4,LRN0uO,2020-11-15,2020,11,Sunday,1,3.5,
8c59bb48-aaac-414d-a281-cd154b023bc1,4,XkiZ9D,2020-11-15,2020,11,Sunday,2,7.0,
0224b945-7478-437c-83e1-2ea047887447,4,K8gkI8,2020-11-15,2020,11,Sunday,1,3.5,0fe15ff1-b29d-4991-b603-5a424e690a79
e4fedc32-0722-4f03-b8f1-6f43a53d34bb,4,9FFwEf,2020-11-15,2020,11,Sunday,3,10.5,
063e9995-0aa6-4715-83d9-882a20260cb0,4,LRN0uO,2020-11-15,2020,11,Sunday,3,10.5,
ac8437ff-9301-42b8-9d7c-4cba7b4dce8f,4,g0RPTY,2020-11-15,2020,11,Sunday,2,7.0,dbf11348-5740-4798-83eb-469a9560bec6
a1747114-e85d-4a15-9678-38b1795d1e56,4,Xd4sZA,2020-11-15,2020,11,Sunday,1,3.5,
56cf3ea8-1bf6-45ad-ab80-cdd6c68d4be2,4,XkiZ9D,2020-11-15,2020,11,Sunday,2,7.0,
cf6cdfd5-6456-4bd8-b3aa-9960de11bcef,4,V9hDyY,2020-11-15,2020,11,Sunday,2,7.0,
2c22d1c2-0fa5-4201-82fb-7dfc19f925e6,4,g0RPTY,2020-11-15,2020,11,Sunday,2,7.0,
e790034a-2292-4f6c-8f9e-6a157afff25c,4,XkiZ9D,2020-11-15,2020,11,Sunday,3,10.5,220ccbee-70ff-479f-b49e-2d79b6f877cf
8aaa6437-6de3-446e-ad6b-fd77749ca5e7,4,XkiZ9D,2020-11-15,2020,11,Sunday,3,10.5,
72de4c03-834b-479f-bd4b-79eb8de76a8d,4,AcIRu7,2020-11-15,2020,11,Sunday,3,10.5,
1206a3ca-2fe5-4dbf-8f22-9aeef18f7663,4,Xd4sZA,2020-11-15,2020,11,Sunday,2,7.0,37cb3497-7618-4714-9354-68713e894f1b
1f7c07f6-535e-488a-a73b-3c465f941e1b,4,IWoDZ7,2020-11-15,2020,11,Sunday,1,3.5,
7f9ba4c7-979f-4fd6-8f6f-0e3078aedf03,4,HHY1ds,2020-11-15,2020,11,Sunday,2,7.0,43e0cce2-3e42-49c3-9393-9809d329029a
504a3f6f-189c-4067-b01c-55f75a9430b4,4,1X3p2H,2020-11-15,2020,11,Sunday,3,10.5,61d0c3fc-28ce-49a7-acca-d6ee69254fb7
61122990-98cb-488b-9b97-5ec4bcaf32f9,4,K8gkI8,2020-11-15,2020,11,Sunday,2,7.0,
e08aa4f9-e33b-4d87-85b5-9d80d3644ddb,4,QIb1Te,2020-11-15,2020,11,Sunday,2,7.0,b838de81-e5d5-4653-a383-8d64b9a8914e
793890ff-f4c6-42db-9b75-7d8a3d2a97be,4,K8gkI8,2020-11-15,2020,11,Sunday,3,10.5,
e58eb6a8-1a71-4df8-a26b-3b1b06e795b4,4,K8gkI8,2020-11-15,2020,11,Sunday,3,10.5,
ecde6db0-ca52-4c17-a571-87a8aa67d4d3,4,YnyFQq,2020-11-15,2020,11,Sunday,2,7.0,068fe63d-3ac8-4b1d-94cc-d8f6cf8185f6
9409934e-b0f2-41d0-bdac-6cda6e012814,4,RZZSxq,2020-11-15,2020,11,Sunday,1,3.5,
4901f214-e60b-4712-8fb1-cf2e1a3e407e,4,QIb1Te,2020-11-15,2020,11,Sunday,3,10.5,32ad9ccc-601f-45a6-bfaf-47ca2008fd7f
6fe2483a-3275-436a-a5ed-f6deecfb0ccd,4,IWoDZ7,2020-11-15,2020,11,Sunday,1,3.5,
a1bb0fb2-8f1d-42a0-b56b-7998a4aa8467,4,AcIRu7,2020-11-15,2020,11,Sunday,3,10.5,
29f5bde1-ab82-4692-a7eb-93ffa78f477e,4,HHY1ds,2020-11-15,2020,11,Sunday,2,7.0,
0b1086e0-77be-4eb3-9606-3ffcbfcad94d,4,V9hDyY,2020-11-15,2020,11,Sunday,2,7.0,
33d61374-7c3a-4c3f-9d38-f261416ea4fb,4,pCjr1R,2020-11-15,2020,11,Sunday,2,7.0,
2f654f63-3281-4077-be0b-55a2928538f5,4,V9hDyY,2020-11-15,2020,11,Sunday,2,7.0,
1b0d0d16-a8c3-41ce-9f61-528d2a2e7da5,4,K8gkI8,2020-11-15,2020,11,Sunday,3,10.5,49285447-0ea3-4df0-99e3-0c5304ab0f58
887d30d4-d6d0-4365-bd5c-b88749f069dc,4,9FFwEf,2020-11-15,2020,11,Sunday,3,10.5,
22a4d57d-151f-4a6a-bab7-9cc5e402e68c,4,Xd4sZA,2020-11-15,2020,11,Sunday,1,3.5,
e2e4f850-0765-4881-9f29-77568e783e17,4,QIb1Te,2020-11-15,2020,11,Sunday,2,7.0,
9829dd20-8571-4a7c-bb81-3facdee8c77c,4,K8gkI8,2020-11-15,2020,11,Sunday,2,7.0,
047214ad-e173-4e45-986b-99d428bbcff8,4,RZZSxq,2020-11-15,2020,11,Sunday,3,10.5,
e9f0ae7e-463b-4a68-8884-d0f3ae65e4fd,4,fvBBXY,2020-11-15,2020,11,Sunday,2,7.0,
520bcd1c-f043-4a60-910f-a2b94c2c1b69,4,Xd4sZA,2020-11-15,2020,11,Sunday,3,10.5,
1ad053ea-51bc-4a7d-b9d2-ee48244c2ee5,4,RZZSxq,2020-11-15,2020,11,Sunday,2,7.0,bd1a9f56-31b7-47e8-91bc-f14430b9a604
3d2a6af6-0566-46a6-8feb-3f258ac46142,4,g0RPTY,2020-11-15,2020,11,Sunday,2,7.0,
893e8f02-7685-4dfc-972a-403ffff8d1f0,4,XkiZ9D,2020-11-15,2020,11,Sunday,2,7.0,
cfc3d831-545a-4205-a8be-a21a69c465bd,4,8CnCaM,2020-11-15,2020,11,Sunday,1,3.5,
eef84740-bfb9-4533-9d16-880cdd827fa0,4,QIb1Te,2020-11-15,2020,11,Sunday,3,10.5,
44cd9c47-acad-44c0-9f7a-c356a759072e,4,QIb1Te,2020-11-15,2020,11,Sunday,3,10.5,
dac3239f-796f-464f-acfb-ade411fe47eb,4,1X3p2H,2020-11-15,2020,11,Sunday,2,7.0,091fa45d-62fa-4533-9fc2-a2ca35a8db2a
673df891-324b-4bd4-894c-cde4c4e28b1e,4,IWoDZ7,2020-11-15,2020,11,Sunday,2,7.0,
3e24c779-d1b2-407f-93a1-9df711c9f2a4,4,1X3p2H,2020-11-15,2020,11,Sunday,3,10.5,
53956f7d-566b-4487-9e78-6c7427127ea0,4,pCjr1R,2020-11-15,2020,11,Sunday,2,7.0,
cdb87676-95a2-487c-a066-0fcf6491b968,4,Xd4sZA,2020-11-15,2020,11,Sunday,2,7.0,
743f1676-37f5-4487-a3f2-14868f78aaef,4,9FFwEf,2020-11-15,2020,11,Sunday,1,3.5,
8bbb417a-8ad6-4b18-b1b9-930425d661a6,4,J4fMRf,2020-11-15,2020,11,Sunday,3,10.5,199a4e94-bc7e-4d33-9d99-4934f4d3fb95
a5d23e4f-0911-4c21-a9f4-37ba8d8a0f33,4,RZZSxq,2020-11-15,2020,11,Sunday,2,7.0,
a9d65dea-7359-4099-832e-44af2e023135,4,QIb1Te,2020-11-15,2020,11,Sunday,2,7.0,
9617b050-2d38-40dc-be4f-a39b9a34fc59,4,IWoDZ7,2020-11-15,2020,11,Sunday,3,10.5,6602f38b-51f4-4597-978d-088936a2f80a
cd755633-94a4-455d-b148-2bcea0449374,4,iYvFyn,2020-11-15,2020,11,Sunday,2,7.0,
626909b5-ab46-423a-bff5-45b2f1a74349,4,9FFwEf,2020-11-15,2020,11,Sunday,2,7.0,
416cd526-f7a4-41fd-b5bc-10aac2f36aab,4,AcIRu7,2020-11-15,2020,11,Sunday,2,7.0,
86d6b7e3-dbcf-4efb-8c5d-0c4c29b99c3e,4,HHY1ds,2020-11-15,2020,11,Sunday,2,7.0,97ad7cde-882f-4b35-b155-c1bc17834c22
d0ffa75c-7eb1-4c8d-84b4-f72ce06fe7e3,4,HHY1ds,2020-11-15,2020,11,Sunday,1,3.5,
40418f19-44b9-47e0-a9f9-49aeac6793fe,4,AcIRu7,2020-11-15,2020,11,Sunday,2,7.0,
2159666f-37af-4327-8276-ad44bc0eea76,4,AcIRu7,2020-11-15,2020,11,Sunday,2,7.0,
3f38a372-7a03-4ac7-8548-93a9d7f61335,4,HHY1ds,2020-11-15,2020,11,Sunday,2,7.0,
3a509297-a93d-4695-92d6-69277a50ff89,4,AcIRu7,2020-11-15,2020,11,Sunday,1,3.5,
ad6e8142-1c76-4b1d-b4d8-9b2601adeee9,4,J4fMRf,2020-11-15,2020,11,Sunday,2,7.0,
dcd8ac7c-43f8-4180-9605-36603b47a94a,4,XkiZ9D,2020-11-15,2020,11,Sunday,3,10.5,
a377d4a0-deb1-4589-830d-afcf6618c69f,4,8CnCaM,2020-11-16,2020,11,Monday,1,3.5,
60799f43-1d40-4aaa-bd31-c6219fb0cf34,4,V9hDyY,2020-11-16,2020,11,Monday,1,3.5,dcdb286e-dce5-4c89-abdb-feb3d66e7bc9
b41c9b89-70e9-40c0-9e68-54acfa92b8b6,4,XkiZ9D,2020-11-16,2020,11,Monday,2,7.0,
4625903f-7b2c-457a-9947-ce6266f25675,4,RZZSxq,2020-11-16,2020,11,Monday,2,7.0,
e48b9b55-f844-4774-8afe-34f19d33f993,4,fvBBXY,2020-11-16,2020,11,Monday,1,3.5,
dac916a5-1a48-4a03-8c55-6278604daed1,4,fvBBXY,2020-11-16,2020,11,Monday,2,7.0,
6c4b3dfe-c87d-490e-96f3-48eaf9e42450,4,fvBBXY,2020-11-16,2020,11,Monday,3,10.5,97ecb963-546c-486e-b147-cef5cf3f8031
1958ceee-d008-439d-aaf0-a80904045faa,4,9FFwEf,2020-11-16,2020,11,Monday,1,3.5,
00b4ab9f-e3f4-43fa-83e6-3f53493f5e61,4,1X3p2H,2020-11-16,2020,11,Monday,3,10.5,
86438a6c-fb93-48c6-a0ae-ab6df25115cc,4,QIb1Te,2020-11-16,2020,11,Monday,3,10.5,ed820c9a-947d-4c0a-b9d7-931dbf7e6363
8cb2d978-22f8-49fa-a5c7-460da30de247,4,J4fMRf,2020-11-16,2020,11,Monday,2,7.0,
7dd39687-4fba-4569-a802-0468f1be0e05,4,HHY1ds,2020-11-16,2020,11,Monday,2,7.0,
6a29d923-65eb-44cb-b1f3-533fada99b01,4,YnyFQq,2020-11-16,2020,11,Monday,2,7.0,b5c697f9-d444-4553-ba0d-894c4a28e8f3
612eb6fe-c5c4-41a9-a610-40e0e15a1cb4,4,RZZSxq,2020-11-16,2020,11,Monday,3,10.5,
047c714e-a7c6-402e-ae6f-471951327876,4,YnyFQq,2020-11-16,2020,11,Monday,3,10.5,
9e890ca7-7c7d-44c8-96ec-9e038c974088,4,V9hDyY,2020-11-16,2020,11,Monday,2,7.0,
5572c2fe-9c98-4f2a-80d8-770f3589943f,4,TwErrn,2020-11-16,2020,11,Monday,1,3.5,
f190f364-f5bc-41a5-84e0-16addffc0f7e,4,pCjr1R,2020-11-16,2020,11,Monday,2,7.0,
ce40147e-fbd9-4723-ad91-29d620ab0cd2,4,YnyFQq,2020-11-16,2020,11,Monday,3,10.5,
8169b1f4-1d3c-47af-8400-93cba2a30721,4,HHY1ds,2020-11-16,2020,11,Monday,2,7.0,2e86f145-3869-4d87-856c-57875336938c
e225d4a0-1b0e-4106-aa18-16799288f039,4,QIb1Te,2020-11-16,2020,11,Monday,3,10.5,
f789cef1-752d-4541-a5dd-bddc3744df95,4,XkiZ9D,2020-11-16,2020,11,Monday,2,7.0,199a4e94-bc7e-4d33-9d99-4934f4d3fb95
0684d19e-aa21-4963-b9e5-8d7344cea247,4,AcIRu7,2020-11-16,2020,11,Monday,3,10.5,
d05e63e0-0a4a-4c2e-8add-d433e3500ccd,4,V9hDyY,2020-11-16,2020,11,Monday,3,10.5,3eeb1de9-6349-4569-8650-c9af73bf1f8e
f0f07801-ff94-42e3-a858-c8c110d4071d,4,9FFwEf,2020-11-16,2020,11,Monday,2,7.0,
b189223b-0d46-403a-a2ca-835dc9c7bff0,4,9FFwEf,2020-11-16,2020,11,Monday,2,7.0,
9c97cc7e-e406-446d-96af-44793e37b258,4,IWoDZ7,2020-11-16,2020,11,Monday,3,10.5,18530746-778c-451a-bc0e-a1e7942d2ec2
0a229e1a-db60-4595-bd6a-13839409326b,4,J4fMRf,2020-11-16,2020,11,Monday,2,7.0,a7d3ba2d-8581-4fa8-ad9f-c36ccfb7f52d
f112b156-8686-4c1f-a94c-162f8e3da7d7,4,LRN0uO,2020-11-16,2020,11,Monday,1,3.5,
1aa245b0-510e-492d-b9ab-786e854aa4b2,4,HHY1ds,2020-11-16,2020,11,Monday,1,3.5,
8c7d338a-5256-421c-a548-20a17b3e1be2,4,HHY1ds,2020-11-16,2020,11,Monday,1,3.5,
813df0e3-3681-452e-9735-e86c86feb042,4,pCjr1R,2020-11-16,2020,11,Monday,1,3.5,
288ff8b0-54dd-4015-b790-03c52e5b9664,4,J4fMRf,2020-11-16,2020,11,Monday,2,7.0,68effe8f-4917-4e28-8c34-a16030a48045
d72a871a-9ca4-461d-b6a8-fac373810888,4,IWoDZ7,2020-11-16,2020,11,Monday,2,7.0,0f7f5d2e-4280-4973-a9f5-cc2cd421d661
f6111d28-1011-4da7-9305-433c5a59e03e,4,RZZSxq,2020-11-16,2020,11,Monday,2,7.0,
4f0de9d1-ddc1-4613-aca2-9a061ca99e9d,4,g0RPTY,2020-11-16,2020,11,Monday,1,3.5,e99907e0-bec1-4816-bf96-4547bf379540
c439f599-f120-4636-bab3-5eeb2672eae7,4,Xd4sZA,2020-11-16,2020,11,Monday,2,7.0,
3664a314-aeea-4ca3-b564-c1ffedca4e3f,4,AcIRu7,2020-11-16,2020,11,Monday,3,10.5,
8134787a-3155-457f-ae38-5c1d14b50198,4,QIb1Te,2020-11-16,2020,11,Monday,3,10.5,
c66516fd-fced-4d93-9d12-20928291fbc6,4,fvBBXY,2020-11-16,2020,11,Monday,2,7.0,
676a18cb-a3f9-47b9-8948-ddf56b967b3b,4,8CnCaM,2020-11-16,2020,11,Monday,3,10.5,
40115e91-a6a8-443e-80f7-7c08474f7c79,4,V9hDyY,2020-11-16,2020,11,Monday,3,10.5,c9df808c-b9d7-4435-85c7-3e37d8b5016f
d41d2b17-b370-49ac-b9f3-23823b74822e,4,XkiZ9D,2020-11-16,2020,11,Monday,2,7.0,
9e62e0c4-b2b6-4422-bc56-929ce81dbb0d,4,Xd4sZA,2020-11-16,2020,11,Monday,1,3.5,
3f163598-dbc3-4fea-8517-459440059db6,4,HHY1ds,2020-11-16,2020,11,Monday,2,7.0,7c54fc75-a47c-4c5f-94e1-e3fed5fa79a3
3bbe6a37-ebf9-45c0-afd9-6e414601d6f1,4,QIb1Te,2020-11-16,2020,11,Monday,2,7.0,
2960a8a0-f6b1-4083-b511-f0e7e0fb568f,4,9FFwEf,2020-11-16,2020,11,Monday,3,10.5,
3ebef599-2ede-422e-9631-b75d7a763567,4,TwErrn,2020-11-16,2020,11,Monday,3,10.5,
0469a502-671b-432d-97d6-df662f20a1bb,4,YnyFQq,2020-11-16,2020,11,Monday,2,7.0,
74a96b2b-c05e-4b2f-8208-ce61b7414298,4,TwErrn,2020-11-16,2020,11,Monday,2,7.0,
95b9abfd-1f61-4d13-9281-1a00f39f53d7,4,RZZSxq,2020-11-16,2020,11,Monday,2,7.0,
67c36b4c-1285-4511-a805-a26877cbae60,4,9FFwEf,2020-11-16,2020,11,Monday,2,7.0,
a1d75a74-6d62-4c72-aed7-1c478c3939c5,4,iYvFyn,2020-11-16,2020,11,Monday,2,7.0,
806463e1-0c9d-4827-83a5-bf3101671f61,4,QIb1Te,2020-11-16,2020,11,Monday,2,7.0,
ffe1ddfb-280a-4a2f-8470-393c2cb8592a,4,1X3p2H,2020-11-16,2020,11,Monday,3,10.5,
1ea1b14a-cae1-4bcc-96d7-aa430c2edaa4,4,8CnCaM,2020-11-16,2020,11,Monday,3,10.5,
8f511096-46f7-4c61-bd6a-41a981997c84,4,TwErrn,2020-11-16,2020,11,Monday,1,3.5,
392141b5-56f7-4d6e-97fd-f5ce1fc6451d,4,YnyFQq,2020-11-16,2020,11,Monday,2,7.0,636b6842-be99-4184-aab5-bcf4b12ff941
80bb36c8-ce4e-4ec8-815b-1ec29c097a53,4,K8gkI8,2020-11-16,2020,11,Monday,2,7.0,
a50e7406-08c6-4fb8-b6f8-fc3df2914a4e,4,AcIRu7,2020-11-16,2020,11,Monday,2,7.0,
49c56b9a-3e8d-4e5b-ad51-ea7f96aa09d9,4,RZZSxq,2020-11-16,2020,11,Monday,3,10.5,
a3ca60cd-4846-4310-82ab-8ebf630e0448,4,LRN0uO,2020-11-16,2020,11,Monday,1,3.5,47dea8ae-0261-4a68-a357-76a7ed1e6d54
c4899231-5f01-4fd3-a52d-9d1e16318a54,4,K8gkI8,2020-11-16,2020,11,Monday,3,10.5,
23fb2846-06b1-4326-8a19-7c9796d12848,4,Xd4sZA,2020-11-16,2020,11,Monday,3,10.5,
b91b1122-3d48-45bc-bfcd-3185014ebeab,4,K8gkI8,2020-11-16,2020,11,Monday,2,7.0,
6d085eda-49f8-4089-a3ed-20fb8944b46a,4,9FFwEf,2020-11-16,2020,11,Monday,2,7.0,29c2faeb-982a-456e-96c0-a4bfd071435a
b99b7027-32b4-49bc-94b0-e8443676324b,4,8CnCaM,2020-11-16,2020,11,Monday,2,7.0,640a94d3-49c8-46e8-b0ea-e4d5bdc00647
a9ea49fb-e53e-4cbb-99f1-ad78dec7778c,4,HHY1ds,2020-11-16,2020,11,Monday,2,7.0,
9f3c0e85-741a-481c-aeb6-b1c8942123c2,4,LRN0uO,2020-11-16,2020,11,Monday,3,10.5,
a3c36320-1436-4ba4-96c6-4310d2bb2280,4,8CnCaM,2020-11-16,2020,11,Monday,3,10.5,
c46edea2-8dbb-4da2-b2a8-305ed8c4e7cc,4,HHY1ds,2020-11-16,2020,11,Monday,1,3.5,
ac57f194-cece-4414-a191-84462c22361a,4,g0RPTY,2020-11-16,2020,11,Monday,2,7.0,
b93cc9bb-f5d0-4a89-a3da-bc5a4b956445,4,Xd4sZA,2020-11-16,2020,11,Monday,3,10.5,
4ca68765-2e53-4471-9dd3-baa6aa39d5ba,4,9FFwEf,2020-11-16,2020,11,Monday,1,3.5,
5660e993-5a99-4e37-977b-8419ec74f0f7,4,Xd4sZA,2020-11-16,2020,11,Monday,1,3.5,
7c88b403-6b3b-48a6-9d78-8d57ad74f7e3,4,iYvFyn,2020-11-16,2020,11,Monday,2,7.0,
20f78f51-a639-428d-9853-1ff705c0a09b,4,1X3p2H,2020-11-16,2020,11,Monday,1,3.5,
4cc5ca98-e216-4a51-a2d9-bff1880bf678,4,IWoDZ7,2020-11-16,2020,11,Monday,2,7.0,
4f92d9bb-b06c-4a1a-8b4e-6aa55d722980,4,fvBBXY,2020-11-16,2020,11,Monday,1,3.5,
faf16ec7-aa72-484e-991a-68afe455a16e,4,XkiZ9D,2020-11-16,2020,11,Monday,1,3.5,
fc9dc7a1-bf31-49ff-aec4-55c9d707e93c,4,g0RPTY,2020-11-17,2020,11,Tuesday,2,7.0,
6fc12a81-cde1-41e4-add2-5d5d477fa5af,4,LRN0uO,2020-11-17,2020,11,Tuesday,2,7.0,
2f291cca-c566-48b3-a9f9-46d4ad918a29,4,iYvFyn,2020-11-17,2020,11,Tuesday,2,7.0,
5757b3b9-252f-4599-a6ca-94a5610b2d69,4,K8gkI8,2020-11-17,2020,11,Tuesday,1,3.5,fddc8fba-39a9-45e7-b6e0-6ae522a5688d
ffb6a6ce-7239-4e77-b82a-93b30fe2dd6c,4,V9hDyY,2020-11-17,2020,11,Tuesday,2,7.0,fb13695f-1e57-447f-b970-23f48ea3494f
aafa5844-5730-48f8-8946-6c131c3d947a,4,1X3p2H,2020-11-17,2020,11,Tuesday,2,7.0,f3970868-3c90-46d8-a20f-2390b8a7c8f2
28d174de-89c0-44bd-8355-e40243789fa4,4,HHY1ds,2020-11-17,2020,11,Tuesday,2,7.0,
b1b60be9-2a93-4792-9ea1-8c53f19a1d4b,4,Xd4sZA,2020-11-17,2020,11,Tuesday,1,3.5,
6decce53-d424-4efd-851f-33de711029ac,4,XkiZ9D,2020-11-17,2020,11,Tuesday,1,3.5,
cb8e48c1-0626-4d91-94ce-9a6f9e4dc62f,4,J4fMRf,2020-11-17,2020,11,Tuesday,2,7.0,
30966055-30b0-4525-8767-d934d35116c4,4,8CnCaM,2020-11-17,2020,11,Tuesday,2,7.0,
fe01c162-c9a8-4da9-9747-e4c48fc4581f,4,HHY1ds,2020-11-17,2020,11,Tuesday,2,7.0,7585dc5f-7b8d-4670-8363-3def52df2cdc
68a509fa-fa81-4ccc-a735-9dac018f32fe,4,iYvFyn,2020-11-17,2020,11,Tuesday,2,7.0,
dafcec86-4e9b-4570-9f3c-809cdcb8b7de,4,LRN0uO,2020-11-17,2020,11,Tuesday,1,3.5,
df2f5906-1dce-4652-b64b-3a7ef723581b,4,RZZSxq,2020-11-17,2020,11,Tuesday,1,3.5,
d14de26c-5e6d-433a-8e1d-b8616e7762bb,4,K8gkI8,2020-11-17,2020,11,Tuesday,1,3.5,
f4493e02-83be-497d-97f0-41fd81a4b09d,4,XkiZ9D,2020-11-17,2020,11,Tuesday,2,7.0,
aaeb6474-b178-4862-b8d5-449126c305bc,4,TwErrn,2020-11-17,2020,11,Tuesday,1,3.5,68b6c205-1a23-49fa-a960-d1df67800f0a
1306c0bf-6edd-4108-bf92-9df677ec865a,4,9FFwEf,2020-11-17,2020,11,Tuesday,2,7.0,
3620df11-695c-4627-9ad9-0d71f12ef246,4,RZZSxq,2020-11-17,2020,11,Tuesday,3,10.5,
62993afd-b920-48dc-8ff4-2748a581a8a0,4,8CnCaM,2020-11-17,2020,11,Tuesday,2,7.0,
11ffa009-4469-4e75-aa54-da176eba52b1,4,g0RPTY,2020-11-17,2020,11,Tuesday,2,7.0,
f1b47ede-ab70-4cd7-a45e-1efbba1c742b,4,pCjr1R,2020-11-17,2020,11,Tuesday,1,3.5,05bc364f-9163-4cce-8290-fbe64ea56e5b
979ce134-e1bf-40cd-b637-5b180f6ef2c4,4,IWoDZ7,2020-11-17,2020,11,Tuesday,1,3.5,
74487edb-96f9-4b24-af5e-70fd278072a0,4,YnyFQq,2020-11-17,2020,11,Tuesday,3,10.5,
b8c81080-bb50-422d-8f26-0b3815fcad3a,4,XkiZ9D,2020-11-17,2020,11,Tuesday,2,7.0,
8d663bab-7bbc-41a7-b29d-b775f6b2705f,4,pCjr1R,2020-11-17,2020,11,Tuesday,2,7.0,
1aabfca1-b4df-4948-844d-37dc8fc94845,4,QIb1Te,2020-11-17,2020,11,Tuesday,1,3.5,
1f93f96a-11c5-45cc-adb3-072fd339e440,4,V9hDyY,2020-11-17,2020,11,Tuesday,1,3.5,
6119a80a-15e6-4e5f-99da-f82dde9a9f36,4,9FFwEf,2020-11-17,2020,11,Tuesday,2,7.0,7aef7783-f30c-4f06-857e-384405b60b60
4ed9ea25-f470-4729-b4fc-386c92e903da,4,Xd4sZA,2020-11-17,2020,11,Tuesday,3,10.5,
42ecf30a-3ca4-48a4-8dfd-c93995bd45ab,4,g0RPTY,2020-11-17,2020,11,Tuesday,2,7.0,
50a4fa75-50a8-4888-969e-5102e82753bc,4,XkiZ9D,2020-11-17,2020,11,Tuesday,2,7.0,c1166789-397b-48e4-8c61-0a2a242d6286
f0f417b7-c3e8-4d92-8556-e1cc9872668d,4,IWoDZ7,2020-11-17,2020,11,Tuesday,3,10.5,8185202b-4706-452d-a20e-8f44bc4804d4
2757be8e-f080-48be-a7d9-0d0c0d3cdb03,4,pCjr1R,2020-11-17,2020,11,Tuesday,3,10.5,
d7910a40-269d-41dc-938d-201d3ed27401,4,g0RPTY,2020-11-17,2020,11,Tuesday,3,10.5,
eff8ba92-dcf5-437e-9a09-e734bd464b7d,4,g0RPTY,2020-11-17,2020,11,Tuesday,3,10.5,9a17775c-9dd1-40b7-8f04-8a4703494fee
6c25844c-3ead-4553-92f1-869783220092,4,pCjr1R,2020-11-17,2020,11,Tuesday,2,7.0,
4aa07b7d-c50c-4735-a6b4-7366c008725a,4,HHY1ds,2020-11-17,2020,11,Tuesday,2,7.0,
e83aff74-7194-4b82-9398-53a862ce6fa2,4,iYvFyn,2020-11-17,2020,11,Tuesday,2,7.0,
41f1896a-6893-41af-acd1-ffb6b78d4ea5,4,IWoDZ7,2020-11-17,2020,11,Tuesday,2,7.0,
d1968003-3904-4a2c-aab0-d892c67c8591,4,J4fMRf,2020-11-17,2020,11,Tuesday,2,7.0,
5239767e-73fc-409b-88b6-f7fb2315b320,4,8CnCaM,2020-11-17,2020,11,Tuesday,1,3.5,
b4f7b15e-b49b-418c-b1ee-11e06c24264e,4,1X3p2H,2020-11-17,2020,11,Tuesday,3,10.5,
532f6835-a4c1-4fd7-915d-531ddc2850f1,4,J4fMRf,2020-11-17,2020,11,Tuesday,2,7.0,
f9adf915-cfab-4a08-b10a-569504db8612,4,1X3p2H,2020-11-17,2020,11,Tuesday,2,7.0,
c839aca5-036f-4756-bb6d-7dcec8887319,4,J4fMRf,2020-11-17,2020,11,Tuesday,1,3.5,
68b1cb4b-985b-4ef7-9914-fd0330edc92f,4,9FFwEf,2020-11-17,2020,11,Tuesday,2,7.0,
e8643069-066e-4774-864e-77df5e61f573,4,AcIRu7,2020-11-17,2020,11,Tuesday,2,7.0,94f578db-8aef-463c-81ad-ff057caf89e0
3da67e56-857d-47ae-b4a4-35116825efa8,4,QIb1Te,2020-11-17,2020,11,Tuesday,3,10.5,
f5abde76-8f6e-4023-aa2c-f0e658d3734e,4,fvBBXY,2020-11-17,2020,11,Tuesday,1,3.5,
37a8dc65-9d70-44ec-bce9-ba8e1c618efa,4,8CnCaM,2020-11-17,2020,11,Tuesday,1,3.5,766aaadc-cc74-4a3c-8ce6-5ef3a26d4665
a4dcc326-568e-4724-ba1c-2627996ec3e6,4,9FFwEf,2020-11-17,2020,11,Tuesday,1,3.5,
846e06fd-7248-4476-8ef1-c37dfde3d278,4,XkiZ9D,2020-11-17,2020,11,Tuesday,3,10.5,
6c4bf322-6dc6-42b5-8463-0a6c4e55162f,4,pCjr1R,2020-11-17,2020,11,Tuesday,3,10.5,
2da8f2f8-6bce-45e9-a9a6-9c4dc32c4974,4,fvBBXY,2020-11-17,2020,11,Tuesday,2,7.0,
a931dbf7-e697-4218-868e-27c271907973,4,QIb1Te,2020-11-17,2020,11,Tuesday,2,7.0,
99bba972-9f2c-442d-8308-60228b649865,4,YnyFQq,2020-11-17,2020,11,Tuesday,2,7.0,
bae4c315-efa1-4883-bfe6-fa90cf53d458,4,QIb1Te,2020-11-17,2020,11,Tuesday,3,10.5,9c245285-3f6b-4b78-aed4-d683cd42d0a7
3716e9a1-ed4a-480c-a2fd-5885ad3c6577,4,iYvFyn,2020-11-17,2020,11,Tuesday,2,7.0,ed050506-c8b3-4107-b4f4-61c0cc28ff0d
7208bac8-a708-4ec6-a67d-38ad698c461f,4,pCjr1R,2020-11-17,2020,11,Tuesday,2,7.0,
a194f4bb-9490-452d-a5ee-5f5cdecd4260,4,TwErrn,2020-11-17,2020,11,Tuesday,1,3.5,88c4cf15-9d67-4ee0-b908-830633b31b31
b3135780-d395-4bad-8429-3b1ae57d8f65,4,AcIRu7,2020-11-17,2020,11,Tuesday,3,10.5,
ffd66f01-ba37-473b-b8c5-10274d2d3cd8,4,pCjr1R,2020-11-17,2020,11,Tuesday,1,3.5,
340ca467-34f5-4dbe-bd39-4e62d1e86a0e,4,AcIRu7,2020-11-17,2020,11,Tuesday,3,10.5,
ad31df8b-728a-44ae-83f1-ce13db72189c,4,9FFwEf,2020-11-17,2020,11,Tuesday,2,7.0,2e7d4c34-ac47-495e-9466-00813888a037
deba9431-f7a7-4c64-a48c-09fdd62d6852,4,LRN0uO,2020-11-17,2020,11,Tuesday,2,7.0,
96c66aea-b491-46b3-9038-1697108d6c27,4,g0RPTY,2020-11-17,2020,11,Tuesday,2,7.0,
095e2893-33b6-4108-96f9-12e53f5e38de,4,HHY1ds,2020-11-17,2020,11,Tuesday,1,3.5,
e153e720-3f58-4474-8a39-89cbc791d0d2,4,YnyFQq,2020-11-17,2020,11,Tuesday,3,10.5,
e168fd76-84fc-4b1c-b506-429bf5cfe7db,4,J4fMRf,2020-11-17,2020,11,Tuesday,2,7.0,
5da668f0-834a-4a3a-835e-7cb46ce7551a,4,QIb1Te,2020-11-17,2020,11,Tuesday,1,3.5,
3f0afbb7-9c50-49af-907d-8d00030ca7d9,4,Xd4sZA,2020-11-17,2020,11,Tuesday,3,10.5,92379d33-a068-4ba0-abb3-0b3a46925bcc
4eeb299a-6e6b-4c3c-96f1-b8eee0f92b68,4,iYvFyn,2020-11-18,2020,11,Wednesday,2,7.0,
8f870c4f-1442-4f43-a2fb-a3001a693e8e,4,V9hDyY,2020-11-18,2020,11,Wednesday,2,7.0,
5c757173-6fac-44d4-8481-9f6515be7e95,4,TwErrn,2020-11-18,2020,11,Wednesday,1,3.5,2a8d55a4-20a0-47e3-9cf9-ef0c1fdd65f3
98e7f52e-a853-4986-bfa9-44dc7358eca5,4,g0RPTY,2020-11-18,2020,11,Wednesday,2,7.0,
c5395002-f5b6-433d-afe2-3d395b966489,4,g0RPTY,2020-11-18,2020,11,Wednesday,3,10.5,
f21d2107-dc6c-467e-82f4-f3c09fb6b324,4,XkiZ9D,2020-11-18,2020,11,Wednesday,2,7.0,
eae3eb8b-a793-4171-8b47-7d93614abd46,4,J4fMRf,2020-11-18,2020,11,Wednesday,1,3.5,a77bb9ae-7872-4f37-bfaf-4a257aa72639
5f6dd8a4-5b61-4fc4-be32-7cb367948920,4,1X3p2H,2020-11-18,2020,11,Wednesday,3,10.5,
22793506-7e93-4fb6-9da5-346a20450e7e,4,XkiZ9D,2020-11-18,2020,11,Wednesday,2,7.0,d691a8b9-ef7a-4ab1-9297-daca6d0cb381
7c1b8ba2-1cc1-44d4-b176-49d35aedfddb,4,LRN0uO,2020-11-18,2020,11,Wednesday,3,10.5,
c02b12ad-d3d1-4867-bc2c-3bbe79edc3b2,4,HHY1ds,2020-11-18,2020,11,Wednesday,2,7.0,
beb1cc4a-d74e-4ef4-84ba-1b8cd55ab6c4,4,QIb1Te,2020-11-18,2020,11,Wednesday,2,7.0,
8583b629-41ac-4397-93ab-8e4430b1d55f,4,J4fMRf,2020-11-18,2020,11,Wednesday,2,7.0,b933102f-bdfd-4c0f-95b8-42baa1d289a2
666a879b-172e-4dd4-9daa-55d61b6fd283,4,AcIRu7,2020-11-18,2020,11,Wednesday,3,10.5,
982f14e7-ac87-45cc-8fd7-04e4d04d18b1,4,Xd4sZA,2020-11-18,2020,11,Wednesday,2,7.0,
2b6205d5-a33e-459a-9ba9-cde54f78fa1c,4,1X3p2H,2020-11-18,2020,11,Wednesday,1,3.5,
aa0960aa-7350-499b-9ee3-5494111adac0,4,J4fMRf,2020-11-18,2020,11,Wednesday,1,3.5,
9c35a705-a9e4-453a-afc9-80b58b863b83,4,RZZSxq,2020-11-18,2020,11,Wednesday,3,10.5,
ac2cdf68-78d1-4902-9a65-39d4e1fb0cb6,4,g0RPTY,2020-11-18,2020,11,Wednesday,3,10.5,
ebbe75de-475c-43f8-8a70-d501adf92aa1,4,iYvFyn,2020-11-18,2020,11,Wednesday,2,7.0,
d01ecb68-8074-4f25-a475-aba849b7e2fb,4,IWoDZ7,2020-11-18,2020,11,Wednesday,1,3.5,26487452-4a1c-4a11-9a65-f906bd039317
fd1a5218-e3c3-4b20-adbd-ce62fb66b30b,4,Xd4sZA,2020-11-18,2020,11,Wednesday,1,3.5,
443b79e2-a9af-4473-9b2c-67923bebdf84,4,K8gkI8,2020-11-18,2020,11,Wednesday,3,10.5,
741ed0a0-1556-4621-9e1c-ed42007f7a2e,4,AcIRu7,2020-11-18,2020,11,Wednesday,3,10.5,
cecfe25a-78ca-4e96-b0c2-539a71dfe9a2,4,AcIRu7,2020-11-18,2020,11,Wednesday,2,7.0,
fe742d23-57f8-4edd-bf3e-ebf4958afee4,4,J4fMRf,2020-11-18,2020,11,Wednesday,3,10.5,7690b1d8-6f6f-42d8-ae62-30e85e25055f
820dbe2f-47b1-4234-a250-70f20156565b,4,fvBBXY,2020-11-18,2020,11,Wednesday,2,7.0,aae169e6-375a-4446-aaad-38ca7eb6d2c9
adb7ef2c-3cf7-426e-832a-5e9776d5954b,4,g0RPTY,2020-11-18,2020,11,Wednesday,3,10.5,5fa7bb53-d703-44d7-90ab-8b51f348afe7
9f7ae4b7-016f-4110-96cf-1469822fd258,4,K8gkI8,2020-11-18,2020,11,Wednesday,1,3.5,
54564620-7f2b-4638-ab61-367ce1c09f5a,4,fvBBXY,2020-11-18,2020,11,Wednesday,2,7.0,5d8bc7fb-98d4-4474-b7cc-d28d94497941
f0fd6d19-9b7f-4ef5-867f-05fc56d63d48,4,Xd4sZA,2020-11-18,2020,11,Wednesday,2,7.0,
4af54c85-581b-42e5-b6cc-16e540e00a19,4,iYvFyn,2020-11-18,2020,11,Wednesday,1,3.5,
ad2ce0f4-4451-485b-8dc6-468a05624665,4,V9hDyY,2020-11-18,2020,11,Wednesday,2,7.0,bc938f61-4a2b-4ed7-b101-b34357060b4d
1533266d-380e-4a74-82c3-8f7c18182a66,4,TwErrn,2020-11-18,2020,11,Wednesday,2,7.0,
de0548b4-47f3-4805-bf8a-214c638e91e6,4,YnyFQq,2020-11-18,2020,11,Wednesday,3,10.5,
e454e2d8-ffa1-497a-9be8-f84fd2cfcd0b,4,J4fMRf,2020-11-18,2020,11,Wednesday,2,7.0,
3f7702a9-b9e4-462b-83ed-a9cf6311feac,4,K8gkI8,2020-11-18,2020,11,Wednesday,3,10.5,
a35c80f4-0a92-455e-a69d-0fa6e4cb0dd3,4,9FFwEf,2020-11-18,2020,11,Wednesday,1,3.5,f4281d01-2e2c-4b24-a745-d5f26813ff4b
0857efac-f3f3-4542-8f18-77d92e05b6fe,4,g0RPTY,2020-11-18,2020,11,Wednesday,2,7.0,
f773c664-17f7-46a6-b953-ca6e684b3e56,4,K8gkI8,2020-11-18,2020,11,Wednesday,2,7.0,
97da1a85-c5d6-42c5-9fdc-5ff4daa25adf,4,XkiZ9D,2020-11-18,2020,11,Wednesday,1,3.5,
4206a273-cd08-47d5-ac1d-02a04119186f,4,LRN0uO,2020-11-18,2020,11,Wednesday,2,7.0,
06612dfd-4578-4e2e-bd9a-03932b3d9cea,4,YnyFQq,2020-11-18,2020,11,Wednesday,3,10.5,797891e3-c60d-407b-8bb3-70304ffd1970
003d911d-f7e5-4dc5-8535-8df49849af2e,4,RZZSxq,2020-11-18,2020,11,Wednesday,2,7.0,
6435a2bc-72c0-441f-b168-ee78163db60e,4,fvBBXY,2020-11-18,2020,11,Wednesday,2,7.0,
56f43d12-ec67-4ea3-ac6b-3ba40cf1a583,4,8CnCaM,2020-11-18,2020,11,Wednesday,3,10.5,6a295ac4-9de0-4628-9326-0f77eefd1659
3f1a0e9e-5c41-4013-b70a-23b0e89f4793,4,8CnCaM,2020-11-18,2020,11,Wednesday,2,7.0,6bb8b6a7-9577-485d-bfc4-45a0b47945f4
0d600297-ce75-4cf3-905b-66c60c781da5,4,LRN0uO,2020-11-18,2020,11,Wednesday,2,7.0,
92769ea7-10ec-4481-b509-e661bf97a340,4,XkiZ9D,2020-11-18,2020,11,Wednesday,1,3.5,
f69f8d25-5ee8-49ca-b65c-01dd2ce03918,4,g0RPTY,2020-11-18,2020,11,Wednesday,1,3.5,
df37a69b-72b4-4d9e-9b65-ec1a0ecba16a,4,fvBBXY,2020-11-18,2020,11,Wednesday,2,7.0,
9b57a9e2-bf1e-499e-aa2e-475486d5df42,4,XkiZ9D,2020-11-18,2020,11,Wednesday,3,10.5,4eb6dca4-2802-4d0e-805a-50aad8e75553
597748e4-8623-4f15-8cd5-4b6b2337ad17,4,K8gkI8,2020-11-18,2020,11,Wednesday,3,10.5,23e315e0-4a0c-4db3-a8ca-815b1c38abf3
ca9b86a4-4e9a-4f0d-85d3-bfd7f06d8179,4,TwErrn,2020-11-18,2020,11,Wednesday,1,3.5,
8cdc6502-8001-4076-a224-96337126ee32,4,K8gkI8,2020-11-18,2020,11,Wednesday,2,7.0,5780b162-a90b-4049-b898-d2952d9b8f88
d9c735cd-1214-480a-a499-c54d3c995f31,4,fvBBXY,2020-11-18,2020,11,Wednesday,2,7.0,
2c563c87-12f2-49bf-99f4-4f9d9ae8b98e,4,RZZSxq,2020-11-18,2020,11,Wednesday,2,7.0,3844157a-114c-4cbc-968a-7c30f702f9a7
4a4663d1-73db-46c7-be77-5afac73c16c1,4,8CnCaM,2020-11-18,2020,11,Wednesday,3,10.5,
85c0232b-502f-4853-8378-af21fe8f545d,4,pCjr1R,2020-11-18,2020,11,Wednesday,3,10.5,3ea82e3b-b6db-45eb-b759-4900a573b78a
d4ab230c-7ef3-4af8-924c-91ef7a77d11a,4,9FFwEf,2020-11-18,2020,11,Wednesday,2,7.0,
fc3bf306-699b-46f5-b742-ee7d7e02dd85,4,HHY1ds,2020-11-18,2020,11,Wednesday,2,7.0,
85d61ddb-f2fd-49ee-9bda-cb356e99d68e,4,1X3p2H,2020-11-18,2020,11,Wednesday,3,10.5,
c2108da8-9cf2-4d43-9c0a-ead224a32a49,4,1X3p2H,2020-11-18,2020,11,Wednesday,3,10.5,
640cbe85-87c8-4f74-a4f9-6a3151c1c83b,4,IWoDZ7,2020-11-18,2020,11,Wednesday,3,10.5,
fc67199b-07ff-491c-8bcc-f2d7adb286d4,4,Xd4sZA,2020-11-18,2020,11,Wednesday,2,7.0,b75e853f-1bc4-42c8-9ebb-613176b251a6
515f200b-4e4e-4b6e-8e00-d34ac42dcf60,4,YnyFQq,2020-11-18,2020,11,Wednesday,1,3.5,
bc15ee5e-4c5c-49fe-a702-078559061904,4,iYvFyn,2020-11-18,2020,11,Wednesday,1,3.5,6bb8b6a7-9577-485d-bfc4-45a0b47945f4
6586e56f-bbc1-4159-b2aa-8211ba96df09,4,TwErrn,2020-11-18,2020,11,Wednesday,3,10.5,
6f3bbff0-878d-463e-b8f3-6533b8abdc37,4,K8gkI8,2020-11-18,2020,11,Wednesday,2,7.0,
7bf0b0bb-9292-4e11-b821-f06db09f6118,4,YnyFQq,2020-11-18,2020,11,Wednesday,2,7.0,
76dd5fcf-bf01-4748-b045-bf32f1f21fe0,4,g0RPTY,2020-11-18,2020,11,Wednesday,2,7.0,
61284ca2-38b1-4ca4-8e95-1e3996e1a8b6,4,g0RPTY,2020-11-18,2020,11,Wednesday,1,3.5,61d0c3fc-28ce-49a7-acca-d6ee69254fb7
7de5ebb5-a0fb-48c7-85b9-bf7a3c3fe846,4,V9hDyY,2020-11-18,2020,11,Wednesday,1,3.5,
f440dcd1-e9e2-42bf-8a91-f7aac97ba6b3,4,AcIRu7,2020-11-18,2020,11,Wednesday,2,7.0,636b6842-be99-4184-aab5-bcf4b12ff941
a34876d6-2441-47d8-b22d-99f489afe11f,4,9FFwEf,2020-11-18,2020,11,Wednesday,1,3.5,bc938f61-4a2b-4ed7-b101-b34357060b4d
cb6c81c3-3268-4403-8016-896aab6bb3c4,4,LRN0uO,2020-11-18,2020,11,Wednesday,1,3.5,b31a1b02-af7a-407b-93af-62fbf6bc9710
c89e4757-ebc5-4ff9-99fe-f78d08f4dce9,4,LRN0uO,2020-11-18,2020,11,Wednesday,3,10.5,dbf11348-5740-4798-83eb-469a9560bec6
79caa0ba-177f-4646-a78d-7a0580e4fa32,4,iYvFyn,2020-11-18,2020,11,Wednesday,2,7.0,
b82b8315-1dbf-4fa5-9367-732cd8423f5a,4,J4fMRf,2020-11-18,2020,11,Wednesday,2,7.0,
7deb5f13-ac4e-4622-a8ca-2bf7cd7c2355,4,K8gkI8,2020-11-18,2020,11,Wednesday,1,3.5,
9e377f3d-cd78-4f06-86be-32c22c7c53a1,4,LRN0uO,2020-11-18,2020,11,Wednesday,2,7.0,
b47b1f02-8004-41d3-9b71-c4c4c4c6a2f7,4,J4fMRf,2020-11-18,2020,11,Wednesday,2,7.0,
5ab37151-902a-4e4d-8a76-0d661ae71d82,4,8CnCaM,2020-11-18,2020,11,Wednesday,3,10.5,
b57f2185-9bec-4a47-b515-d6bea614b2a1,4,YnyFQq,2020-11-18,2020,11,Wednesday,2,7.0,
52fb000b-2694-4159-a7cb-2d2c756e03ed,4,RZZSxq,2020-11-19,2020,11,Thursday,3,10.5,
ead21897-321e-4f02-a67d-5f8c969bccf1,4,RZZSxq,2020-11-19,2020,11,Thursday,2,7.0,
234a55e9-4559-4f49-88a8-ae8516e7459b,4,9FFwEf,2020-11-19,2020,11,Thursday,1,3.5,
ef1eaf69-139a-4f12-beec-e8a460538e11,4,iYvFyn,2020-11-19,2020,11,Thursday,3,10.5,
8cae1680-03da-40f8-a003-9bb7a48694f2,4,AcIRu7,2020-11-19,2020,11,Thursday,1,3.5,
cf737e9a-44e4-4547-99ee-6c9e296ae24e,4,Xd4sZA,2020-11-19,2020,11,Thursday,2,7.0,b5c697f9-d444-4553-ba0d-894c4a28e8f3
d74cd4ae-61a3-4347-b7de-105ec8b3f016,4,XkiZ9D,2020-11-19,2020,11,Thursday,2,7.0,
bac99565-49b7-4ad4-ab90-c0429908e26e,4,iYvFyn,2020-11-19,2020,11,Thursday,2,7.0,
420ef993-4374-412a-8934-09fbe0bc8c34,4,iYvFyn,2020-11-19,2020,11,Thursday,2,7.0,33c44abb-b522-4163-8a0e-352dff24cd18
3bcc9596-3d3f-4606-ac8b-109517680d4f,4,Xd4sZA,2020-11-19,2020,11,Thursday,2,7.0,
b2bed2ec-20ed-4495-a4e3-d8317fd610a8,4,K8gkI8,2020-11-19,2020,11,Thursday,2,7.0,
8818b239-b9c8-414f-984e-0e390bfae930,4,pCjr1R,2020-11-19,2020,11,Thursday,1,3.5,62bdc5cf-1de2-438b-b406-35dedad24192
346405e7-55b8-43f9-8a72-b4f34734b39d,4,TwErrn,2020-11-19,2020,11,Thursday,2,7.0,
006a4ebc-cda2-4ea5-90fa-3faf2287edf0,4,8CnCaM,2020-11-19,2020,11,Thursday,1,3.5,dbb767d1-ef88-4dc7-a7c0-39046444ec72
1655f898-2d74-4520-9134-0517cb974069,4,YnyFQq,2020-11-19,2020,11,Thursday,2,7.0,
f2f36178-4892-4127-8975-a2d97b9ff3ed,4,1X3p2H,2020-11-19,2020,11,Thursday,2,7.0,
57c37bb7-af1d-4fd4-8cd9-1abca559913c,4,IWoDZ7,2020-11-19,2020,11,Thursday,3,10.5,
4fd287c2-77c1-4454-85d0-80fb760f9904,4,XkiZ9D,2020-11-19,2020,11,Thursday,3,10.5,
333ca4aa-8cc7-4d5e-beb2-ae2efc7dc4b0,4,TwErrn,2020-11-19,2020,11,Thursday,2,7.0,
453c5fba-b20f-49d4-9fb5-43f9c83f655c,4,iYvFyn,2020-11-19,2020,11,Thursday,2,7.0,d045403b-05fc-45af-ad57-8e04b52ef4e8
1c65aa78-80cc-48fb-b6e4-611b85d3759e,4,iYvFyn,2020-11-19,2020,11,Thursday,1,3.5,
6443af45-07ba-457a-b562-1dc717cdf5b0,4,K8gkI8,2020-11-19,2020,11,Thursday,1,3.5,ab8a4566-9d6e-4477-87b0-fecfbe0b01a0
f20dd314-f659-4893-b13f-14ecfef44525,4,fvBBXY,2020-11-19,2020,11,Thursday,1,3.5,
b2a5853f-383a-4d30-b774-f3cc0e4494d1,4,9FFwEf,2020-11-19,2020,11,Thursday,2,7.0,
2dc5f798-33de-4e59-a6cd-0fb0b672b3a7,4,V9hDyY,2020-11-19,2020,11,Thursday,1,3.5,
2eba4e12-94c9-4c9d-897c-e89f576871e1,4,AcIRu7,2020-11-19,2020,11,Thursday,2,7.0,db4c39e2-5614-4fcf-8152-e37a6a8f4146
c9d4a929-c300-4db4-8c6c-7e00e0e29242,4,TwErrn,2020-11-19,2020,11,Thursday,2,7.0,48cabfc7-384a-4e63-965c-31995d58be55
a3263c3c-7fd1-4552-99c7-478b13ae6be8,4,Xd4sZA,2020-11-19,2020,11,Thursday,3,10.5,
6d96dc81-cede-4ee9-afe8-fe6d1482ae48,4,g0RPTY,2020-11-19,2020,11,Thursday,2,7.0,
8fce18c3-60b2-48d2-8aa9-30ff6dfd6332,4,YnyFQq,2020-11-19,2020,11,Thursday,3,10.5,
ce15ceb4-e36e-4a56-8eea-47ea9e504103,4,iYvFyn,2020-11-19,2020,11,Thursday,1,3.5,
096f26b0-6550-43c5-a323-69cd4284a6b1,4,YnyFQq,2020-11-19,2020,11,Thursday,1,3.5,
89eff0da-226d-4ba3-82c1-211f485ecf6c,4,RZZSxq,2020-11-19,2020,11,Thursday,1,3.5,7da0c8b9-94cc-4568-aafc-6d44a0026782
e5f9b6c9-803b-4521-af07-f998222a8e1b,4,IWoDZ7,2020-11-19,2020,11,Thursday,1,3.5,
0b05ee5e-9e3d-4029-85b2-dc8d82f58286,4,AcIRu7,2020-11-19,2020,11,Thursday,2,7.0,
145e5246-27c0-48e5-ae05-4a7ea1497a03,4,9FFwEf,2020-11-19,2020,11,Thursday,3,10.5,
678c1dbb-5c64-4f47-9a53-273a815c573b,4,K8gkI8,2020-11-19,2020,11,Thursday,3,10.5,c2a9d258-5877-405e-8781-35fc5a2abeab
9f3479ac-8503-4601-90d3-eba9d6e7556d,4,TwErrn,2020-11-19,2020,11,Thursday,2,7.0,
7c13a6c2-2d0c-4813-89b2-d436ed5ef58d,4,pCjr1R,2020-11-19,2020,11,Thursday,2,7.0,
261c2d97-2cf2-4fcc-a7f5-9d1803e625ff,4,K8gkI8,2020-11-19,2020,11,Thursday,2,7.0,
5fabe429-5038-4e91-97a1-48755fcb2733,4,K8gkI8,2020-11-19,2020,11,Thursday,3,10.5,
9b9882e1-b4cf-4a2e-b8bc-5c066ae280cb,4,K8gkI8,2020-11-19,2020,11,Thursday,2,7.0,9549d222-45cf-4eba-8737-fe1e87d400d5
27311169-a820-4cbf-847d-6beacbea9a08,4,J4fMRf,2020-11-19,2020,11,Thursday,2,7.0,
fd6616b3-823f-4a36-967a-7a4b168c343d,4,g0RPTY,2020-11-19,2020,11,Thursday,1,3.5,
e6ae340e-d451-472a-8ee4-753b19dc4049,4,J4fMRf,2020-11-19,2020,11,Thursday,1,3.5,d288b0c7-040d-49dd-816e-2d8d1cca429a
d619c000-f2a6-4a59-a6ce-325214fdc836,4,LRN0uO,2020-11-19,2020,11,Thursday,3,10.5,
a06f8921-8175-4bff-9312-a2dfeaddf2fc,4,1X3p2H,2020-11-19,2020,11,Thursday,2,7.0,
5bfcfa80-f13f-4777-9a14-9cc4358f7be9,4,K8gkI8,2020-11-19,2020,11,Thursday,3,10.5,
406c8f2b-bb78-4d87-9c8d-0d548714f838,4,fvBBXY,2020-11-19,2020,11,Thursday,2,7.0,
93b589bf-e911-4696-9fe8-a8c34cf57aff,4,Xd4sZA,2020-11-19,2020,11,Thursday,2,7.0,
de9053e7-583c-4b82-b18f-9af79e76e9b1,4,iYvFyn,2020-11-19,2020,11,Thursday,2,7.0,
c505bd8e-cf37-4788-a7f7-6054fd808e39,4,J4fMRf,2020-11-19,2020,11,Thursday,3,10.5,
b3aa66c8-ff8f-4c05-99f8-0d317763f404,4,g0RPTY,2020-11-19,2020,11,Thursday,3,10.5,3ea82e3b-b6db-45eb-b759-4900a573b78a
02677f16-ceff-478b-94f8-17e2e70351d9,4,RZZSxq,2020-11-19,2020,11,Thursday,1,3.5,
a4b2113e-fcda-40c2-906a-02377152e6c7,4,HHY1ds,2020-11-19,2020,11,Thursday,2,7.0,199a4e94-bc7e-4d33-9d99-4934f4d3fb95
836e408d-0e63-4ab6-ba53-c78f92c17e46,4,LRN0uO,2020-11-19,2020,11,Thursday,2,7.0,634e2552-3187-4b58-8792-7b15fd08393e
32fb0e9a-6cfc-4664-b325-e6a0c1ef5a84,4,fvBBXY,2020-11-19,2020,11,Thursday,2,7.0,
ce0362f6-5d73-42ac-a7ca-6494ba7dad52,4,AcIRu7,2020-11-19,2020,11,Thursday,3,10.5,6416e346-698c-4251-8c25-4585f5053c7b
226e41d2-9c13-49ba-9bbb-0d1698fcd5e6,4,fvBBXY,2020-11-19,2020,11,Thursday,1,3.5,10b3ef9e-7e8f-48c9-a2ae-0b189993340e
38882fda-d73c-464f-bc01-20d98e2caad6,4,8CnCaM,2020-11-19,2020,11,Thursday,2,7.0,
506ff66a-eea3-42a5-ab2a-856b3ee12a9b,4,V9hDyY,2020-11-19,2020,11,Thursday,3,10.5,
88b4c85b-5a27-44b0-b7a0-af52c4b7357c,4,iYvFyn,2020-11-19,2020,11,Thursday,3,10.5,
0b39fed2-c9c0-48b1-937b-c2ab2082654b,4,fvBBXY,2020-11-19,2020,11,Thursday,1,3.5,
e4df06d5-6311-4fc3-819d-492dcee45a4c,4,QIb1Te,2020-11-19,2020,11,Thursday,3,10.5,3b8d6dd7-132d-4457-acc2-277888d24021
63a2fe99-4bcf-44ff-88ea-46dfc31b1a02,4,pCjr1R,2020-11-19,2020,11,Thursday,2,7.0,
f30825ae-02fe-4196-b715-59434feeb59f,4,RZZSxq,2020-11-19,2020,11,Thursday,2,7.0,
3bc2c0ba-a9c5-4776-b109-0f8e56a9c715,4,1X3p2H,2020-11-19,2020,11,Thursday,2,7.0,9c245285-3f6b-4b78-aed4-d683cd42d0a7
5f62c189-d2d0-47e0-b2d0-17a4dec68b56,4,V9hDyY,2020-11-19,2020,11,Thursday,2,7.0,33311a72-1547-4961-8674-78123e619fbb
40a4c0e9-4a30-4dd2-a447-de42f9dad0f6,4,1X3p2H,2020-11-19,2020,11,Thursday,2,7.0,
63c0a196-8840-4c5f-8d5e-02021863b1dc,4,fvBBXY,2020-11-19,2020,11,Thursday,3,10.5,32ad9ccc-601f-45a6-bfaf-47ca2008fd7f
d3949750-8a36-48e5-b633-986c9b24b494,4,8CnCaM,2020-11-19,2020,11,Thursday,2,7.0,409f7f20-99a7-4661-b7b4-488c27e01fb3
ab38d316-3100-4c28-b8c4-e3ce0f1b555f,4,9FFwEf,2020-11-19,2020,11,Thursday,2,7.0,
c612cc75-1c2f-4be3-955f-151144a25611,4,YnyFQq,2020-11-19,2020,11,Thursday,2,7.0,5af7924b-0487-49bf-8e32-794bf77e9bb1
c8f86c3f-8338-4b80-8661-ae4268b05ac7,4,YnyFQq,2020-11-19,2020,11,Thursday,2,7.0,
35e485f9-f98d-4ab4-a929-8df98bc2b91d,4,fvBBXY,2020-11-19,2020,11,Thursday,1,3.5,
47514e12-788d-4f12-9a43-486aa461a043,4,HHY1ds,2020-11-19,2020,11,Thursday,2,7.0,
4d29f1fd-0595-4256-a3c5-70c44dfe5f83,4,8CnCaM,2020-11-19,2020,11,Thursday,1,3.5,
dbcda7ad-6192-4f03-81cd-8d63c9c53dab,4,iYvFyn,2020-11-20,2020,11,Friday,2,7.0,
85516a22-8d65-4f0d-9bc1-7a37279ed5c7,4,LRN0uO,2020-11-20,2020,11,Friday,2,7.0,634e2552-3187-4b58-8792-7b15fd08393e
8e8c3197-3ac3-4701-a32c-8421d38d80fa,4,HHY1ds,2020-11-20,2020,11,Friday,1,3.5,
82a869a3-da0c-410c-8ba9-19d8c0a5afbb,4,AcIRu7,2020-11-20,2020,11,Friday,2,7.0,68b6c205-1a23-49fa-a960-d1df67800f0a
c520224e-60ba-4b0d-bfcf-650638b19b86,4,pCjr1R,2020-11-20,2020,11,Friday,3,10.5,
40d04c40-0123-40cf-aaf9-8a5afe0f9ec8,4,V9hDyY,2020-11-20,2020,11,Friday,2,7.0,e535c38b-71a8-40c0-bf54-fbeb2f09ce8d
160f2cec-7ee7-40f2-8c5e-916fc727a3a7,4,8CnCaM,2020-11-20,2020,11,Friday,3,10.5,
6e449055-568f-4b1e-ba50-504e942ca1ca,4,RZZSxq,2020-11-20,2020,11,Friday,3,10.5,
7ee2e0c9-de98-409e-9199-84f8047c990a,4,9FFwEf,2020-11-20,2020,11,Friday,3,10.5,
7ebd808d-e84a-4e87-b738-d0c3bafdd4a5,4,K8gkI8,2020-11-20,2020,11,Friday,2,7.0,4f7ad782-f5f6-403e-b7c6-3588952b727a
f10441a9-a10b-4df9-b743-beca961d4401,4,Xd4sZA,2020-11-20,2020,11,Friday,2,7.0,
31c0312e-03fd-4ae8-8739-0a35237a7444,4,pCjr1R,2020-11-20,2020,11,Friday,2,7.0,f4281d01-2e2c-4b24-a745-d5f26813ff4b
ea1651b6-a13d-445c-a11a-7761eab9bde3,4,K8gkI8,2020-11-20,2020,11,Friday,3,10.5,ed050506-c8b3-4107-b4f4-61c0cc28ff0d
eb06ecb9-a60c-4379-bdfe-826cda6ce528,4,V9hDyY,2020-11-20,2020,11,Friday,2,7.0,
1961c392-3484-4092-89fa-c29792518128,4,HHY1ds,2020-11-20,2020,11,Friday,1,3.5,
930d7d1a-f8de-43ca-ae38-55e7a911a86d,4,8CnCaM,2020-11-20,2020,11,Friday,3,10.5,40fdee27-e2a8-41a3-bd7f-aea31b7d952c
8f8063a0-edbb-4e0a-a7b9-233faa9f94ea,4,pCjr1R,2020-11-20,2020,11,Friday,2,7.0,
d23db7cc-6b6f-457e-9829-b73e3e755b22,4,J4fMRf,2020-11-20,2020,11,Friday,2,7.0,
760593ee-905a-4048-b6a7-78492f84a7fd,4,K8gkI8,2020-11-20,2020,11,Friday,3,10.5,
f2ebc09d-08ce-4292-a719-af14bef5f75f,4,XkiZ9D,2020-11-20,2020,11,Friday,2,7.0,7da0c8b9-94cc-4568-aafc-6d44a0026782
436a1400-dc8a-43cd-8aa8-81ef7025b4e2,4,RZZSxq,2020-11-20,2020,11,Friday,2,7.0,0fe15ff1-b29d-4991-b603-5a424e690a79
e0a2b21a-5de8-4184-870c-3a4397bb52f4,4,YnyFQq,2020-11-20,2020,11,Friday,2,7.0,e10aefa8-33b0-47a0-9bf7-f3a95113eac0
81f29b90-fc80-4ef4-972b-8b2eec153fc2,4,pCjr1R,2020-11-20,2020,11,Friday,2,7.0,
6d559c29-bfb1-4d11-a373-3b8abf50491d,4,V9hDyY,2020-11-20,2020,11,Friday,1,3.5,
3c5053ba-a2f9-4339-8ef2-8980fdb8a2cf,4,g0RPTY,2020-11-20,2020,11,Friday,1,3.5,
ffa06c90-6b7c-4fe2-b0ad-84b0dc298d74,4,V9hDyY,2020-11-20,2020,11,Friday,1,3.5,
536213e4-6630-4778-827b-16054f8321fd,4,1X3p2H,2020-11-20,2020,11,Friday,2,7.0,4aefd4c5-e273-47fa-aeeb-0feb7c28c166
c59b7d04-9cce-4b31-9bdd-c7f539e1de14,4,g0RPTY,2020-11-20,2020,11,Friday,3,10.5,
643fb3b5-b6ac-4c2b-8398-afb5f0143cf4,4,LRN0uO,2020-11-20,2020,11,Friday,2,7.0,
eb7c6894-fa8e-48cf-bf17-ca7a620228e5,4,Xd4sZA,2020-11-20,2020,11,Friday,1,3.5,
34e86011-55a7-4929-8795-0dc06954bec2,4,Xd4sZA,2020-11-20,2020,11,Friday,3,10.5,
57e70198-fc8a-4f65-bca8-9ddf1a39c25d,4,Xd4sZA,2020-11-20,2020,11,Friday,3,10.5,2a743fc8-b7e6-47e3-b5a3-b8ab806527d8
6bf55d19-2c08-40e0-b84d-4a24143518de,4,HHY1ds,2020-11-20,2020,11,Friday,1,3.5,
e2f027ee-be94-4211-bea9-1bd0d7ed16f7,4,IWoDZ7,2020-11-20,2020,11,Friday,2,7.0,
ec391c7e-6f47-4997-b8a4-1e1ab3709e9e,4,g0RPTY,2020-11-20,2020,11,Friday,2,7.0,
9d105c27-d52f-458d-889e-8051b832a0de,4,YnyFQq,2020-11-20,2020,11,Friday,2,7.0,
4b06bfc0-0a75-4923-bd5b-7f7a0b66bbaa,4,XkiZ9D,2020-11-20,2020,11,Friday,2,7.0,1c99f61c-33d7-4035-b2e8-33bb13a9f458
893df58c-4661-4c32-9112-aa653d7a8587,4,J4fMRf,2020-11-20,2020,11,Friday,1,3.5,aae169e6-375a-4446-aaad-38ca7eb6d2c9
9526778a-075a-4d46-af1b-ab2e66be57eb,4,1X3p2H,2020-11-20,2020,11,Friday,3,10.5,
02b0ca75-1bd6-4f58-ba65-c1257befce24,4,V9hDyY,2020-11-20,2020,11,Friday,1,3.5,
f9f6aca7-2bbd-4483-a063-636de495d058,4,RZZSxq,2020-11-20,2020,11,Friday,2,7.0,
b43abd74-44a0-4313-89b9-f1daf42dde8d,4,1X3p2H,2020-11-20,2020,11,Friday,3,10.5,
78e79d54-30a3-46e5-b211-ac6e7a5d161d,4,Xd4sZA,2020-11-20,2020,11,Friday,1,3.5,97ecb963-546c-486e-b147-cef5cf3f8031
e45cd729-c33e-4baf-aac8-55c98da53e39,4,9FFwEf,2020-11-20,2020,11,Friday,1,3.5,
256b7878-b87d-4441-9a6d-77fe3ed4f57d,4,XkiZ9D,2020-11-20,2020,11,Friday,1,3.5,
edfd73ce-157e-400e-923f-2ce2f0cb4169,4,V9hDyY,2020-11-20,2020,11,Friday,2,7.0,
3d491935-5cbe-4df4-bea0-bf56d3925ff4,4,HHY1ds,2020-11-20,2020,11,Friday,3,10.5,
25c772cd-064a-4903-9daa-ced3ad096d78,4,9FFwEf,2020-11-20,2020,11,Friday,1,3.5,caeb4e50-b7a8-4420-8760-d7cf4b570420
86aea048-4e55-4af5-a2fd-82e6e4e8a13d,4,J4fMRf,2020-11-20,2020,11,Friday,1,3.5,
468201bb-c4e9-4c61-b8f8-df6cd987088e,4,XkiZ9D,2020-11-20,2020,11,Friday,2,7.0,
4fe2a393-6214-4169-b4d9-56e3eb4cccb5,4,LRN0uO,2020-11-20,2020,11,Friday,3,10.5,
4b111ca3-c2cf-46a5-b77c-6382189bac05,4,g0RPTY,2020-11-20,2020,11,Friday,1,3.5,5d8bc7fb-98d4-4474-b7cc-d28d94497941
b2c02c8e-0e27-42a0-bbb2-5bee3a73c8b0,4,LRN0uO,2020-11-20,2020,11,Friday,3,10.5,
7ba9978a-c8da-4c15-ba63-c51201d657ed,4,LRN0uO,2020-11-20,2020,11,Friday,2,7.0,
f84dfab5-5f1c-4003-a449-2b4815bf5455,4,YnyFQq,2020-11-20,2020,11,Friday,2,7.0,4f955eb4-4f2a-4ec9-ab9c-5e507778a689
251fe10f-77cf-4d7f-8ad6-9176956a056f,4,XkiZ9D,2020-11-20,2020,11,Friday,3,10.5,73940d89-deb0-4758-98ef-8e8f593c620e
4ead7ee8-8fd2-4301-96bf-45d7323a0fd1,4,Xd4sZA,2020-11-20,2020,11,Friday,2,7.0,
e8e289ff-c6df-41dd-9cb2-5dea7b9b1d54,4,1X3p2H,2020-11-20,2020,11,Friday,2,7.0,
b403d2f3-6f53-4f22-b648-62150ebfdc56,4,XkiZ9D,2020-11-20,2020,11,Friday,1,3.5,955d03c6-b9d6-4aae-acb4-8a36f781e1da
4cf40f37-41a5-41b8-b20e-f5d639af80d8,4,9FFwEf,2020-11-20,2020,11,Friday,2,7.0,9db5830f-36bd-4450-87bd-c754796a909e
c14a375b-5a2c-403a-9c89-31ad5e041029,4,AcIRu7,2020-11-20,2020,11,Friday,2,7.0,
017d4962-b027-452f-a51b-41b90a9912fe,4,iYvFyn,2020-11-20,2020,11,Friday,2,7.0,
775c9c72-5e41-4459-85fb-0aa6da6f3119,4,AcIRu7,2020-11-20,2020,11,Friday,3,10.5,
f2747457-4b70-41ee-9222-61cfc3848625,4,iYvFyn,2020-11-20,2020,11,Friday,2,7.0,
6bc42b14-abe1-409e-a8ad-02b04512bd9c,4,IWoDZ7,2020-11-20,2020,11,Friday,2,7.0,
b40df5df-e5a0-4b7b-94c4-3681dd66bf7f,4,J4fMRf,2020-11-20,2020,11,Friday,2,7.0,
50821e3d-14b1-4ea7-806e-15b777997ba0,4,Xd4sZA,2020-11-20,2020,11,Friday,3,10.5,
857a3585-598e-45c8-85ef-a524231aa744,4,LRN0uO,2020-11-20,2020,11,Friday,3,10.5,17ad36d3-f045-42ab-a48d-d6a848d241a4
62622d39-127b-4b1c-9315-469687d3801c,4,LRN0uO,2020-11-20,2020,11,Friday,2,7.0,3ad9afcd-1507-4e4b-88cb-8d5e4ec8bdfc
91905e59-e42e-4aff-b8ec-40c4921aa9ba,4,RZZSxq,2020-11-20,2020,11,Friday,1,3.5,
f48c5372-62c3-4486-916c-e95ba05d90af,4,TwErrn,2020-11-20,2020,11,Friday,1,3.5,54d1910c-68e2-43d5-add1-4618b77eaa7a
a45f86d5-e072-4052-b1d5-4569c1a446d2,4,g0RPTY,2020-11-20,2020,11,Friday,2,7.0,
9c80e30b-0204-4065-9bd3-cfcdc1dbb393,4,J4fMRf,2020-11-20,2020,11,Friday,2,7.0,
eb58763a-68a6-4d71-83f6-aae24a9d2c37,4,iYvFyn,2020-11-20,2020,11,Friday,2,7.0,7da0c8b9-94cc-4568-aafc-6d44a0026782
a8adc4da-6726-40f6-88ff-92b56ebfba21,4,8CnCaM,2020-11-20,2020,11,Friday,1,3.5,
e7b62544-00a1-49f8-bdc6-c0a597376cc2,4,g0RPTY,2020-11-20,2020,11,Friday,3,10.5,98395614-ad13-47e3-82c0-999d618cd2a8
3b72f411-179b-47f0-a2fe-404f69f7f797,4,fvBBXY,2020-11-20,2020,11,Friday,1,3.5,9a3a571a-3078-4d6f-8f65-97299b970b9f
8a6c6693-babe-43d3-af5b-e66947a9c051,4,RZZSxq,2020-11-20,2020,11,Friday,2,7.0,
781c37cb-7c60-4733-b912-9ff3afad18f1,4,IWoDZ7,2020-11-20,2020,11,Friday,2,7.0,
959652d1-e8c3-44be-b36c-07070e00ef0e,4,HHY1ds,2020-11-20,2020,11,Friday,2,7.0,
757fafb1-aa70-4fc4-9d14-dc930676e1e7,4,AcIRu7,2020-11-20,2020,11,Friday,2,7.0,
3147da07-c0ca-49e3-829a-1a9fe905698a,4,QIb1Te,2020-11-20,2020,11,Friday,2,7.0,
a9e2bc58-f441-434e-a321-43861133d74a,4,iYvFyn,2020-11-20,2020,11,Friday,2,7.0,0fbcb773-42cb-475d-963c-41ef5eeecd36
b5728bf0-ade2-4027-b627-4381f4173e60,4,iYvFyn,2020-11-20,2020,11,Friday,2,7.0,
febb1409-2a67-4934-8122-52b3a708790f,4,g0RPTY,2020-11-20,2020,11,Friday,2,7.0,1f2d862f-18f9-4c58-a4b3-45b3db796ad4
dd77a5e6-3ca3-4319-9958-ed60f8a37042,4,TwErrn,2020-11-20,2020,11,Friday,2,7.0,
5aa60ca1-a74f-43a4-9249-1408129a6b96,4,1X3p2H,2020-11-20,2020,11,Friday,1,3.5,
cab13f4f-6e90-4d48-af02-cfd99b07c833,4,J4fMRf,2020-11-20,2020,11,Friday,3,10.5,39d6adaa-01bc-4001-a570-eb4d49528f47
49b45070-5589-4531-9ee8-52fe80a32bde,4,Xd4sZA,2020-11-20,2020,11,Friday,2,7.0,
ca575f1b-1d39-48c1-a9b1-f1dcd32074b2,4,AcIRu7,2020-11-20,2020,11,Friday,2,7.0,
a2a08f65-d0ff-47b4-b81e-a6756c2a7b7c,4,8CnCaM,2020-11-20,2020,11,Friday,2,7.0,
2e7e5364-4081-4438-b5b5-3293ff2ac02a,4,RZZSxq,2020-11-20,2020,11,Friday,2,7.0,
507aeeda-92d9-40ac-bd50-d03edfb665e9,4,pCjr1R,2020-11-20,2020,11,Friday,1,3.5,8b168093-a508-407e-96b1-5fe3ae301949
e3d9ef10-ea44-4200-b639-9e700932cf93,4,J4fMRf,2020-11-21,2020,11,Saturday,2,7.0,
eee80acd-3083-4add-8dbd-a6ceb4ef1018,4,IWoDZ7,2020-11-21,2020,11,Saturday,2,7.0,
b4ac041c-78ed-4141-b4d3-bf1bd4d4eb64,4,LRN0uO,2020-11-21,2020,11,Saturday,2,7.0,
be601ed8-8624-49ba-8a02-8f7221588e5a,4,g0RPTY,2020-11-21,2020,11,Saturday,3,10.5,
2c7f563b-59cc-427f-98f0-8c25b8ca0369,4,LRN0uO,2020-11-21,2020,11,Saturday,2,7.0,511ed47d-4be3-4a52-b7e5-49c7703a7006
2c6fcc47-6a35-4475-938f-72abea6b0b89,4,1X3p2H,2020-11-21,2020,11,Saturday,2,7.0,
ebff641c-861a-42be-8c8e-8407b58a7fdf,4,XkiZ9D,2020-11-21,2020,11,Saturday,2,7.0,
4eabd2b6-d545-4fce-a47a-d35e9ca1e8f7,4,1X3p2H,2020-11-21,2020,11,Saturday,2,7.0,
1c64567d-8725-4749-bd03-cd1c50da1bb2,4,8CnCaM,2020-11-21,2020,11,Saturday,2,7.0,e93486f6-eb6e-4dcf-925f-1195070a4bdd
afb07554-f1df-4d59-9310-673e06bec436,4,1X3p2H,2020-11-21,2020,11,Saturday,2,7.0,
7a3b4624-e86e-4647-bce5-28cacb19b258,4,Xd4sZA,2020-11-21,2020,11,Saturday,3,10.5,d581e5a3-f4e8-4826-b4e5-e22f0f1796cc
34381fbb-b832-4814-b17e-687643084d81,4,g0RPTY,2020-11-21,2020,11,Saturday,2,7.0,
90667684-727c-4f26-a89d-8edce21552e0,4,iYvFyn,2020-11-21,2020,11,Saturday,1,3.5,
c066364f-b401-4dea-b79a-e09dd3341586,4,HHY1ds,2020-11-21,2020,11,Saturday,1,3.5,aeee026c-d517-474a-9d71-31b4cb8612b2
8e30d8b8-99eb-444e-b129-3954aab9a7fe,4,J4fMRf,2020-11-21,2020,11,Saturday,2,7.0,
79d3d456-6365-465e-96a1-26c8f1534420,4,TwErrn,2020-11-21,2020,11,Saturday,3,10.5,
e4380ad1-354a-4096-a695-2ac6fcdc971a,4,g0RPTY,2020-11-21,2020,11,Saturday,1,3.5,39d6adaa-01bc-4001-a570-eb4d49528f47
4888bcf5-d84a-48d1-9707-5712e2ffb59d,4,K8gkI8,2020-11-21,2020,11,Saturday,3,10.5,
6c8661ab-3425-439a-83ad-5bbca3102a25,4,TwErrn,2020-11-21,2020,11,Saturday,1,3.5,
da70d7a2-f98c-4c3b-a4b9-1ba83d456e1f,4,V9hDyY,2020-11-21,2020,11,Saturday,1,3.5,
a106127b-d999-45a9-8876-677fb07a46be,4,TwErrn,2020-11-21,2020,11,Saturday,2,7.0,
fb9a7d56-7e4e-4982-9f46-5ea442e89228,4,iYvFyn,2020-11-21,2020,11,Saturday,1,3.5,
732f2e50-cfbe-498d-8f37-a302a1dfbfde,4,TwErrn,2020-11-21,2020,11,Saturday,1,3.5,6de6c824-0f11-4377-ab64-a5e7fc41d6a8
ceaad940-229b-4f89-bcf4-ede726046f5c,4,fvBBXY,2020-11-21,2020,11,Saturday,1,3.5,32ad9ccc-601f-45a6-bfaf-47ca2008fd7f
f7ff0896-4d38-43b1-acb4-91058da4ac53,4,fvBBXY,2020-11-21,2020,11,Saturday,2,7.0,
6bf560b7-90c0-46ed-9ca1-4896eedf1362,4,V9hDyY,2020-11-21,2020,11,Saturday,3,10.5,
57d65161-0aff-4678-ad35-738cacf15721,4,HHY1ds,2020-11-21,2020,11,Saturday,3,10.5,
0c26c377-05ec-4491-abe7-913e729bea19,4,K8gkI8,2020-11-21,2020,11,Saturday,2,7.0,587f8f67-e282-4753-9f22-fc4e9ecd7990
3a256b21-d74b-43b2-b7ce-5e7a32ee59f0,4,YnyFQq,2020-11-21,2020,11,Saturday,1,3.5,
5fb20d69-af94-4069-92aa-440fa99eb3a6,4,Xd4sZA,2020-11-21,2020,11,Saturday,1,3.5,
4d52cfb5-dec7-4494-850f-7d519e8d8ff8,4,TwErrn,2020-11-21,2020,11,Saturday,1,3.5,
a264230b-0e61-4c2d-8694-382a27d757c6,4,TwErrn,2020-11-21,2020,11,Saturday,1,3.5,
27443915-a81e-466f-94be-d906b2fb9a30,4,iYvFyn,2020-11-21,2020,11,Saturday,3,10.5,
83910178-8b68-45c5-989c-ae4ef724a17e,4,LRN0uO,2020-11-21,2020,11,Saturday,2,7.0,
94b8230a-dcf8-409f-a133-a2c7a739c8a0,4,J4fMRf,2020-11-21,2020,11,Saturday,2,7.0,
cc78ff97-1b06-4ec6-8758-2089a28ca064,4,TwErrn,2020-11-21,2020,11,Saturday,3,10.5,
8497c297-ee49-42e3-826e-dc63c6017459,4,RZZSxq,2020-11-21,2020,11,Saturday,2,7.0,
13bfe3b1-c9cb-499c-94f8-e070c6c4f7f5,4,fvBBXY,2020-11-21,2020,11,Saturday,2,7.0,
7a9431e0-1fb8-42fd-9840-2d9db6d7c725,4,IWoDZ7,2020-11-21,2020,11,Saturday,3,10.5,
d7bc9b78-0cb8-42ff-9676-c033f3ce5480,4,Xd4sZA,2020-11-21,2020,11,Saturday,3,10.5,
d87334de-7ef6-4bdb-9536-cbbdc2eea9b9,4,HHY1ds,2020-11-21,2020,11,Saturday,2,7.0,048e9595-17a8-41fc-80a6-06ca24ad196e
ec546424-3896-4a60-a399-96e7f6cc35b0,4,g0RPTY,2020-11-21,2020,11,Saturday,2,7.0,
6d733880-ae54-41ce-a949-e7ff58500bfb,4,XkiZ9D,2020-11-21,2020,11,Saturday,3,10.5,
cd8184d2-18fa-403c-a261-af3316614103,4,9FFwEf,2020-11-21,2020,11,Saturday,1,3.5,
df705d68-d5b5-49c6-ade1-8acf7c363735,4,g0RPTY,2020-11-21,2020,11,Saturday,1,3.5,
05d7f261-e506-4c55-84b5-28aa905cc2c8,4,9FFwEf,2020-11-21,2020,11,Saturday,3,10.5,
808bd3ce-91d0-4e83-8b5e-4959a0bb69d6,4,LRN0uO,2020-11-21,2020,11,Saturday,2,7.0,048e9595-17a8-41fc-80a6-06ca24ad196e
d2046166-cc8c-4c22-9872-184dd7bc61f3,4,YnyFQq,2020-11-21,2020,11,Saturday,2,7.0,
ea71674c-7390-420c-98e8-7359acdf9dc8,4,9FFwEf,2020-11-21,2020,11,Saturday,2,7.0,
13c408be-e18a-49b2-a9d1-322a7d858b60,4,9FFwEf,2020-11-21,2020,11,Saturday,3,10.5,
51ed0045-2121-4c6f-8b65-440804347022,4,9FFwEf,2020-11-21,2020,11,Saturday,2,7.0,3ea82e3b-b6db-45eb-b759-4900a573b78a
5445c646-b638-4ec0-bdaf-a5c52d5ff827,4,J4fMRf,2020-11-21,2020,11,Saturday,2,7.0,
9a994ee2-d5c7-433e-a497-23871260ace6,4,LRN0uO,2020-11-21,2020,11,Saturday,2,7.0,
52944d1b-8d3b-4a02-a38b-7e450d0f0c2b,4,HHY1ds,2020-11-21,2020,11,Saturday,1,3.5,9542576d-2df0-4707-bfa2-39de4ae1583d
36244989-895c-4d7b-9d39-92591e6fc54b,4,9FFwEf,2020-11-21,2020,11,Saturday,2,7.0,
d784a087-7fa5-4fa6-ad1d-e2a7fa6855b8,4,XkiZ9D,2020-11-21,2020,11,Saturday,1,3.5,
30066617-f059-4ac6-be98-b866f635ecc3,4,HHY1ds,2020-11-21,2020,11,Saturday,2,7.0,
9c782e55-115e-4adb-8a76-a79a751306d6,4,iYvFyn,2020-11-21,2020,11,Saturday,2,7.0,
5d491c81-4b92-4a1c-a614-4c11a1f94642,4,IWoDZ7,2020-11-21,2020,11,Saturday,2,7.0,
91e76d24-096b-4c26-b1e2-1193ecaa4e67,4,g0RPTY,2020-11-21,2020,11,Saturday,2,7.0,8d06dd34-a8bc-4e75-905b-38447644819e
a53b1c88-ae19-4916-b1e2-1badf2b86ab8,4,iYvFyn,2020-11-21,2020,11,Saturday,2,7.0,220ccbee-70ff-479f-b49e-2d79b6f877cf
20ab7360-f653-45b7-b165-ae2ff1d97d7b,4,8CnCaM,2020-11-21,2020,11,Saturday,2,7.0,
383eda00-33f8-4d15-93ba-b14bf3832f48,4,YnyFQq,2020-11-21,2020,11,Saturday,1,3.5,
59e33d5e-f842-4a46-b05e-189705573893,4,TwErrn,2020-11-21,2020,11,Saturday,1,3.5,
6869c2d2-2fa6-43f7-8b3b-28cc891ddce0,4,YnyFQq,2020-11-21,2020,11,Saturday,2,7.0,
bdbd64fc-95d5-4787-9d38-cd0be564d1d4,4,8CnCaM,2020-11-21,2020,11,Saturday,1,3.5,1d6e18a8-2113-48a0-85ff-bd7d9b3313ab
24fb437c-106e-4244-a838-d7b1c84fa7fb,4,8CnCaM,2020-11-21,2020,11,Saturday,1,3.5,
bb9a78ed-4a26-4bac-b344-fb0a7f0be2ce,4,AcIRu7,2020-11-21,2020,11,Saturday,2,7.0,
4899d3b1-61f4-4639-9b94-cce2a348db1e,4,Xd4sZA,2020-11-22,2020,11,Sunday,1,3.5,ef5b667b-f24f-418f-939e-2b18ac75abdc
32e7aa27-379c-4857-97f3-d3bf3db80022,4,IWoDZ7,2020-11-22,2020,11,Sunday,3,10.5,1ff01ffd-f197-493e-8a2b-0f85ac732dd6
6f09c018-fb5d-40fb-9416-94cec86a1fd4,4,J4fMRf,2020-11-22,2020,11,Sunday,1,3.5,cdf18b2b-d3a6-4f4c-8cd0-645d2bcb6a11
d004f17c-b3ad-4dea-af2f-4a6d7fefec4c,4,IWoDZ7,2020-11-22,2020,11,Sunday,2,7.0,
8ab21756-056a-438e-98f0-c125a07cfaa4,4,QIb1Te,2020-11-22,2020,11,Sunday,1,3.5,bcfec33d-0719-4c6a-b619-b4c6ae5fa8b0
d89f3553-2b9c-42c3-aa24-0c94b9b7b3b7,4,V9hDyY,2020-11-22,2020,11,Sunday,3,10.5,
0ce35460-fc70-4a4f-a46d-e2640e337f62,4,TwErrn,2020-11-22,2020,11,Sunday,2,7.0,
d3ddf8df-9652-4c81-bb6b-81a556053da4,4,1X3p2H,2020-11-22,2020,11,Sunday,2,7.0,
93395943-25f4-48db-942c-72f89aca9cb5,4,9FFwEf,2020-11-22,2020,11,Sunday,2,7.0,
761c473f-d970-4381-8b94-dfd8337f44a2,4,K8gkI8,2020-11-22,2020,11,Sunday,2,7.0,
e7df00ed-8982-488f-947f-b0f0a1ca2e1f,4,K8gkI8,2020-11-22,2020,11,Sunday,2,7.0,
f26a733c-34b9-4bf5-9b90-7cefe4bc6b4f,4,J4fMRf,2020-11-22,2020,11,Sunday,3,10.5,26487452-4a1c-4a11-9a65-f906bd039317
50e94a3a-3b51-4438-968d-9bdc3ea191e1,4,IWoDZ7,2020-11-22,2020,11,Sunday,3,10.5,b5c697f9-d444-4553-ba0d-894c4a28e8f3
bf5af22d-26aa-456a-be4b-a15d6331e511,4,pCjr1R,2020-11-22,2020,11,Sunday,1,3.5,
19910431-9b7c-448c-9e36-9ba05c668fac,4,K8gkI8,2020-11-22,2020,11,Sunday,1,3.5,
db643087-1a80-425b-8180-7fe93e2e6946,4,AcIRu7,2020-11-22,2020,11,Sunday,3,10.5,
10a84c27-105a-4db2-adbe-3c1c40953dd7,4,Xd4sZA,2020-11-22,2020,11,Sunday,2,7.0,
62d76b54-d308-4a29-a86d-820c8b7018aa,4,Xd4sZA,2020-11-22,2020,11,Sunday,3,10.5,
45651387-fc5b-443e-b3f6-c1f5bdcfd485,4,YnyFQq,2020-11-22,2020,11,Sunday,1,3.5,9a17775c-9dd1-40b7-8f04-8a4703494fee
0ee29a5b-6aa4-48c7-b180-34f82cdc0004,4,J4fMRf,2020-11-22,2020,11,Sunday,3,10.5,b75e853f-1bc4-42c8-9ebb-613176b251a6
cfe74881-6509-4b44-a0bf-216fc37789c2,4,fvBBXY,2020-11-22,2020,11,Sunday,1,3.5,18530746-778c-451a-bc0e-a1e7942d2ec2
7514421f-adc4-45ec-ae6e-d367371de8f7,4,8CnCaM,2020-11-22,2020,11,Sunday,3,10.5,
d1d74b3a-565a-487d-9f2b-6b84dc4f77e3,4,iYvFyn,2020-11-22,2020,11,Sunday,2,7.0,5df12d06-bb99-4df9-93bf-f627c9b36881
71e183e6-5e9c-4119-9a21-b72d2bae054a,4,IWoDZ7,2020-11-22,2020,11,Sunday,1,3.5,
b85bee0f-ad25-48ae-8000-4d2cdeaaa118,4,g0RPTY,2020-11-22,2020,11,Sunday,2,7.0,
ae179320-91d9-4584-b282-105cd54e22fe,4,LRN0uO,2020-11-22,2020,11,Sunday,2,7.0,
d53a1b6a-72b3-453a-b338-9eed6bc1431c,4,J4fMRf,2020-11-22,2020,11,Sunday,3,10.5,2054d4a3-3b6d-4f49-9ad6-ecd01395a00b
b87c3eda-a190-4a13-b3ce-8c976caeb9a0,4,HHY1ds,2020-11-22,2020,11,Sunday,3,10.5,e6320a01-100f-4c69-902d-bcc83f1eb3e1
fd76eb66-8dc7-42ab-9d40-fc711550d9d6,4,LRN0uO,2020-11-22,2020,11,Sunday,2,7.0,
a7375af1-0bd6-400a-b242-d524302c7e17,4,IWoDZ7,2020-11-22,2020,11,Sunday,1,3.5,b5c697f9-d444-4553-ba0d-894c4a28e8f3
f36140d1-02f4-4028-9819-562e8a028038,4,QIb1Te,2020-11-22,2020,11,Sunday,3,10.5,2e41a9a8-d523-470f-ac7f-15b32ab7644b
11a67422-6923-4402-9787-0026f7ae8644,4,Xd4sZA,2020-11-22,2020,11,Sunday,1,3.5,30006795-823b-43d8-8e9e-38dd92091162
f357ad1c-d658-442b-9307-cfab26a130c6,4,QIb1Te,2020-11-22,2020,11,Sunday,2,7.0,
1554c832-b3ab-479f-9006-d1404bf3fa67,4,g0RPTY,2020-11-22,2020,11,Sunday,3,10.5,
b686587d-52de-44c2-88cb-eaab8118b307,4,V9hDyY,2020-11-22,2020,11,Sunday,2,7.0,
9de4e282-cbd2-4b2a-ba13-c071b1107c43,4,HHY1ds,2020-11-22,2020,11,Sunday,2,7.0,
840d47e7-efb0-4451-90c4-6fd9bb0cdef6,4,IWoDZ7,2020-11-22,2020,11,Sunday,2,7.0,13dc425e-563d-4852-b2b7-2a09b94c7040
05ead925-4ee0-4179-b382-68a3347674c9,4,1X3p2H,2020-11-22,2020,11,Sunday,1,3.5,
3abe009e-6ace-42aa-a238-d3532450d35a,4,9FFwEf,2020-11-22,2020,11,Sunday,1,3.5,
97d89d96-32a8-493b-8549-a3f95b6b5ee6,4,TwErrn,2020-11-22,2020,11,Sunday,2,7.0,
beccba92-9833-428b-943f-71d229484a95,4,1X3p2H,2020-11-22,2020,11,Sunday,3,10.5,
91dc848e-2f98-498b-8abc-03b4429c3611,4,TwErrn,2020-11-22,2020,11,Sunday,2,7.0,
2e8fe489-682b-4f3d-b1bd-b000bf527894,4,IWoDZ7,2020-11-22,2020,11,Sunday,2,7.0,
a1c0cd9d-387d-4dde-b7fd-97c10608e18b,4,V9hDyY,2020-11-22,2020,11,Sunday,2,7.0,
5f7f126c-0ca7-423c-b981-86cc55166cb4,4,fvBBXY,2020-11-22,2020,11,Sunday,1,3.5,
c79f7e4b-83c6-4a0d-9a03-81be70923da1,4,LRN0uO,2020-11-22,2020,11,Sunday,1,3.5,5e9c40c4-7189-4919-97b8-07762440f4a4
8f01fe6f-1d9f-4f36-ba7c-9964d51b7d6e,4,RZZSxq,2020-11-22,2020,11,Sunday,2,7.0,
779edf24-5d73-4062-b29f-9947e6ac3899,4,pCjr1R,2020-11-22,2020,11,Sunday,1,3.5,d288b0c7-040d-49dd-816e-2d8d1cca429a
2d038b30-a34c-40ef-8f82-7571174fd0e9,4,8CnCaM,2020-11-22,2020,11,Sunday,1,3.5,3844157a-114c-4cbc-968a-7c30f702f9a7
9dc02e87-aa73-4596-8764-ca201a1a9e7f,4,9FFwEf,2020-11-22,2020,11,Sunday,2,7.0,
33f0d06a-1092-4e85-94e4-d0d0e137fc5d,4,RZZSxq,2020-11-22,2020,11,Sunday,2,7.0,9fa17acc-8fb4-46bc-98c2-c9d8b1da121b
076427f5-d8c1-46a4-97cd-61a6fe871083,4,g0RPTY,2020-11-22,2020,11,Sunday,2,7.0,5af7924b-0487-49bf-8e32-794bf77e9bb1
f13a9ec9-e3b5-4045-8a59-3e251cf6a03b,4,LRN0uO,2020-11-22,2020,11,Sunday,3,10.5,
1d7d2e12-11b5-4697-84ae-9b69439cb574,4,9FFwEf,2020-11-22,2020,11,Sunday,2,7.0,
acdcf998-03f4-4a93-9ae6-bf0213c96764,4,8CnCaM,2020-11-22,2020,11,Sunday,2,7.0,
2597304b-1d4d-4150-8e64-fd2c52e2d144,4,g0RPTY,2020-11-22,2020,11,Sunday,3,10.5,
5f8e2699-f0e4-4542-a807-beda637cc1bc,4,XkiZ9D,2020-11-22,2020,11,Sunday,3,10.5,4ee6b65e-1a08-4a35-816b-6a81194fe810
3a11facd-4530-4ecb-91b9-d1cd56010c77,4,iYvFyn,2020-11-22,2020,11,Sunday,2,7.0,5f412899-76c5-465a-89ed-e1b81c2efdd6
7be7f9f6-0c99-43e6-ae0a-5e90b749e6f4,4,g0RPTY,2020-11-22,2020,11,Sunday,1,3.5,
22fa45cc-17f8-461a-b289-2f15e2d3b7f3,4,LRN0uO,2020-11-22,2020,11,Sunday,2,7.0,4bc892df-f1c6-412d-8ffc-ba4922bbddd2
bf524434-6827-4ac0-a626-a65c7b6db7c4,4,TwErrn,2020-11-22,2020,11,Sunday,2,7.0,
3312508a-98c7-47cb-b420-6bfad23dc4e1,4,1X3p2H,2020-11-22,2020,11,Sunday,3,10.5,
6dfa273e-e98e-4dd4-8b33-717edbfe3f74,4,HHY1ds,2020-11-22,2020,11,Sunday,3,10.5,
d601fa07-08e3-4fce-97f3-d902af74cce3,4,XkiZ9D,2020-11-22,2020,11,Sunday,3,10.5,
eb0d1c17-58d1-4cdc-9399-8e27819cb4b6,4,fvBBXY,2020-11-22,2020,11,Sunday,2,7.0,
5829f1ac-d2ad-4543-9053-88b66c422fd7,4,IWoDZ7,2020-11-22,2020,11,Sunday,3,10.5,
59707518-a9fa-4956-8b6b-c66339ae193a,4,V9hDyY,2020-11-22,2020,11,Sunday,1,3.5,
a4bf5649-1e95-4865-bbd5-729c1fcf5c50,4,8CnCaM,2020-11-22,2020,11,Sunday,2,7.0,
525e179f-1843-4075-96b6-028e4ebf5294,4,g0RPTY,2020-11-22,2020,11,Sunday,3,10.5,
948a66e4-09db-4eb1-a661-8167d78ed49f,4,iYvFyn,2020-11-22,2020,11,Sunday,2,7.0,
78529f7c-cdb9-4ff3-ab80-eaa11bca7adc,4,8CnCaM,2020-11-22,2020,11,Sunday,2,7.0,
c7e4b0e6-1403-4999-91b0-5f9281abd9a4,4,HHY1ds,2020-11-22,2020,11,Sunday,1,3.5,
19bc2eaf-ee89-4f58-8c2f-65c1b296679e,4,K8gkI8,2020-11-22,2020,11,Sunday,2,7.0,17ad36d3-f045-42ab-a48d-d6a848d241a4
2cae8469-0969-4c32-834a-e1503554c330,4,K8gkI8,2020-11-22,2020,11,Sunday,2,7.0,
c3971c79-2304-4900-a196-47cc583e0e3d,4,XkiZ9D,2020-11-22,2020,11,Sunday,1,3.5,
ed0318bf-c9ff-4970-b0a0-3a1424574ec6,4,AcIRu7,2020-11-22,2020,11,Sunday,1,3.5,0c4795ee-75eb-4f9e-b73f-1b8826a15029
182d9588-a5ea-4940-9c49-a95d8b470c70,4,TwErrn,2020-11-22,2020,11,Sunday,3,10.5,
8684aa57-bcb8-494d-be32-3806ba77c306,4,TwErrn,2020-11-22,2020,11,Sunday,2,7.0,
f1b155c3-0526-4fb0-a6c7-dd8f9d59c0a4,4,iYvFyn,2020-11-22,2020,11,Sunday,1,3.5,10a27af3-5860-4743-bc01-36bb4309f16c
e541c948-58dd-4cff-99c5-b55e662c51e5,4,9FFwEf,2020-11-23,2020,11,Monday,1,3.5,
fa0a009e-de80-412d-9e89-e7e831101ab2,4,HHY1ds,2020-11-23,2020,11,Monday,1,3.5,
6f8c5185-bfa9-43a2-a4e3-0f8dfd39f9d6,4,J4fMRf,2020-11-23,2020,11,Monday,2,7.0,b1f27570-eee7-4e27-8e68-08e6a0ae674a
d26e334c-b0b8-4e94-bb35-153b808f729a,4,pCjr1R,2020-11-23,2020,11,Monday,2,7.0,
7858c775-baf7-493c-9266-ccb69a35693e,4,YnyFQq,2020-11-23,2020,11,Monday,3,10.5,e1d6f081-f72d-41e0-8d05-47f6df72b6de
48bccb72-3e54-4307-b95c-5ce83252febe,4,J4fMRf,2020-11-23,2020,11,Monday,1,3.5,
92493da0-2fa9-44e8-b8f6-e2127eac4bd1,4,Xd4sZA,2020-11-23,2020,11,Monday,1,3.5,
97df1e1f-76da-41c8-926d-8401ff5c4196,4,HHY1ds,2020-11-23,2020,11,Monday,2,7.0,
9790836c-264e-430f-a1ee-81e338eb5983,4,8CnCaM,2020-11-23,2020,11,Monday,2,7.0,
220ace41-9bac-4758-84aa-7a7daac1871c,4,HHY1ds,2020-11-23,2020,11,Monday,3,10.5,
3a0b29ea-eb5d-42bf-aefa-73cb72f07f88,4,RZZSxq,2020-11-23,2020,11,Monday,1,3.5,
bd1afc76-8a1b-40d5-98ea-2f257db163e6,4,AcIRu7,2020-11-23,2020,11,Monday,1,3.5,
95aa2d31-138e-4d7c-a5ad-2a4532877f71,4,YnyFQq,2020-11-23,2020,11,Monday,1,3.5,
17e5bea2-f3a7-47bc-af03-aaa2ddd340df,4,fvBBXY,2020-11-23,2020,11,Monday,1,3.5,
1c13d925-19ff-4bfe-966a-de188644eb31,4,iYvFyn,2020-11-23,2020,11,Monday,2,7.0,d691a8b9-ef7a-4ab1-9297-daca6d0cb381
ba891540-f567-4468-86ae-b997cc26b6a5,4,AcIRu7,2020-11-23,2020,11,Monday,2,7.0,
0e52e14d-19d2-4c21-80db-e3f065a3e7f6,4,Xd4sZA,2020-11-23,2020,11,Monday,1,3.5,
69d66597-cdc9-4685-94da-5b07e740c2f4,4,fvBBXY,2020-11-23,2020,11,Monday,3,10.5,
81b813f6-24d0-498e-9e4a-819fb046ab12,4,AcIRu7,2020-11-23,2020,11,Monday,3,10.5,
dcc49569-4acf-430b-aa93-4780a688f165,4,LRN0uO,2020-11-23,2020,11,Monday,2,7.0,
6e6aca4a-b9b8-4100-9a51-daee2d1b6fc1,4,K8gkI8,2020-11-23,2020,11,Monday,1,3.5,
ae3f4df2-c079-4889-99c5-7cf42ec2755b,4,iYvFyn,2020-11-23,2020,11,Monday,3,10.5,18530746-778c-451a-bc0e-a1e7942d2ec2
7e4e63b8-fb06-44d2-bebe-567900350041,4,9FFwEf,2020-11-23,2020,11,Monday,3,10.5,
3e0a4132-2597-4aae-bdbe-d6ee3c8e8791,4,8CnCaM,2020-11-23,2020,11,Monday,3,10.5,e7d9c1e6-2d06-4f07-938c-6977397f3e26
04ce23f7-2c7f-482b-a9df-b8dd5c3e0326,4,J4fMRf,2020-11-23,2020,11,Monday,3,10.5,
18977aa3-497d-4d9a-b8a6-8013fdb56f77,4,K8gkI8,2020-11-23,2020,11,Monday,2,7.0,a3e4cdb2-1805-4c03-9b19-ea53b131cf80
afe5c3c7-59bb-4751-924b-e4232e11412b,4,RZZSxq,2020-11-23,2020,11,Monday,2,7.0,
50f44ea8-d987-47f1-a17d-d1a5547eacb1,4,iYvFyn,2020-11-23,2020,11,Monday,2,7.0,
3e60919f-a33f-460a-b74b-10ef5f476bc5,4,iYvFyn,2020-11-23,2020,11,Monday,1,3.5,
22640c64-536b-4b89-ad5f-80c9be2d2c70,4,g0RPTY,2020-11-23,2020,11,Monday,2,7.0,
abc83c1f-e697-4d6f-a5b7-9fdb84d2e213,4,9FFwEf,2020-11-23,2020,11,Monday,2,7.0,
33da082c-3864-4c5f-abb8-be2b6fece396,4,AcIRu7,2020-11-23,2020,11,Monday,3,10.5,
4f147647-c018-4302-b0e7-d1a16281c7d5,4,1X3p2H,2020-11-23,2020,11,Monday,2,7.0,
4ff86243-d478-462b-9640-d312e90b8874,4,V9hDyY,2020-11-23,2020,11,Monday,1,3.5,
15228659-8ecd-4005-96ce-3f79b6067e6a,4,HHY1ds,2020-11-23,2020,11,Monday,1,3.5,797891e3-c60d-407b-8bb3-70304ffd1970
1a36723f-f84f-42b3-982e-127d3e5bd67e,4,TwErrn,2020-11-23,2020,11,Monday,1,3.5,
78c5da63-73c2-475a-83fa-233aa8e4ff62,4,8CnCaM,2020-11-23,2020,11,Monday,1,3.5,
c3a2060d-9fc1-4390-aa9c-361c03a85e42,4,AcIRu7,2020-11-23,2020,11,Monday,2,7.0,8682b298-cd41-4e28-88f5-efa1311efdfe
13709659-6317-47a8-a46c-7b7d418c851a,4,LRN0uO,2020-11-23,2020,11,Monday,1,3.5,
e27087aa-05c3-43aa-959d-b823a2640713,4,V9hDyY,2020-11-23,2020,11,Monday,2,7.0,7961968c-c9f8-4bc6-8b99-129f2c18ae7f
9536506f-3023-4038-9a4b-f4b0725a50c1,4,HHY1ds,2020-11-23,2020,11,Monday,3,10.5,
c58874a0-ffb7-4e40-85f4-aac3c8cfddb0,4,1X3p2H,2020-11-23,2020,11,Monday,3,10.5,
5b13d53a-2cc2-452d-947d-e069c3e49d00,4,g0RPTY,2020-11-23,2020,11,Monday,2,7.0,
53400a96-cd1d-420a-8f6c-de627e9ba98c,4,g0RPTY,2020-11-23,2020,11,Monday,1,3.5,511ed47d-4be3-4a52-b7e5-49c7703a7006
06d5d758-f566-4639-b63d-59ebd2e1669b,4,RZZSxq,2020-11-23,2020,11,Monday,2,7.0,
b8fa2bb2-f519-4b92-b3e1-cb47279d0926,4,K8gkI8,2020-11-23,2020,11,Monday,1,3.5,
7748763c-8ffc-4881-9ec7-56c2412f4675,4,iYvFyn,2020-11-23,2020,11,Monday,2,7.0,
52bed96e-4d61-44e8-915b-fcdbf76e6b6c,4,J4fMRf,2020-11-23,2020,11,Monday,2,7.0,
8d5cff32-4842-4f28-aed5-d3d4d7d90b47,4,9FFwEf,2020-11-23,2020,11,Monday,2,7.0,
c86cdb55-762d-455d-abac-25694e50ef15,4,J4fMRf,2020-11-23,2020,11,Monday,1,3.5,
09461873-29bd-47d7-bd2c-badfe8916a67,4,V9hDyY,2020-11-23,2020,11,Monday,3,10.5,
0d4515d0-d5f2-496c-b411-a49b76dca424,4,XkiZ9D,2020-11-23,2020,11,Monday,3,10.5,
f7d350f8-2914-4b5e-8f68-d727bfc0c666,4,1X3p2H,2020-11-23,2020,11,Monday,3,10.5,c13e87b1-eb73-4922-99da-b4acd5a0bf97
32cf8f98-630f-41ed-9bc3-a99f631f7681,4,TwErrn,2020-11-23,2020,11,Monday,2,7.0,
6d20437c-cb91-48bc-8d29-5c2341972be5,4,AcIRu7,2020-11-23,2020,11,Monday,2,7.0,
e3c8f92f-2094-41f3-9dd5-1619d7b1f761,4,J4fMRf,2020-11-23,2020,11,Monday,2,7.0,585ae186-7664-4f6d-a1d8-621d0b33a57c
8e92bbc0-878c-4775-8e1c-c37ca996e222,4,TwErrn,2020-11-23,2020,11,Monday,3,10.5,f399e73c-8f7e-4a5c-aaac-cf84321b5e74
f7c5e3b4-3802-40ea-8af4-5ccd8719b708,4,QIb1Te,2020-11-23,2020,11,Monday,1,3.5,
fc7a4d0f-cb05-4f5e-a1b6-466d9980ceba,4,iYvFyn,2020-11-23,2020,11,Monday,3,10.5,
1091b524-ffd9-427e-a227-087f7f512505,4,LRN0uO,2020-11-23,2020,11,Monday,2,7.0,
e1ec953a-e962-4cd0-9024-d6d61f78fc57,4,pCjr1R,2020-11-23,2020,11,Monday,2,7.0,2a8d55a4-20a0-47e3-9cf9-ef0c1fdd65f3
3a17d2c3-7878-462f-8051-38a158f08b2f,4,fvBBXY,2020-11-23,2020,11,Monday,3,10.5,9677d29a-fc88-4d6a-8bab-36706e66ffd3
49acd061-e455-421a-90d9-0dacc7950d4e,4,HHY1ds,2020-11-23,2020,11,Monday,1,3.5,eecee997-4db9-4719-a897-a93fcf18660f
8eb1ccef-d401-4754-98f3-c4e10fcee19a,4,V9hDyY,2020-11-23,2020,11,Monday,2,7.0,c0c4643b-bd4f-4232-b891-659799228508
ada129cf-5eba-43ec-b2fe-07e5345460cd,4,pCjr1R,2020-11-23,2020,11,Monday,2,7.0,9a159fc2-25f6-4568-9170-6699d347fb53
32e8a07e-13fe-42bc-81e5-230036e86094,4,iYvFyn,2020-11-23,2020,11,Monday,3,10.5,
1460daee-29fb-41b4-9234-767d6481843c,4,fvBBXY,2020-11-23,2020,11,Monday,3,10.5,3b509243-8181-49d2-9250-2d0ccb8461c3
f35e7bff-30f1-42ba-bf3c-996de214b8b7,4,pCjr1R,2020-11-23,2020,11,Monday,3,10.5,
542e3891-11fa-4230-8e0d-3368c6ff20a8,4,Xd4sZA,2020-11-23,2020,11,Monday,2,7.0,
8df073aa-e603-47f9-889d-8ee2ad96c0a2,4,V9hDyY,2020-11-23,2020,11,Monday,2,7.0,
946b6778-2f8b-4c71-81c6-2cee56c30d5f,4,RZZSxq,2020-11-24,2020,11,Tuesday,2,7.0,
89ce58e1-0b68-4a3f-b5ab-87807832ef48,4,QIb1Te,2020-11-24,2020,11,Tuesday,1,3.5,
ea282635-21c7-43b2-9d09-273aa946d0c8,4,1X3p2H,2020-11-24,2020,11,Tuesday,2,7.0,f52acfa1-c82c-4d44-8ec1-4ab2337c0502
539868e7-a320-4964-92fd-f5f57718ad41,4,IWoDZ7,2020-11-24,2020,11,Tuesday,2,7.0,9d4f62c7-e2cc-462b-8dec-5fbc785f2ff0
e12e179f-10d9-4074-8c18-c5f2b20cae16,4,AcIRu7,2020-11-24,2020,11,Tuesday,2,7.0,
a744fbb0-2ae1-4011-bcd8-41e1efe7811d,4,XkiZ9D,2020-11-24,2020,11,Tuesday,3,10.5,
a2a14382-893b-4847-90af-1ac6d2af1d1e,4,8CnCaM,2020-11-24,2020,11,Tuesday,2,7.0,
ad4de4ee-4d8c-4c1c-aea2-2ec3187bb98f,4,J4fMRf,2020-11-24,2020,11,Tuesday,2,7.0,82a5c0bc-5576-46f9-bc3d-7db3d1cf6ee1
b1925484-8b77-45ad-a276-798de3f66f6b,4,QIb1Te,2020-11-24,2020,11,Tuesday,2,7.0,
e0574321-3940-4fbb-9f69-d7c929b403cd,4,YnyFQq,2020-11-24,2020,11,Tuesday,2,7.0,
f525d907-9315-4751-8813-f645500d3a08,4,XkiZ9D,2020-11-24,2020,11,Tuesday,3,10.5,
6335dcdc-1d3a-40e9-919a-f3be40ba16c7,4,QIb1Te,2020-11-24,2020,11,Tuesday,3,10.5,e9be1bbd-19ae-4360-9a09-079e85ca1f3f
dbb6c8c1-4970-431b-a302-8a5d74284741,4,IWoDZ7,2020-11-24,2020,11,Tuesday,2,7.0,
7db7ed3d-911d-4b14-8c0c-4de67cc1a4a5,4,iYvFyn,2020-11-24,2020,11,Tuesday,2,7.0,
29a91ca8-ca88-4477-8078-57f711d7e900,4,iYvFyn,2020-11-24,2020,11,Tuesday,3,10.5,
d9916159-6005-4f27-bc24-94e67e2d9f8e,4,IWoDZ7,2020-11-24,2020,11,Tuesday,2,7.0,511ed47d-4be3-4a52-b7e5-49c7703a7006
e5e75430-a05a-4770-ae29-5847eb2ee6a9,4,fvBBXY,2020-11-24,2020,11,Tuesday,2,7.0,
7134c500-03f1-4b2b-bb33-be63ce66c6a2,4,9FFwEf,2020-11-24,2020,11,Tuesday,2,7.0,
e998610c-55b7-4fd9-b57d-bc95e4a02d8a,4,fvBBXY,2020-11-24,2020,11,Tuesday,3,10.5,
6e3c310b-b529-4882-93a5-a4399f3413c8,4,K8gkI8,2020-11-24,2020,11,Tuesday,1,3.5,
18284958-5d85-46f1-93b5-31bba86c4677,4,pCjr1R,2020-11-24,2020,11,Tuesday,3,10.5,
8959d5bf-9e8e-46fc-a60b-dc7973646f03,4,YnyFQq,2020-11-24,2020,11,Tuesday,3,10.5,
0a27aa8c-eece-427e-959f-a5fcd8ba7ca2,4,YnyFQq,2020-11-24,2020,11,Tuesday,1,3.5,39d6adaa-01bc-4001-a570-eb4d49528f47
d19c6efd-41dd-42f7-b36b-b567d46cd17d,4,K8gkI8,2020-11-24,2020,11,Tuesday,1,3.5,4a6e53fc-c312-4986-81b1-f2e2fc3a5097
3616f24f-c858-4b7f-98d5-4401367c1303,4,fvBBXY,2020-11-24,2020,11,Tuesday,1,3.5,
1dddce48-d860-4557-9ff4-2d411e69c564,4,g0RPTY,2020-11-24,2020,11,Tuesday,1,3.5,
541a45f6-26c8-46d1-982b-49f736ce9afd,4,J4fMRf,2020-11-24,2020,11,Tuesday,3,10.5,
8e4831d2-3a12-4a9d-93a3-6ceec0910744,4,RZZSxq,2020-11-24,2020,11,Tuesday,1,3.5,409f7f20-99a7-4661-b7b4-488c27e01fb3
3accb5b9-e23e-4950-a6c3-3444825d9406,4,YnyFQq,2020-11-24,2020,11,Tuesday,2,7.0,
4c42e2ba-7832-44d4-b8be-1b0a370260da,4,HHY1ds,2020-11-24,2020,11,Tuesday,1,3.5,
f5cd1fe0-3ec2-4c01-914b-6b18221f32ed,4,QIb1Te,2020-11-24,2020,11,Tuesday,2,7.0,
2731cd26-8e96-4fad-bb49-295b8a280006,4,XkiZ9D,2020-11-24,2020,11,Tuesday,3,10.5,d084d4eb-9978-464e-8ef6-fad8f8e9536f
2f4d59d2-a84a-49cb-910b-d42a0aa321d7,4,K8gkI8,2020-11-24,2020,11,Tuesday,2,7.0,
4d1916ed-2402-4150-9b18-129ab4a94a71,4,g0RPTY,2020-11-24,2020,11,Tuesday,1,3.5,
632069fe-9173-4525-9644-eb3a03174ece,4,g0RPTY,2020-11-24,2020,11,Tuesday,2,7.0,
3c2b93e5-0b5a-4edc-8db5-1a29dabcf69f,4,YnyFQq,2020-11-24,2020,11,Tuesday,2,7.0,
85502413-ac7f-4244-9bb7-176917d8d681,4,Xd4sZA,2020-11-24,2020,11,Tuesday,3,10.5,
8fb872ee-3804-4499-9ee0-7f317f4974fa,4,9FFwEf,2020-11-24,2020,11,Tuesday,1,3.5,26487452-4a1c-4a11-9a65-f906bd039317
6e343eec-222c-407a-a384-99e635071dde,4,XkiZ9D,2020-11-24,2020,11,Tuesday,2,7.0,
65cb7fff-d0a8-4a1a-930b-1e26db5984d5,4,pCjr1R,2020-11-24,2020,11,Tuesday,3,10.5,6a295ac4-9de0-4628-9326-0f77eefd1659
64de6204-2b9f-4157-bf9b-9e89a930fb66,4,XkiZ9D,2020-11-24,2020,11,Tuesday,2,7.0,
b8dc105a-2dc9-4ddf-91d4-c7584d9c33e7,4,HHY1ds,2020-11-24,2020,11,Tuesday,2,7.0,
f424514c-9d10-4a2a-87f1-6e51882088b4,4,9FFwEf,2020-11-24,2020,11,Tuesday,1,3.5,e6320a01-100f-4c69-902d-bcc83f1eb3e1
104de085-a331-4ba0-b499-7dbcd945dadb,4,iYvFyn,2020-11-24,2020,11,Tuesday,2,7.0,a77bb9ae-7872-4f37-bfaf-4a257aa72639
211df425-bba9-4420-8775-9d19e22e53b5,4,8CnCaM,2020-11-24,2020,11,Tuesday,1,3.5,
41ac52e9-3a16-4abe-ad30-c42bb01aba45,4,IWoDZ7,2020-11-24,2020,11,Tuesday,1,3.5,
d6d198f6-fb53-4d72-803b-5829b6736198,4,HHY1ds,2020-11-24,2020,11,Tuesday,1,3.5,
0b21dbb5-8b53-40c2-adf3-3b2353d6c3f3,4,pCjr1R,2020-11-24,2020,11,Tuesday,2,7.0,9c245285-3f6b-4b78-aed4-d683cd42d0a7
60e5b5f8-a142-4b46-9a79-af79198e6541,4,9FFwEf,2020-11-24,2020,11,Tuesday,3,10.5,63792dc8-8962-433d-aeb1-884e387d403c
47a2213b-1eba-4852-8dec-8e2ad00f5e06,4,YnyFQq,2020-11-24,2020,11,Tuesday,3,10.5,
b6fa58f3-253a-472d-99e2-9511e630c855,4,K8gkI8,2020-11-24,2020,11,Tuesday,2,7.0,
8eb6859a-dda7-4ff0-8b72-c37701457e69,4,pCjr1R,2020-11-24,2020,11,Tuesday,2,7.0,
8f7420b6-2189-4f9b-bd77-d17ab50c0029,4,YnyFQq,2020-11-24,2020,11,Tuesday,3,10.5,6a295ac4-9de0-4628-9326-0f77eefd1659
5f96b70f-1a12-41a9-a719-8123f64ab6a8,4,fvBBXY,2020-11-24,2020,11,Tuesday,2,7.0,
7c8517b8-9569-4a70-8b77-d5b0621b24fb,4,8CnCaM,2020-11-24,2020,11,Tuesday,3,10.5,
f7c9b17c-aabd-42a7-87bb-c3040593717f,4,V9hDyY,2020-11-24,2020,11,Tuesday,2,7.0,
7f11431e-43f5-459d-815e-53d131dabae2,4,HHY1ds,2020-11-24,2020,11,Tuesday,2,7.0,51720aaf-c319-496d-91af-e557605a83b9
60c3f08a-c289-409c-87ae-6708bbb9671d,4,g0RPTY,2020-11-24,2020,11,Tuesday,2,7.0,
4130b6ff-db81-41ed-98f6-6a1f0cc1e1ad,4,IWoDZ7,2020-11-24,2020,11,Tuesday,1,3.5,
fa21130b-5439-4e96-a937-4125f2ece58f,4,AcIRu7,2020-11-24,2020,11,Tuesday,3,10.5,05bc364f-9163-4cce-8290-fbe64ea56e5b
50a6479a-d412-408a-9e8a-1f8364ce68ee,4,iYvFyn,2020-11-24,2020,11,Tuesday,3,10.5,
f6335bc3-b831-4ed4-9f38-b171c4061b5b,4,iYvFyn,2020-11-24,2020,11,Tuesday,1,3.5,77d1d3e9-23f2-4e1c-ab60-fb6427929461
ce43c735-0ef8-464f-bb6d-a2dfa7f4667a,4,8CnCaM,2020-11-24,2020,11,Tuesday,2,7.0,
a6838f3e-75f1-49f2-91b3-cbc76b2da06f,4,TwErrn,2020-11-24,2020,11,Tuesday,2,7.0,
bbddc495-e9c8-4c1b-ac4a-b1c3f59a37e9,4,V9hDyY,2020-11-24,2020,11,Tuesday,2,7.0,
c835cad7-da56-4e0b-bcb4-8a2a43af997a,4,YnyFQq,2020-11-24,2020,11,Tuesday,2,7.0,
1e1ca58c-cd41-4fa0-9694-1e0ffb484fc6,4,TwErrn,2020-11-24,2020,11,Tuesday,2,7.0,
2260a537-ecac-47e4-be08-19ca3fb0bda7,4,K8gkI8,2020-11-24,2020,11,Tuesday,2,7.0,
90492b91-4eb7-4320-8089-b3d88fca1d42,4,QIb1Te,2020-11-24,2020,11,Tuesday,3,10.5,
7723f458-2731-4efa-a223-4a7a1759b723,4,IWoDZ7,2020-11-24,2020,11,Tuesday,2,7.0,
f3abbc85-ddd3-499b-bd8b-0a83853e1229,4,K8gkI8,2020-11-24,2020,11,Tuesday,1,3.5,
cd591c59-5bbd-42bc-8d51-20eb774d25bf,4,AcIRu7,2020-11-24,2020,11,Tuesday,3,10.5,
28179e0b-6aa0-4ab6-b1d8-ba7f3d76220c,4,K8gkI8,2020-11-25,2020,11,Wednesday,2,7.0,
a70078de-3753-4b2d-9a0e-a22a7f555ffa,4,K8gkI8,2020-11-25,2020,11,Wednesday,2,7.0,
67684a6b-457d-47d2-9a71-043d7d7d135c,4,Xd4sZA,2020-11-25,2020,11,Wednesday,2,7.0,
eb6e3762-0352-4d41-a1b3-76e6684b733e,4,g0RPTY,2020-11-25,2020,11,Wednesday,1,3.5,
12106fd3-a854-49e9-a87d-3fff0356ab18,4,fvBBXY,2020-11-25,2020,11,Wednesday,1,3.5,
1412a275-b5bc-4dd4-8f32-c1cfb27a30fb,4,iYvFyn,2020-11-25,2020,11,Wednesday,2,7.0,
4a3bb4b5-b950-4010-a7ec-9b33dad61a2c,4,8CnCaM,2020-11-25,2020,11,Wednesday,2,7.0,
04c3e655-81b3-459b-b04f-8cc752b14444,4,RZZSxq,2020-11-25,2020,11,Wednesday,2,7.0,c2a9d258-5877-405e-8781-35fc5a2abeab
8bdb5f79-9c51-4b27-b8b2-ae46ae996a54,4,XkiZ9D,2020-11-25,2020,11,Wednesday,3,10.5,
ea18c1ac-9e68-44eb-9b47-f457d5c25f56,4,iYvFyn,2020-11-25,2020,11,Wednesday,1,3.5,c13e87b1-eb73-4922-99da-b4acd5a0bf97
a9c9fe79-21a3-41a4-9ed4-e25d880e1949,4,fvBBXY,2020-11-25,2020,11,Wednesday,1,3.5,
3a2908b0-d87e-4f79-92ee-d7033926c4bd,4,RZZSxq,2020-11-25,2020,11,Wednesday,2,7.0,
559cb1ff-6b4a-464d-bf62-1414cb359d62,4,IWoDZ7,2020-11-25,2020,11,Wednesday,3,10.5,
f193c5eb-6883-4287-bb25-39a85a21c1c3,4,9FFwEf,2020-11-25,2020,11,Wednesday,3,10.5,
553912ce-ff6b-4f14-9ccb-ac275a616837,4,RZZSxq,2020-11-25,2020,11,Wednesday,3,10.5,
802c400d-68e6-4533-bbcd-80fa51b01af3,4,8CnCaM,2020-11-25,2020,11,Wednesday,2,7.0,636b6842-be99-4184-aab5-bcf4b12ff941
b0616fc0-44e9-4b5e-8d4c-7fca57d7b080,4,J4fMRf,2020-11-25,2020,11,Wednesday,1,3.5,
c83745e2-4473-4df3-9239-8891359c36b1,4,RZZSxq,2020-11-25,2020,11,Wednesday,3,10.5,bc99d594-0bb8-441d-a412-f522223815d9
eba85b51-48e7-43cc-a09d-540d89d46f16,4,IWoDZ7,2020-11-25,2020,11,Wednesday,1,3.5,511ed47d-4be3-4a52-b7e5-49c7703a7006
83492099-dbc0-4bc1-bf3f-398c3b6c3894,4,Xd4sZA,2020-11-25,2020,11,Wednesday,1,3.5,db4c39e2-5614-4fcf-8152-e37a6a8f4146
019122b0-d7b1-475d-a9c3-e32548d45456,4,XkiZ9D,2020-11-25,2020,11,Wednesday,2,7.0,
54f2dd85-60dc-41f6-90b4-b3c1e497b823,4,iYvFyn,2020-11-25,2020,11,Wednesday,1,3.5,
cfcbef8a-1d41-40e9-bab8-2e06d8fda97e,4,XkiZ9D,2020-11-25,2020,11,Wednesday,2,7.0,
c7bef11e-b62f-4fcd-a673-a4c5615b1f1c,4,g0RPTY,2020-11-25,2020,11,Wednesday,3,10.5,
08546103-fd17-475e-801b-4754907b58e6,4,g0RPTY,2020-11-25,2020,11,Wednesday,2,7.0,503cec84-9c67-4752-81c3-26a1276f91c9
a4771a6a-aeeb-40cd-8d50-428625342cac,4,iYvFyn,2020-11-25,2020,11,Wednesday,1,3.5,
937a663c-0797-4af1-b03a-8d84d8e8f551,4,1X3p2H,2020-11-25,2020,11,Wednesday,2,7.0,7a29d454-7d73-483d-b618-c90c049cf73e
b2810526-bb1b-43fb-8c66-a954a9c1a9d2,4,RZZSxq,2020-11-25,2020,11,Wednesday,2,7.0,
069e4087-a691-4f3e-b49a-cab5b5ff9348,4,1X3p2H,2020-11-25,2020,11,Wednesday,2,7.0,dcdb286e-dce5-4c89-abdb-feb3d66e7bc9
f6b9974e-6241-4177-9c97-fddca7153f31,4,1X3p2H,2020-11-25,2020,11,Wednesday,3,10.5,
ba5afaac-d456-46a7-aad7-a03997510e6a,4,YnyFQq,2020-11-25,2020,11,Wednesday,3,10.5,667d16d6-62b1-4f1e-a526-c985c59bf485
0c5fd6fe-38ed-4c66-9d69-f7408dac58c0,4,IWoDZ7,2020-11-25,2020,11,Wednesday,2,7.0,
e4c58b56-6d15-4641-9dd7-3d6f8b7f5629,4,YnyFQq,2020-11-25,2020,11,Wednesday,2,7.0,
1be6af5d-cccd-4bf6-bc9f-a55c6becd71a,4,9FFwEf,2020-11-25,2020,11,Wednesday,2,7.0,9a159fc2-25f6-4568-9170-6699d347fb53
71aa3044-aedf-46c2-8fe3-5a3b356f1fff,4,8CnCaM,2020-11-25,2020,11,Wednesday,1,3.5,
2f8e8f44-21c8-4430-bac7-e3c1b1f911dc,4,pCjr1R,2020-11-25,2020,11,Wednesday,2,7.0,7ff5b5dd-26fb-4f36-b734-caf92b4657fc
8cae765a-fcb2-426c-bbd1-10dd021a6101,4,RZZSxq,2020-11-25,2020,11,Wednesday,2,7.0,2a743fc8-b7e6-47e3-b5a3-b8ab806527d8
f4eb8862-ed5c-4a8c-afff-66f779933219,4,AcIRu7,2020-11-25,2020,11,Wednesday,1,3.5,
4e89b14a-a3ae-4291-8482-541acf5a00a2,4,iYvFyn,2020-11-25,2020,11,Wednesday,2,7.0,
9e95ece0-bde0-4061-aff2-aab32a03285e,4,XkiZ9D,2020-11-25,2020,11,Wednesday,2,7.0,
83399c11-5936-4982-ad86-02755a32b640,4,pCjr1R,2020-11-25,2020,11,Wednesday,1,3.5,57197068-5f83-4545-adb8-7b782c960017
5189390d-c3b8-4b5f-bbef-933978053154,4,YnyFQq,2020-11-25,2020,11,Wednesday,3,10.5,
078fd771-e119-411c-82b2-79950e9740d6,4,QIb1Te,2020-11-25,2020,11,Wednesday,3,10.5,5d8bc7fb-98d4-4474-b7cc-d28d94497941
30ec0f27-2ebe-46a0-96cf-f21c7c5accf0,4,pCjr1R,2020-11-25,2020,11,Wednesday,3,10.5,9677d29a-fc88-4d6a-8bab-36706e66ffd3
6cc7a788-d86e-4607-938d-c3053214d7e6,4,g0RPTY,2020-11-25,2020,11,Wednesday,1,3.5,
dbd97cbd-6a8a-4161-8077-335dbbf4d79e,4,AcIRu7,2020-11-25,2020,11,Wednesday,1,3.5,
42879e23-9d10-43c0-9fd3-c97a301ef64d,4,TwErrn,2020-11-25,2020,11,Wednesday,2,7.0,
7021e640-9c28-4eb5-876e-4b80cb350011,4,Xd4sZA,2020-11-25,2020,11,Wednesday,3,10.5,
23eedbb3-cc22-4b53-b1d2-6e5401f8c006,4,AcIRu7,2020-11-25,2020,11,Wednesday,1,3.5,
0cf1dc06-8003-441e-9beb-57bf16e31a27,4,V9hDyY,2020-11-25,2020,11,Wednesday,2,7.0,04acca25-4c5b-4442-8148-a7f25643420a
2678681b-ea54-432a-b3b8-58fe2c351039,4,IWoDZ7,2020-11-25,2020,11,Wednesday,2,7.0,
4e43292f-e51c-4cdc-9412-cb68dcbded03,4,AcIRu7,2020-11-25,2020,11,Wednesday,1,3.5,
bfb7e16d-72b2-4cf2-94b7-9ee64961c87b,4,HHY1ds,2020-11-25,2020,11,Wednesday,2,7.0,
b0e98baa-8416-4837-928f-d0cd6fc3fcdd,4,QIb1Te,2020-11-25,2020,11,Wednesday,2,7.0,a7fabe96-a2cb-48e7-b004-89ea784688ab
86b31767-9dbd-48cf-a133-a401d85460c6,4,g0RPTY,2020-11-25,2020,11,Wednesday,1,3.5,
bb96d4ba-cdfe-4950-9773-1411632c2a94,4,YnyFQq,2020-11-25,2020,11,Wednesday,3,10.5,
21ae6834-b6a9-402c-9869-90f6cfd2d6bf,4,HHY1ds,2020-11-25,2020,11,Wednesday,2,7.0,
aa8c679e-074e-45cd-9c0d-cda6b45d88f9,4,g0RPTY,2020-11-25,2020,11,Wednesday,2,7.0,
b92fa2f4-2ba0-4fd8-91e4-2dbc990391b8,4,8CnCaM,2020-11-25,2020,11,Wednesday,1,3.5,
ca4ae0c3-5c37-4a94-a5c1-5fc79f3b7572,4,9FFwEf,2020-11-25,2020,11,Wednesday,1,3.5,
4ef79633-c1b3-43bf-abaa-5b8d66c1fbfe,4,QIb1Te,2020-11-25,2020,11,Wednesday,3,10.5,
d28c7b77-58cb-4b3c-aa21-e45d3141cc84,4,TwErrn,2020-11-25,2020,11,Wednesday,3,10.5,86ced926-677f-40c7-8dae-7aaacf0feac7
0c920bae-5c35-426f-abbb-1325bd0837c9,4,1X3p2H,2020-11-25,2020,11,Wednesday,3,10.5,57197068-5f83-4545-adb8-7b782c960017
ed9ab73c-bffc-4645-8e50-1d0a6f7291c7,4,XkiZ9D,2020-11-25,2020,11,Wednesday,2,7.0,
ea291ba5-8928-4178-ae17-ad14e855a1eb,4,pCjr1R,2020-11-25,2020,11,Wednesday,2,7.0,
817728ee-1d56-4b18-9981-8db346d0b1f5,4,fvBBXY,2020-11-25,2020,11,Wednesday,2,7.0,77d1d3e9-23f2-4e1c-ab60-fb6427929461
404144f9-bae6-4d9b-afd1-6055950dc44c,4,HHY1ds,2020-11-25,2020,11,Wednesday,2,7.0,
d722aae9-be36-4147-a214-6897d013d310,4,Xd4sZA,2020-11-25,2020,11,Wednesday,2,7.0,
9ec9be33-f562-4d1f-937f-633ba9acddeb,4,HHY1ds,2020-11-25,2020,11,Wednesday,3,10.5,
904605b0-0b39-4738-a624-23774e1f4c3a,4,YnyFQq,2020-11-25,2020,11,Wednesday,3,10.5,
1a8d0c9f-da01-42cf-a5a7-d13e24fe9432,4,8CnCaM,2020-11-25,2020,11,Wednesday,1,3.5,
be1349d5-ea94-425a-aaf8-2a052b407a36,4,Xd4sZA,2020-11-25,2020,11,Wednesday,2,7.0,
de9d67e4-a19f-433b-964b-bb41222d1bee,4,V9hDyY,2020-11-25,2020,11,Wednesday,2,7.0,
69b85f19-ead1-4e0d-af84-f58ee3a188bd,4,TwErrn,2020-11-25,2020,11,Wednesday,3,10.5,
3fe8450d-a856-48f9-b91d-35b3bfe91f08,4,fvBBXY,2020-11-25,2020,11,Wednesday,2,7.0,9d5a946d-d4bc-426c-b2c9-da3c468583e9
c407dc83-5a57-46f6-988b-cefe8c6edf0e,4,K8gkI8,2020-11-25,2020,11,Wednesday,1,3.5,
766f70b4-e0a3-4258-a20a-73db23718085,4,XkiZ9D,2020-11-25,2020,11,Wednesday,2,7.0,
9049715d-7ae0-482b-be31-4867c2a4a52f,4,J4fMRf,2020-11-25,2020,11,Wednesday,3,10.5,
31afb09e-fc2f-4b63-93ee-4d6498ac24e5,4,Xd4sZA,2020-11-25,2020,11,Wednesday,2,7.0,
1f8bae83-09e2-4c54-bb41-4b9ac1a5a067,4,AcIRu7,2020-11-25,2020,11,Wednesday,1,3.5,97c36b3b-8c96-4e61-bb4f-57ab5ac2e8de
308b312c-76b8-4a07-844a-e1754b5f5372,4,AcIRu7,2020-11-25,2020,11,Wednesday,2,7.0,
8a46ff9a-912d-4e16-bce3-950d7e153e70,4,pCjr1R,2020-11-26,2020,11,Thursday,2,7.0,78cf43f3-f011-47ec-bf94-29999cdbd4d7
7156b7ca-8414-441d-90a8-6e9f0768b4db,4,Xd4sZA,2020-11-26,2020,11,Thursday,1,3.5,
84823e6e-61b2-49d7-bc48-379e6ebd338c,4,YnyFQq,2020-11-26,2020,11,Thursday,3,10.5,
10788eda-3788-4dbc-bd13-7aa796808b26,4,HHY1ds,2020-11-26,2020,11,Thursday,3,10.5,6416e346-698c-4251-8c25-4585f5053c7b
6740342f-5455-4d96-969d-8f6598d84590,4,8CnCaM,2020-11-26,2020,11,Thursday,2,7.0,2df4b7df-3344-4e69-83ab-33aabb8b6131
6e5cae9c-2773-42a1-a845-75490d633693,4,1X3p2H,2020-11-26,2020,11,Thursday,2,7.0,
6b65133b-cb8f-4766-8648-1222716a7602,4,fvBBXY,2020-11-26,2020,11,Thursday,2,7.0,7da0c8b9-94cc-4568-aafc-6d44a0026782
b37cf082-39db-4ecb-9c16-cc289150b4ab,4,RZZSxq,2020-11-26,2020,11,Thursday,3,10.5,
e8ece49b-ea82-40bb-b299-5e491e1b6dcd,4,J4fMRf,2020-11-26,2020,11,Thursday,1,3.5,
dfeeb924-d9a4-4a9a-88b5-f29e8d7d8d66,4,J4fMRf,2020-11-26,2020,11,Thursday,1,3.5,
ff64c541-834c-40d8-822e-62c1adabc462,4,8CnCaM,2020-11-26,2020,11,Thursday,2,7.0,db4c39e2-5614-4fcf-8152-e37a6a8f4146
d73a70d4-91cc-40e5-a3a4-899223a2d371,4,RZZSxq,2020-11-26,2020,11,Thursday,2,7.0,
ae69987a-a03e-492b-a360-21ad38a19699,4,iYvFyn,2020-11-26,2020,11,Thursday,3,10.5,
0c25ca4a-3704-4f73-a4ac-bd0709e147c1,4,g0RPTY,2020-11-26,2020,11,Thursday,2,7.0,a7d3ba2d-8581-4fa8-ad9f-c36ccfb7f52d
7c096a61-5864-4a58-9ca4-c8f982ebb0e3,4,J4fMRf,2020-11-26,2020,11,Thursday,2,7.0,d084d4eb-9978-464e-8ef6-fad8f8e9536f
fe06e192-097f-4940-9964-f8b257807628,4,Xd4sZA,2020-11-26,2020,11,Thursday,3,10.5,
191d62e4-fa57-4261-bcae-7b118dbffe1c,4,1X3p2H,2020-11-26,2020,11,Thursday,1,3.5,
cb27a3d0-56d5-4dc5-bc32-ef7eeb621832,4,XkiZ9D,2020-11-26,2020,11,Thursday,3,10.5,
0b6dbfda-2d15-4648-82fb-b7ee6e54dab3,4,1X3p2H,2020-11-26,2020,11,Thursday,2,7.0,
68597c2e-92ea-4fd8-8cde-7e6fa724f6e8,4,Xd4sZA,2020-11-26,2020,11,Thursday,2,7.0,
6a9f867e-6052-468d-84d6-0c03ebebd20a,4,8CnCaM,2020-11-26,2020,11,Thursday,1,3.5,f4281d01-2e2c-4b24-a745-d5f26813ff4b
1369364a-2da5-4176-ac2d-fe12980fb215,4,V9hDyY,2020-11-26,2020,11,Thursday,2,7.0,
baf50bc9-f8fc-459a-a7fe-ee0a38c51705,4,fvBBXY,2020-11-26,2020,11,Thursday,3,10.5,
7c617fba-9a30-48ac-9806-9432eb5d6e87,4,RZZSxq,2020-11-26,2020,11,Thursday,2,7.0,585ae186-7664-4f6d-a1d8-621d0b33a57c
00104561-ebca-4aa9-86a6-d9d9720c39fa,4,QIb1Te,2020-11-26,2020,11,Thursday,3,10.5,5f412899-76c5-465a-89ed-e1b81c2efdd6
ed67319e-59cd-4803-94c3-e4834d9dead3,4,AcIRu7,2020-11-26,2020,11,Thursday,3,10.5,
4230c8cd-89e0-43c8-81bf-451fdb18f0ac,4,LRN0uO,2020-11-26,2020,11,Thursday,2,7.0,
726b8c6a-0c09-4c73-91cf-6d9d7d74bd6d,4,TwErrn,2020-11-26,2020,11,Thursday,1,3.5,
7f6b9177-832f-4403-af3d-dace3f707adc,4,J4fMRf,2020-11-26,2020,11,Thursday,3,10.5,
7617c5d9-c7b4-47ac-a514-0d23c38befcc,4,K8gkI8,2020-11-26,2020,11,Thursday,2,7.0,
ddf165b8-8ea8-4085-9147-1cbbb91940d8,4,pCjr1R,2020-11-26,2020,11,Thursday,1,3.5,
fbb45835-594c-40d4-ab08-db167715c9e3,4,8CnCaM,2020-11-26,2020,11,Thursday,2,7.0,
5f1166ad-1e41-437a-b5cb-80a6ef73a977,4,HHY1ds,2020-11-26,2020,11,Thursday,3,10.5,
2fc4336b-a63b-41f3-8e71-05d41cb6f713,4,J4fMRf,2020-11-26,2020,11,Thursday,2,7.0,
8e2ca56b-c000-4977-8e4d-ee44fec50a6a,4,K8gkI8,2020-11-26,2020,11,Thursday,3,10.5,47d56ab4-ce6a-42a5-a36a-27f80ce31957
79a934cc-a2f2-4d9a-bc7a-addbe39926ac,4,YnyFQq,2020-11-26,2020,11,Thursday,1,3.5,
0a358faa-0720-43de-ba94-3b6b7088698d,4,1X3p2H,2020-11-26,2020,11,Thursday,2,7.0,
3242ffad-8b27-405e-aa9d-f6f815090686,4,1X3p2H,2020-11-26,2020,11,Thursday,1,3.5,
0ea62d3e-2f1c-49fa-bb7a-eef03a192628,4,V9hDyY,2020-11-26,2020,11,Thursday,1,3.5,b4abaaeb-d742-4b38-91f8-49c9eaf5b22a
e9e9875b-274b-45b0-9c9e-54a486fbde73,4,LRN0uO,2020-11-26,2020,11,Thursday,2,7.0,
ad2ef490-686e-4e7a-942b-8a84597d3523,4,8CnCaM,2020-11-26,2020,11,Thursday,3,10.5,600266ac-5e18-4251-adaf-a059ac09e940
e57459e0-3419-418b-b8e3-6c4741a7a11b,4,YnyFQq,2020-11-26,2020,11,Thursday,3,10.5,
f83682d1-e659-42f1-b820-bcd72dfc36b4,4,TwErrn,2020-11-26,2020,11,Thursday,2,7.0,
de62fc46-1c7a-4768-95bf-437d17617109,4,HHY1ds,2020-11-26,2020,11,Thursday,3,10.5,
6201b013-c8b2-4734-835f-11ebba93db93,4,Xd4sZA,2020-11-26,2020,11,Thursday,2,7.0,
4570381f-3bf9-4ba7-af30-e026a64b2d90,4,IWoDZ7,2020-11-26,2020,11,Thursday,2,7.0,1b0a0912-1a4a-45a0-8fa2-78933c49a7a4
9223bea6-63dd-45ec-bcab-9b7a052baca9,4,fvBBXY,2020-11-26,2020,11,Thursday,1,3.5,
ecb315e3-0a3f-4a04-bcf3-be5b9fa5a09d,4,TwErrn,2020-11-26,2020,11,Thursday,2,7.0,
1a899dc8-fc9c-4a3d-8afd-b28459bbbb36,4,TwErrn,2020-11-26,2020,11,Thursday,3,10.5,
3010d069-20fb-4526-b9a6-79fcffc5a9f5,4,fvBBXY,2020-11-26,2020,11,Thursday,2,7.0,
121082fa-cc2c-4e04-abee-2d543c9251e8,4,1X3p2H,2020-11-26,2020,11,Thursday,3,10.5,6a295ac4-9de0-4628-9326-0f77eefd1659
4b588663-e38b-4d98-a711-8da84b4f7aa2,4,HHY1ds,2020-11-26,2020,11,Thursday,2,7.0,068fe63d-3ac8-4b1d-94cc-d8f6cf8185f6
ba8085c1-31ad-4e64-80c9-1ada0f4c6029,4,1X3p2H,2020-11-26,2020,11,Thursday,3,10.5,8273b0f0-7a32-4583-8c5d-8a37290787dd
3b37f7e1-c16b-49d7-bfe4-aae22101d7a5,4,1X3p2H,2020-11-26,2020,11,Thursday,2,7.0,17ad36d3-f045-42ab-a48d-d6a848d241a4
d8b6d177-fa4e-482f-8893-6d2deec05bf8,4,fvBBXY,2020-11-26,2020,11,Thursday,3,10.5,
14cf250a-bd63-4a2e-83b7-cae95194202c,4,Xd4sZA,2020-11-26,2020,11,Thursday,3,10.5,
08941ea5-8082-491b-98cc-2d7540ff8e0a,4,J4fMRf,2020-11-26,2020,11,Thursday,3,10.5,4d5134d1-2f06-4d63-8263-eec292d23312
92035b93-708b-4d8c-8da1-781ef8783242,4,1X3p2H,2020-11-26,2020,11,Thursday,2,7.0,
c2d90145-50cd-46a0-9ce1-f355e151ef64,4,AcIRu7,2020-11-26,2020,11,Thursday,3,10.5,
43a4e691-4fb3-4147-b9a7-1a8c85d31998,4,IWoDZ7,2020-11-26,2020,11,Thursday,1,3.5,a3051778-2cf8-4fdf-b056-1669dbfa1058
eb44fb22-b264-408e-ba46-3d093ecc58c4,4,V9hDyY,2020-11-26,2020,11,Thursday,1,3.5,
f6827790-b9f3-4c56-a5c0-f63dc7678a47,4,J4fMRf,2020-11-26,2020,11,Thursday,2,7.0,
7e79da07-463d-4c2c-a626-2e49b68f7efc,4,IWoDZ7,2020-11-26,2020,11,Thursday,3,10.5,
dc7a0a48-791d-464d-83da-5a1d4a9d9eaf,4,Xd4sZA,2020-11-26,2020,11,Thursday,2,7.0,
19028bc5-1b86-44d6-b270-f7822abe9d96,4,AcIRu7,2020-11-26,2020,11,Thursday,2,7.0,
d6c28aef-fd15-495c-9160-c86b47f4648e,4,HHY1ds,2020-11-26,2020,11,Thursday,3,10.5,ef5b667b-f24f-418f-939e-2b18ac75abdc
9ae186fe-320a-44c4-aab2-45cf068d8485,4,RZZSxq,2020-11-26,2020,11,Thursday,3,10.5,
0086f6fd-e153-4bd6-9150-e355c0ccb2c9,4,g0RPTY,2020-11-26,2020,11,Thursday,2,7.0,
d547a7c7-29e5-44d8-aa6c-62f890a149df,4,iYvFyn,2020-11-26,2020,11,Thursday,3,10.5,c1166789-397b-48e4-8c61-0a2a242d6286
1b24494f-0c96-40ff-9063-e84035d46cc3,4,TwErrn,2020-11-26,2020,11,Thursday,2,7.0,
e3a203af-d1ba-4a7e-8492-92117753c49a,4,LRN0uO,2020-11-26,2020,11,Thursday,1,3.5,
5fb4ef0f-862d-406f-9ef1-01abd70ef355,4,1X3p2H,2020-11-27,2020,11,Friday,3,10.5,
e3cd37c7-26b8-4750-9e08-9c0edc3379a1,4,LRN0uO,2020-11-27,2020,11,Friday,2,7.0,ae3314e8-98a0-4c08-8de4-4a46bbeced02
3fe74a97-6173-4c76-9c29-7e773857139b,4,fvBBXY,2020-11-27,2020,11,Friday,1,3.5,d084d4eb-9978-464e-8ef6-fad8f8e9536f
2ee6eee2-48a7-49aa-bb0b-e5f8ff1dea77,4,8CnCaM,2020-11-27,2020,11,Friday,1,3.5,8273b0f0-7a32-4583-8c5d-8a37290787dd
272bbc4d-cbc7-402a-bc85-8d188bf46508,4,LRN0uO,2020-11-27,2020,11,Friday,3,10.5,
599be456-5a2f-497b-8072-7f089523a361,4,IWoDZ7,2020-11-27,2020,11,Friday,2,7.0,62bdc5cf-1de2-438b-b406-35dedad24192
eac144d9-db30-4d9a-8617-a06f9c5a740c,4,AcIRu7,2020-11-27,2020,11,Friday,2,7.0,
b1ece78d-eb49-4975-80de-675b99148feb,4,HHY1ds,2020-11-27,2020,11,Friday,2,7.0,
33bca135-b96f-4664-83df-c527e1c9b7b1,4,J4fMRf,2020-11-27,2020,11,Friday,1,3.5,
798d790b-34ff-4f67-91a9-ed33e9b86a57,4,QIb1Te,2020-11-27,2020,11,Friday,1,3.5,600266ac-5e18-4251-adaf-a059ac09e940
316f94e5-c52c-4170-80aa-e69c02afa702,4,g0RPTY,2020-11-27,2020,11,Friday,1,3.5,
3621db93-3515-4018-b9b6-fbf43c98aa41,4,HHY1ds,2020-11-27,2020,11,Friday,2,7.0,
92a251f3-cb16-42fa-a94c-4da53fd4a01c,4,TwErrn,2020-11-27,2020,11,Friday,1,3.5,
ef11919a-1c01-4074-9fdf-6e3c6e8bc2a0,4,QIb1Te,2020-11-27,2020,11,Friday,3,10.5,97ad7cde-882f-4b35-b155-c1bc17834c22
e07cfad5-9cce-44ff-9138-d34ec80109c9,4,8CnCaM,2020-11-27,2020,11,Friday,3,10.5,
13741289-6569-4211-adbf-762ee9849086,4,9FFwEf,2020-11-27,2020,11,Friday,2,7.0,
ecc5b254-04fc-4141-a68b-541a139615c6,4,LRN0uO,2020-11-27,2020,11,Friday,2,7.0,47d56ab4-ce6a-42a5-a36a-27f80ce31957
b807b1f1-9574-48a8-9497-b4e49ab72bbb,4,QIb1Te,2020-11-27,2020,11,Friday,2,7.0,18530746-778c-451a-bc0e-a1e7942d2ec2
48d07093-6360-4815-8db1-c743605edf47,4,K8gkI8,2020-11-27,2020,11,Friday,1,3.5,
4cc85375-f866-4482-92cb-36e71e6d83b1,4,RZZSxq,2020-11-27,2020,11,Friday,2,7.0,048e9595-17a8-41fc-80a6-06ca24ad196e
8d1336c1-b217-4d22-94db-8ec0a46b78e1,4,XkiZ9D,2020-11-27,2020,11,Friday,2,7.0,
8ce4d64b-a6b0-49b6-9db9-b721115de83d,4,YnyFQq,2020-11-27,2020,11,Friday,1,3.5,8185202b-4706-452d-a20e-8f44bc4804d4
e568827b-8aad-4f39-a27d-b9775c991aef,4,LRN0uO,2020-11-27,2020,11,Friday,2,7.0,
dfc7c150-b5d1-4b52-bc2d-c98bb9a7d665,4,LRN0uO,2020-11-27,2020,11,Friday,2,7.0,32c77228-8890-42e9-9c1c-ff9dbdbe0572
9d360b5e-d5c3-4e00-98fe-81bef9b32982,4,QIb1Te,2020-11-27,2020,11,Friday,2,7.0,
2fac976a-5747-4565-9ca8-c06e6db92f63,4,Xd4sZA,2020-11-27,2020,11,Friday,2,7.0,97ad7cde-882f-4b35-b155-c1bc17834c22
491ba43e-c765-4053-910c-78629689371f,4,1X3p2H,2020-11-27,2020,11,Friday,1,3.5,
e43a4d4c-5b2f-41ed-8780-4b96242f7983,4,1X3p2H,2020-11-27,2020,11,Friday,1,3.5,76b7e7ab-0134-4f94-a2e4-5677171cd649
d2617eb0-45fa-4d2a-a9b3-56e6dacfa8de,4,pCjr1R,2020-11-27,2020,11,Friday,3,10.5,
bc6f66db-aea6-4268-a2dd-c55df044766e,4,Xd4sZA,2020-11-27,2020,11,Friday,2,7.0,
2a4b6493-b596-4824-a058-8d9135cb8788,4,XkiZ9D,2020-11-27,2020,11,Friday,3,10.5,54c2f33c-ff98-4537-bd8e-a17e8942faf5
5272a548-31c6-47b9-b5ac-1b93a6f35f8c,4,AcIRu7,2020-11-27,2020,11,Friday,2,7.0,
7377a01f-6dba-4198-a4d5-7e84ecd70326,4,K8gkI8,2020-11-27,2020,11,Friday,2,7.0,
031c4fc5-43d4-4e0c-9a11-64c4b98e6afb,4,V9hDyY,2020-11-27,2020,11,Friday,1,3.5,
6fcdb95d-dfcb-44a3-8e42-ec79a1f59c0f,4,J4fMRf,2020-11-27,2020,11,Friday,3,10.5,
5f7e6fa3-4b4b-45df-8c35-202c024daf89,4,1X3p2H,2020-11-27,2020,11,Friday,2,7.0,
a013156c-7c87-467f-82ff-3dc631f8a397,4,fvBBXY,2020-11-27,2020,11,Friday,3,10.5,e47400f9-36e4-474e-a442-77feeff215f9
49c3db2e-2a5e-4440-93ba-2955061e0095,4,Xd4sZA,2020-11-27,2020,11,Friday,2,7.0,
28de55a1-6dcc-4a3f-ae4d-25ef75abd1fe,4,8CnCaM,2020-11-27,2020,11,Friday,2,7.0,
0599c564-6449-4538-88a4-526b946eeba1,4,HHY1ds,2020-11-27,2020,11,Friday,2,7.0,
4c810971-6896-486f-bc18-88a5cda06dc2,4,K8gkI8,2020-11-27,2020,11,Friday,2,7.0,
9d6faea8-2be9-42e0-b79c-964e227ca0b6,4,YnyFQq,2020-11-27,2020,11,Friday,1,3.5,
573c5327-077c-400d-b3f5-73812c468ebf,4,AcIRu7,2020-11-27,2020,11,Friday,3,10.5,
59ab45f2-4da8-406d-bec4-ded52670cafb,4,fvBBXY,2020-11-27,2020,11,Friday,2,7.0,
6f6e6ee5-d0d8-44af-89a6-27dad9066969,4,Xd4sZA,2020-11-27,2020,11,Friday,1,3.5,6602f38b-51f4-4597-978d-088936a2f80a
ac3107ef-3562-43a3-b757-b1b96a2437f4,4,QIb1Te,2020-11-27,2020,11,Friday,1,3.5,
fb2ebe00-7f4f-45b3-b63d-ad1cf1a43431,4,fvBBXY,2020-11-27,2020,11,Friday,3,10.5,955d03c6-b9d6-4aae-acb4-8a36f781e1da
24eeebf6-1569-4f4b-b120-0cff53f71845,4,QIb1Te,2020-11-27,2020,11,Friday,3,10.5,5780b162-a90b-4049-b898-d2952d9b8f88
b59cc1b5-7c31-4e85-8560-32e23e4594f9,4,iYvFyn,2020-11-27,2020,11,Friday,2,7.0,
0f4974dc-69a8-4b3e-b9df-904acfa13892,4,QIb1Te,2020-11-27,2020,11,Friday,2,7.0,94f578db-8aef-463c-81ad-ff057caf89e0
06ff55f7-83f7-45b8-95a6-de6161419fe0,4,YnyFQq,2020-11-27,2020,11,Friday,3,10.5,
d058ff83-86f5-41dd-afaa-4f88fcc545c9,4,1X3p2H,2020-11-27,2020,11,Friday,2,7.0,a7d3ba2d-8581-4fa8-ad9f-c36ccfb7f52d
61894f04-63bd-4632-a5ca-8fb11aaf82f8,4,V9hDyY,2020-11-27,2020,11,Friday,1,3.5,
127623b6-2189-4e21-ba8c-43c79894e1e2,4,9FFwEf,2020-11-27,2020,11,Friday,3,10.5,3479dcf8-8995-42ca-a2d4-23c65b1b9302
093dcce7-e1b6-4f8c-ad2d-efc6efbd03e7,4,1X3p2H,2020-11-27,2020,11,Friday,3,10.5,db4c39e2-5614-4fcf-8152-e37a6a8f4146
8ce5f289-ec44-4072-9712-9d4a105ec4f9,4,pCjr1R,2020-11-27,2020,11,Friday,1,3.5,
6d53a52b-9e86-4eee-abb4-c1132d167c8a,4,Xd4sZA,2020-11-27,2020,11,Friday,3,10.5,
d123ac5f-022e-463c-b692-5c752ee56361,4,g0RPTY,2020-11-27,2020,11,Friday,2,7.0,
1e12109b-f0f6-44d1-9fb6-6acfe2c208b6,4,K8gkI8,2020-11-27,2020,11,Friday,3,10.5,
d6154398-7e62-453c-8a3b-f02f7e147b1d,4,HHY1ds,2020-11-27,2020,11,Friday,2,7.0,
2be98b34-e188-4d06-83e8-ff0e5674a933,4,8CnCaM,2020-11-27,2020,11,Friday,2,7.0,
e5e40b1a-90ec-4b7d-a53d-ccb8facb0acc,4,XkiZ9D,2020-11-27,2020,11,Friday,1,3.5,
d1e35615-5cac-4d6b-9f50-36690658eba0,4,fvBBXY,2020-11-27,2020,11,Friday,2,7.0,3ea82e3b-b6db-45eb-b759-4900a573b78a
73675fd7-bbad-4c8b-a743-12447be7d2d7,4,YnyFQq,2020-11-27,2020,11,Friday,2,7.0,
426578b2-e242-48d9-b07d-1912efc32b26,4,QIb1Te,2020-11-27,2020,11,Friday,3,10.5,
e6198910-580f-405b-8c74-39332cbe9b2d,4,TwErrn,2020-11-27,2020,11,Friday,1,3.5,
085d3eae-cecc-4cfc-923e-d9274a681586,4,1X3p2H,2020-11-27,2020,11,Friday,2,7.0,4ee6b65e-1a08-4a35-816b-6a81194fe810
248d2ee8-dc14-47a6-af67-692b48d46bf3,4,IWoDZ7,2020-11-27,2020,11,Friday,3,10.5,0fbcb773-42cb-475d-963c-41ef5eeecd36
952b7ca5-a364-43cd-96d3-536eb67d39a6,4,QIb1Te,2020-11-27,2020,11,Friday,2,7.0,
c014ba61-38f2-4406-8a65-4f8d9c04cada,4,iYvFyn,2020-11-27,2020,11,Friday,2,7.0,
10452b82-120b-4695-8721-495d196e0cd3,4,K8gkI8,2020-11-27,2020,11,Friday,1,3.5,
ea65e764-0fbb-423d-99b9-87f5382c8b35,4,9FFwEf,2020-11-27,2020,11,Friday,1,3.5,
c48166f6-d5ab-4a9f-89f1-509f839a4497,4,YnyFQq,2020-11-27,2020,11,Friday,3,10.5,
4a64c5d2-adf2-4c74-b8e5-714754b48eff,4,QIb1Te,2020-11-27,2020,11,Friday,2,7.0,
f377e818-5540-49d4-9d4d-856adab973bc,4,IWoDZ7,2020-11-27,2020,11,Friday,2,7.0,
d3fa4133-de71-4961-b8e2-cec331764418,4,XkiZ9D,2020-11-27,2020,11,Friday,2,7.0,
bed0267b-6e74-48fe-a618-8d1d38bc35fc,4,fvBBXY,2020-11-27,2020,11,Friday,1,3.5,47dea8ae-0261-4a68-a357-76a7ed1e6d54
ddd54ade-01cb-409b-9e49-6dbe5ed4a4eb,4,8CnCaM,2020-11-27,2020,11,Friday,2,7.0,
57328914-8b39-420e-8650-efccdf54edc1,4,V9hDyY,2020-11-27,2020,11,Friday,2,7.0,
6b0c3511-cbed-48c1-ac64-8df0e7dc18b3,4,K8gkI8,2020-11-27,2020,11,Friday,2,7.0,222f8e67-db58-4358-95d3-bfe73b7d8031
1dc0d09d-14cc-4b40-b3d4-3ce445f0d0aa,4,fvBBXY,2020-11-27,2020,11,Friday,2,7.0,
ebc64f5f-3fee-465e-8a85-7378989ea513,4,V9hDyY,2020-11-27,2020,11,Friday,2,7.0,
90aa993f-8c4e-4953-af33-754cb2cb0342,4,9FFwEf,2020-11-27,2020,11,Friday,2,7.0,9fa17acc-8fb4-46bc-98c2-c9d8b1da121b
a4f5e384-c277-42d6-b9f0-99cd6aeb0ba9,4,iYvFyn,2020-11-27,2020,11,Friday,2,7.0,3b509243-8181-49d2-9250-2d0ccb8461c3
bbc529cb-d810-4e5c-a2d7-926a50cd4791,4,YnyFQq,2020-11-27,2020,11,Friday,3,10.5,5e9c40c4-7189-4919-97b8-07762440f4a4
6dbe2013-87e4-4428-8e95-072642d81bf9,4,XkiZ9D,2020-11-27,2020,11,Friday,1,3.5,
6b772a05-d15d-4153-9c83-f30dc564b437,4,1X3p2H,2020-11-27,2020,11,Friday,2,7.0,
f8bcf651-bf90-4996-b9e6-d16f4c28cbbc,4,fvBBXY,2020-11-27,2020,11,Friday,3,10.5,
dcff31f3-433c-42ae-a2f2-d0eed346dee8,4,IWoDZ7,2020-11-27,2020,11,Friday,3,10.5,51720aaf-c319-496d-91af-e557605a83b9
b46d9721-d63f-4f4a-9f60-3cc94d80f224,4,HHY1ds,2020-11-27,2020,11,Friday,1,3.5,
847c8f34-89b6-4ccb-935e-a4f87cdcc04d,4,K8gkI8,2020-11-27,2020,11,Friday,3,10.5,1f2d862f-18f9-4c58-a4b3-45b3db796ad4
e37c42e7-f78f-4fe5-a68d-44207d472e17,4,QIb1Te,2020-11-27,2020,11,Friday,2,7.0,7a29d454-7d73-483d-b618-c90c049cf73e
6cd5975b-5932-4e4c-98ca-2fef45fae287,4,pCjr1R,2020-11-27,2020,11,Friday,2,7.0,48cabfc7-384a-4e63-965c-31995d58be55
23c5e438-654b-4e8e-a67a-ac52857e9014,4,LRN0uO,2020-11-27,2020,11,Friday,1,3.5,
d75eb467-dcef-468c-be38-7413a9d856e3,4,RZZSxq,2020-11-27,2020,11,Friday,2,7.0,
7b4519d8-75d2-4dd6-8a04-a6a97f2f1297,4,XkiZ9D,2020-11-27,2020,11,Friday,3,10.5,503cec84-9c67-4752-81c3-26a1276f91c9
5e4c69e2-02eb-49ec-ae3b-ebc7ac3d66d6,4,HHY1ds,2020-11-28,2020,11,Saturday,2,7.0,
a4d5e8de-5bd2-4b5b-818d-dce452443781,4,iYvFyn,2020-11-28,2020,11,Saturday,3,10.5,
8117c68d-7b29-42c7-ba94-a4e599fd6bed,4,iYvFyn,2020-11-28,2020,11,Saturday,2,7.0,
4c9c548e-4d04-41a7-8927-bc6c5a82c462,4,XkiZ9D,2020-11-28,2020,11,Saturday,1,3.5,
11fca6c2-70ff-43f0-9a35-cb24f9525f66,4,pCjr1R,2020-11-28,2020,11,Saturday,2,7.0,1e50503a-5e78-4555-93d3-9a7d0fcbfa20
89dbc117-8715-4a0c-a479-7990c8b7b60c,4,LRN0uO,2020-11-28,2020,11,Saturday,1,3.5,b75e853f-1bc4-42c8-9ebb-613176b251a6
47ab94dc-55ec-43f8-8785-d8210940f4bd,4,YnyFQq,2020-11-28,2020,11,Saturday,3,10.5,
28fe59cc-da55-49e9-b1ca-f1a9fff1e889,4,g0RPTY,2020-11-28,2020,11,Saturday,1,3.5,
19633b1a-272d-4da0-9d81-8277941a8fcf,4,Xd4sZA,2020-11-28,2020,11,Saturday,2,7.0,5de746d2-23fa-4b26-82a8-ae7e5f9571af
51f5cda9-f6d9-4b24-9e53-d2fec1670b01,4,9FFwEf,2020-11-28,2020,11,Saturday,2,7.0,
c4ee5a77-869f-41a5-90ab-60abc611c9f4,4,QIb1Te,2020-11-28,2020,11,Saturday,3,10.5,18530746-778c-451a-bc0e-a1e7942d2ec2
03a0b196-a2b2-4c5f-840b-073239bca054,4,IWoDZ7,2020-11-28,2020,11,Saturday,1,3.5,
781fb289-7915-432a-b615-78b104b0c9ef,4,IWoDZ7,2020-11-28,2020,11,Saturday,1,3.5,
292e0ca6-2074-418f-baf1-d85c92e3a86e,4,TwErrn,2020-11-28,2020,11,Saturday,1,3.5,
4815e607-d770-4d45-ba74-31819143b426,4,LRN0uO,2020-11-28,2020,11,Saturday,2,7.0,
592c33aa-8ccf-4bb1-b7d5-bfaa5614985f,4,IWoDZ7,2020-11-28,2020,11,Saturday,2,7.0,cf96d80e-620b-4b4f-b346-83828a391ca8
111937c7-f4ce-4cb2-9cd3-1e5bba5344ac,4,g0RPTY,2020-11-28,2020,11,Saturday,1,3.5,
660c94a1-c040-4089-bc06-b230ae240230,4,K8gkI8,2020-11-28,2020,11,Saturday,2,7.0,10b3ef9e-7e8f-48c9-a2ae-0b189993340e
f47b487c-0db9-459a-a1d3-24cc0569c5e1,4,TwErrn,2020-11-28,2020,11,Saturday,2,7.0,
10c0a9ef-bf7b-4940-8c97-bc2857b45068,4,HHY1ds,2020-11-28,2020,11,Saturday,2,7.0,
d91b3415-255a-44f1-a8a7-04ac11b317db,4,iYvFyn,2020-11-28,2020,11,Saturday,1,3.5,
b40459f4-af3c-4615-b3dd-2951eb4de3b2,4,1X3p2H,2020-11-28,2020,11,Saturday,2,7.0,51720aaf-c319-496d-91af-e557605a83b9
8bdc15a3-b17e-4fef-b3e5-f892799b050a,4,QIb1Te,2020-11-28,2020,11,Saturday,2,7.0,
73a9fb6a-90e2-49b8-a57c-cdbc1386691b,4,1X3p2H,2020-11-28,2020,11,Saturday,1,3.5,
5a876ae2-6a64-4365-a8b1-86c3ba3970f7,4,XkiZ9D,2020-11-28,2020,11,Saturday,2,7.0,
41b60844-896b-486b-a917-4283cc9a21ab,4,AcIRu7,2020-11-28,2020,11,Saturday,2,7.0,
1f581159-e4d6-4b36-a420-bb8906637732,4,RZZSxq,2020-11-28,2020,11,Saturday,2,7.0,
a13f2de2-9f70-4d49-ba4f-9e076c71333b,4,QIb1Te,2020-11-28,2020,11,Saturday,2,7.0,
8b558984-5cbc-4514-a5ea-12f8aab96810,4,LRN0uO,2020-11-28,2020,11,Saturday,2,7.0,
622497aa-d831-4461-9955-ee94ecce0fa9,4,g0RPTY,2020-11-28,2020,11,Saturday,1,3.5,2e86f145-3869-4d87-856c-57875336938c
0223c643-4bf6-4575-b73e-52574f479c6d,4,fvBBXY,2020-11-28,2020,11,Saturday,2,7.0,
af245753-dafb-4d67-847f-52fb9a2983db,4,g0RPTY,2020-11-28,2020,11,Saturday,3,10.5,
be6b07e2-b560-4bed-99a0-4417f4d2836a,4,AcIRu7,2020-11-28,2020,11,Saturday,3,10.5,
6f891322-d5b4-4e29-a763-ecfa8250df07,4,HHY1ds,2020-11-28,2020,11,Saturday,1,3.5,
84cea067-1fd4-48ad-aac0-1a019e05211c,4,TwErrn,2020-11-28,2020,11,Saturday,3,10.5,
86e739ae-0508-4a31-9452-f25c27b1fff4,4,IWoDZ7,2020-11-28,2020,11,Saturday,1,3.5,
c72d0e21-9330-468f-9848-b9ec5add9d16,4,9FFwEf,2020-11-28,2020,11,Saturday,2,7.0,
ab784d1d-ada7-44cb-92fe-b7599a283db1,4,J4fMRf,2020-11-28,2020,11,Saturday,2,7.0,
ead774f1-113b-4dde-82c0-12aad6e63005,4,8CnCaM,2020-11-28,2020,11,Saturday,2,7.0,
3b6b5cff-1781-4437-a8f3-5492a74a548d,4,fvBBXY,2020-11-28,2020,11,Saturday,3,10.5,e93486f6-eb6e-4dcf-925f-1195070a4bdd
be7a66a0-2ec3-4aa2-878c-a10a3e774e7f,4,9FFwEf,2020-11-28,2020,11,Saturday,1,3.5,
9012deeb-7261-4c30-b33f-3c36760d62b4,4,AcIRu7,2020-11-28,2020,11,Saturday,3,10.5,
41b94af3-204f-4a82-b24d-286850ea7d41,4,IWoDZ7,2020-11-28,2020,11,Saturday,3,10.5,
b688114e-17a3-46e3-a6fd-21fa3aefec28,4,8CnCaM,2020-11-28,2020,11,Saturday,3,10.5,
92461923-0a2e-4296-b375-c85b6eb1038a,4,IWoDZ7,2020-11-28,2020,11,Saturday,3,10.5,eb5e4ba1-74e3-43f4-9013-20a68153a09c
0dbd82ce-02a6-47f0-a2ce-9405eca6b38a,4,1X3p2H,2020-11-28,2020,11,Saturday,1,3.5,
86fb1b3b-3f24-497a-99a8-0620e034facb,4,8CnCaM,2020-11-28,2020,11,Saturday,3,10.5,
7ad699e3-ba34-4865-bb69-c91a7fcab982,4,IWoDZ7,2020-11-28,2020,11,Saturday,1,3.5,b75e853f-1bc4-42c8-9ebb-613176b251a6
fed845d1-3180-4f39-863f-6d424d909a5f,4,8CnCaM,2020-11-28,2020,11,Saturday,1,3.5,
0a272aa5-07af-47dd-a76f-9510fab339bc,4,Xd4sZA,2020-11-28,2020,11,Saturday,2,7.0,
f519dd26-2774-420b-9cea-5606ae4fdc5c,4,fvBBXY,2020-11-28,2020,11,Saturday,3,10.5,97c36b3b-8c96-4e61-bb4f-57ab5ac2e8de
6aa03d0f-68b2-4b49-978e-2d04e2dc8b4f,4,8CnCaM,2020-11-28,2020,11,Saturday,1,3.5,7961968c-c9f8-4bc6-8b99-129f2c18ae7f
cd9e3fc2-0de6-4782-be55-e91431ce165a,4,RZZSxq,2020-11-28,2020,11,Saturday,2,7.0,7a359c55-7a89-45e1-b8c2-0bd5e3d7e997
eaa20e70-5e8b-478a-9686-ec12418676a2,4,K8gkI8,2020-11-28,2020,11,Saturday,2,7.0,
f8cc6f22-3e82-4ca6-9a54-116886862945,4,XkiZ9D,2020-11-28,2020,11,Saturday,2,7.0,
971b403b-9091-4b8a-bdfc-20d276da748f,4,HHY1ds,2020-11-28,2020,11,Saturday,2,7.0,b7be8719-d7cc-4c06-8bf6-d5bd0cc7df37
ce0e2379-93b3-497b-8254-6190de068555,4,pCjr1R,2020-11-28,2020,11,Saturday,1,3.5,
b3037c0d-336e-4d9e-a643-5b8b5cfb1241,4,1X3p2H,2020-11-28,2020,11,Saturday,2,7.0,
cf0eab67-11db-472f-95c0-0f4943dc7c2a,4,XkiZ9D,2020-11-28,2020,11,Saturday,2,7.0,
acab86a0-032d-4c92-9785-41d456f37b28,4,J4fMRf,2020-11-28,2020,11,Saturday,3,10.5,
2140f4f1-e90d-47d9-9fbf-381584edf00f,4,YnyFQq,2020-11-28,2020,11,Saturday,1,3.5,d581e5a3-f4e8-4826-b4e5-e22f0f1796cc
7290c4e8-44e2-4b0b-aa74-1323b7cbedc1,4,1X3p2H,2020-11-28,2020,11,Saturday,2,7.0,797891e3-c60d-407b-8bb3-70304ffd1970
3cac933d-898e-407b-b429-5c01cc9e0ee2,4,1X3p2H,2020-11-28,2020,11,Saturday,2,7.0,
b55216be-3684-41fa-855b-61b161adaff8,4,V9hDyY,2020-11-28,2020,11,Saturday,2,7.0,
b9410109-931d-4ed7-b4d3-3b8bab5d6346,4,V9hDyY,2020-11-28,2020,11,Saturday,2,7.0,
93512a38-a29e-40d9-acd9-62151f6d4159,4,LRN0uO,2020-11-28,2020,11,Saturday,2,7.0,b355813f-831d-4f72-8408-4d42562c3e34
15ffa678-75ad-48f1-8ea1-573210b71e97,4,QIb1Te,2020-11-28,2020,11,Saturday,2,7.0,
c5f0a3f0-6841-4914-9fc6-90e86085d2e0,4,9FFwEf,2020-11-28,2020,11,Saturday,1,3.5,
0a02b918-434e-4333-9b16-f7b3956e15f5,4,Xd4sZA,2020-11-28,2020,11,Saturday,3,10.5,
5abea1e9-c209-4792-b281-bb133e2a40ba,4,QIb1Te,2020-11-28,2020,11,Saturday,2,7.0,
bb442a23-ff54-4ae9-a70c-c753e3614dfd,4,HHY1ds,2020-11-28,2020,11,Saturday,1,3.5,0bd42dab-c673-41a0-96b2-d12f5dc93e56
e6653776-222c-4dab-84cb-399d7a232a96,4,8CnCaM,2020-11-28,2020,11,Saturday,3,10.5,
d4fbf99f-d351-4c7f-9e44-d05d2d768952,4,fvBBXY,2020-11-28,2020,11,Saturday,1,3.5,
b8a23d4b-1dbf-4e68-bfea-119158f6f59d,4,AcIRu7,2020-11-28,2020,11,Saturday,2,7.0,
d0f9112c-9b05-4f4e-aebc-f63f7ec39452,4,pCjr1R,2020-11-28,2020,11,Saturday,2,7.0,
b6e712ac-47e9-45c4-baa3-97f271dc3725,4,HHY1ds,2020-11-28,2020,11,Saturday,2,7.0,
e56c7ca7-09b7-4e39-aa2a-e68b5ce7cc1b,4,IWoDZ7,2020-11-28,2020,11,Saturday,3,10.5,
2f995b11-b9fb-487e-ae26-460669aec9f7,4,1X3p2H,2020-11-28,2020,11,Saturday,3,10.5,c59b5768-66d9-477c-aa15-6d68441a2420
468ea701-0c99-4ede-b62d-329ca029e0fe,4,LRN0uO,2020-11-28,2020,11,Saturday,2,7.0,eecee997-4db9-4719-a897-a93fcf18660f
8294895a-bbf9-458b-bb06-b628c0e17af7,4,9FFwEf,2020-11-28,2020,11,Saturday,2,7.0,
d6125115-8319-4bea-a652-645784f1abe8,4,iYvFyn,2020-11-28,2020,11,Saturday,2,7.0,
eb1e37b5-7574-46ce-8770-e139fc76835a,4,g0RPTY,2020-11-29,2020,11,Sunday,2,7.0,
ffdec4e1-6464-42ed-9b54-8a5b2f61b704,4,fvBBXY,2020-11-29,2020,11,Sunday,3,10.5,
679a7fd1-53cd-4b80-af20-6511fca946ba,4,HHY1ds,2020-11-29,2020,11,Sunday,3,10.5,
f25194f6-f7c2-41e1-88b3-5dcae906897f,4,1X3p2H,2020-11-29,2020,11,Sunday,2,7.0,b355813f-831d-4f72-8408-4d42562c3e34
35f8d543-af84-4800-acb0-6e147f813fc8,4,Xd4sZA,2020-11-29,2020,11,Sunday,2,7.0,7ff5b5dd-26fb-4f36-b734-caf92b4657fc
a4bf3a1a-7207-4eb8-b4d0-cf054d9d791c,4,TwErrn,2020-11-29,2020,11,Sunday,3,10.5,
307a5961-c397-419f-a151-b4a3ae407957,4,V9hDyY,2020-11-29,2020,11,Sunday,1,3.5,
aff1b03c-946f-465f-8aa1-162c9fc75a58,4,fvBBXY,2020-11-29,2020,11,Sunday,2,7.0,
3e12b698-c061-4efd-956e-9cc333393352,4,fvBBXY,2020-11-29,2020,11,Sunday,1,3.5,
b64cf606-ca3b-4d5a-9a2c-db54c676a00d,4,LRN0uO,2020-11-29,2020,11,Sunday,2,7.0,
29578014-424a-461c-a8dc-e0f6e6a068ae,4,YnyFQq,2020-11-29,2020,11,Sunday,2,7.0,6c33cfca-8bdf-4045-ba5f-3f01b6e2c51a
18df02ea-0cff-4e6e-8c36-a74f4189f3be,4,HHY1ds,2020-11-29,2020,11,Sunday,3,10.5,
eb742601-f553-4f1e-ac20-44f617f0e4be,4,8CnCaM,2020-11-29,2020,11,Sunday,2,7.0,ae3314e8-98a0-4c08-8de4-4a46bbeced02
4718117e-a924-442f-94b6-29102fed05bd,4,g0RPTY,2020-11-29,2020,11,Sunday,1,3.5,
beecb27c-b298-44a2-8ad3-e2a057dac2ee,4,9FFwEf,2020-11-29,2020,11,Sunday,2,7.0,
cfa8c650-57aa-499b-a363-c893521a3a02,4,RZZSxq,2020-11-29,2020,11,Sunday,1,3.5,
e1a1eab9-3c5d-4b47-8999-a96961a7d34f,4,1X3p2H,2020-11-29,2020,11,Sunday,1,3.5,
aacf71d5-f156-416b-97e7-ceecaff0c043,4,XkiZ9D,2020-11-29,2020,11,Sunday,1,3.5,
e2016e2f-3af9-40d8-a52e-982080e2e9a2,4,pCjr1R,2020-11-29,2020,11,Sunday,3,10.5,2df4b7df-3344-4e69-83ab-33aabb8b6131
274ec8d1-9d0b-4e12-b401-df3f4f0cfbda,4,fvBBXY,2020-11-29,2020,11,Sunday,1,3.5,
c34c7935-8302-4f7e-bdde-9aab0d4237ca,4,Xd4sZA,2020-11-29,2020,11,Sunday,2,7.0,
e0ce8b7a-8cca-44a3-9caf-b1bc4e0f497a,4,V9hDyY,2020-11-29,2020,11,Sunday,2,7.0,
3b996fc4-d920-49c3-a63a-fedd991003de,4,QIb1Te,2020-11-29,2020,11,Sunday,1,3.5,
d4d1ae7b-f155-4c41-ba3f-2d7ab9df9a07,4,V9hDyY,2020-11-29,2020,11,Sunday,3,10.5,
0eefe5fd-e01f-4a3e-813e-97da6818dcf7,4,fvBBXY,2020-11-29,2020,11,Sunday,3,10.5,587f8f67-e282-4753-9f22-fc4e9ecd7990
fe2f0b2a-1b51-473b-b3dc-cfc8d3067c93,4,fvBBXY,2020-11-29,2020,11,Sunday,3,10.5,
a7ada74e-84bf-43b4-94af-f4da6c1823fd,4,XkiZ9D,2020-11-29,2020,11,Sunday,2,7.0,
d2e1777b-2927-4445-b7b5-e6ec2949f534,4,RZZSxq,2020-11-29,2020,11,Sunday,2,7.0,
3167eb64-74b3-45a8-92d3-23a3fff930e8,4,iYvFyn,2020-11-29,2020,11,Sunday,1,3.5,
d97467d1-79d8-416e-b4a3-191521ed9b79,4,Xd4sZA,2020-11-29,2020,11,Sunday,2,7.0,
e0a8a03d-5517-41c0-b474-77125b750fbf,4,iYvFyn,2020-11-29,2020,11,Sunday,1,3.5,8185202b-4706-452d-a20e-8f44bc4804d4
2e6b04b5-f9c9-4652-b4f5-46f6d40d2ff7,4,g0RPTY,2020-11-29,2020,11,Sunday,2,7.0,
7557268d-e529-4f89-9795-619d92c04c86,4,fvBBXY,2020-11-29,2020,11,Sunday,2,7.0,c156afed-2a1a-4752-b30e-4fd66eba36d1
18ad4a30-8515-4a88-b04a-55ade2a33653,4,Xd4sZA,2020-11-29,2020,11,Sunday,3,10.5,
16889a53-4a93-4a51-abc4-5e32048983b6,4,XkiZ9D,2020-11-29,2020,11,Sunday,2,7.0,3a2aa1d7-afcd-4437-9fec-1d7cda3faf1b
505f698d-3e23-4a50-9801-95837635d108,4,XkiZ9D,2020-11-29,2020,11,Sunday,1,3.5,
4a62ab30-ac8d-44fc-98e5-b727e8f37f62,4,iYvFyn,2020-11-29,2020,11,Sunday,2,7.0,
17ca9ec9-b883-492c-94d9-611c6893064b,4,fvBBXY,2020-11-29,2020,11,Sunday,2,7.0,
8d4c33cc-c7cf-44b9-af48-274737cc48c4,4,IWoDZ7,2020-11-29,2020,11,Sunday,2,7.0,0fbcb773-42cb-475d-963c-41ef5eeecd36
23667e7d-5f46-4a6d-b609-089e2df2de40,4,Xd4sZA,2020-11-29,2020,11,Sunday,3,10.5,
bb8ddc24-e6ce-4a10-865f-dad56be0d3ac,4,TwErrn,2020-11-29,2020,11,Sunday,2,7.0,
feba3c6a-5cc7-4fd4-bf28-dd68c9347bed,4,AcIRu7,2020-11-29,2020,11,Sunday,3,10.5,
39368359-a312-4760-a1b1-1ee87259da56,4,TwErrn,2020-11-29,2020,11,Sunday,1,3.5,
36afe129-dc77-4be7-9a51-2c77c67b341e,4,XkiZ9D,2020-11-29,2020,11,Sunday,2,7.0,db4c39e2-5614-4fcf-8152-e37a6a8f4146
bf226fe2-2943-4b6d-b3a6-a29ed7d4fdd6,4,g0RPTY,2020-11-29,2020,11,Sunday,1,3.5,
bd68e695-e8fa-4c71-9002-2a5610296aaa,4,fvBBXY,2020-11-29,2020,11,Sunday,2,7.0,
63af8498-5cdc-4a27-8c03-05a3b90118e6,4,9FFwEf,2020-11-29,2020,11,Sunday,1,3.5,
c1cf029a-d5b8-41d6-ac0a-f9739958ee57,4,9FFwEf,2020-11-29,2020,11,Sunday,2,7.0,
0e66e08c-a2a3-4c44-89d7-773625f5e9e9,4,iYvFyn,2020-11-29,2020,11,Sunday,3,10.5,
69640e1e-45bd-4a5d-a4b3-8b94a1db1334,4,IWoDZ7,2020-11-29,2020,11,Sunday,1,3.5,
798e8c86-d574-49d9-9413-4cbf5dad02c1,4,XkiZ9D,2020-11-29,2020,11,Sunday,3,10.5,
a98dd786-8f98-4f5a-9273-bc37f2a4a84c,4,J4fMRf,2020-11-29,2020,11,Sunday,1,3.5,
0e4727a4-e01f-4e1d-ba24-98c7592b9e68,4,YnyFQq,2020-11-29,2020,11,Sunday,2,7.0,
22a12ef6-ece5-4ad3-8704-88ad20c2cf22,4,9FFwEf,2020-11-29,2020,11,Sunday,3,10.5,6602f38b-51f4-4597-978d-088936a2f80a
f7073f20-b124-4a5e-8930-c14ef6f334b5,4,YnyFQq,2020-11-29,2020,11,Sunday,1,3.5,07d11c73-9b4c-4225-885b-62da910d9aa1
aee0cacf-8bba-47a0-89b9-db7a18ff2531,4,J4fMRf,2020-11-29,2020,11,Sunday,2,7.0,77d1d3e9-23f2-4e1c-ab60-fb6427929461
e9e1ca07-f5d8-4532-ac96-2e966884cabb,4,1X3p2H,2020-11-29,2020,11,Sunday,3,10.5,
b0f65fab-0fb6-4b15-9cb5-99f4d900a15e,4,K8gkI8,2020-11-29,2020,11,Sunday,2,7.0,
7391146b-92ec-4ff4-aca1-ebc03b6b7d7e,4,AcIRu7,2020-11-29,2020,11,Sunday,3,10.5,caeb4e50-b7a8-4420-8760-d7cf4b570420
1bb97558-842b-4ce1-9fb8-466602029a58,4,V9hDyY,2020-11-29,2020,11,Sunday,2,7.0,
ebd2051f-7e63-4639-aa9c-ed5d70845295,4,RZZSxq,2020-11-29,2020,11,Sunday,2,7.0,
371a3857-4be1-4063-ae86-8c2e3f2e868f,4,9FFwEf,2020-11-29,2020,11,Sunday,2,7.0,
93cd6dc2-be8e-47b6-9931-615ae549b446,4,g0RPTY,2020-11-29,2020,11,Sunday,3,10.5,
ebaa27df-ed99-4401-b62f-4c567b6761a5,4,g0RPTY,2020-11-29,2020,11,Sunday,3,10.5,1656b169-ab41-47ea-86ca-6529918933f1
702ad02e-86d7-42ae-bbe1-ca18e3725817,4,g0RPTY,2020-11-29,2020,11,Sunday,3,10.5,
bdcf34f1-d4df-4f7f-abae-52cb914c473e,4,YnyFQq,2020-11-29,2020,11,Sunday,2,7.0,b7be8719-d7cc-4c06-8bf6-d5bd0cc7df37
7faff62c-9320-4d19-b6f9-55ff027596f7,4,Xd4sZA,2020-11-29,2020,11,Sunday,1,3.5,
e4040701-3df7-4d63-b9bc-f16579bb9091,4,K8gkI8,2020-11-29,2020,11,Sunday,1,3.5,
75e9377d-484a-450a-9b13-35e6e0a73a76,4,HHY1ds,2020-11-29,2020,11,Sunday,2,7.0,7690b1d8-6f6f-42d8-ae62-30e85e25055f
4d359c22-d254-44c4-8ecb-a963aa4a7118,4,V9hDyY,2020-11-29,2020,11,Sunday,2,7.0,8c568e03-14ad-4973-bba1-46fffd8e1961
b6e7a3c9-4b26-4ec7-b047-dc995e2e7b8d,4,Xd4sZA,2020-11-29,2020,11,Sunday,3,10.5,3ee4b12b-d7b4-4a47-858f-860fa3a302ed
a34f7b0d-02be-4b74-b8c7-358ffeb2f38b,4,pCjr1R,2020-11-29,2020,11,Sunday,1,3.5,
a16c9e4a-ab52-4422-b0da-09398c649d02,4,g0RPTY,2020-11-29,2020,11,Sunday,2,7.0,
29077028-1634-4583-88a3-7eb6851f2ff9,4,fvBBXY,2020-11-30,2020,11,Monday,1,3.5,
9341d1b1-8601-4a55-8749-29d24692f7c6,4,IWoDZ7,2020-11-30,2020,11,Monday,3,10.5,
ad830088-acdb-47ed-be67-e22fd61989d1,4,QIb1Te,2020-11-30,2020,11,Monday,2,7.0,
af4f1a61-de53-4c86-99a0-8cf1991db610,4,V9hDyY,2020-11-30,2020,11,Monday,2,7.0,e93486f6-eb6e-4dcf-925f-1195070a4bdd
8a304d59-d533-4fba-8da2-00c19dcec6da,4,J4fMRf,2020-11-30,2020,11,Monday,1,3.5,
d1f1b160-9a73-4dc0-9d92-37a394d359c8,4,9FFwEf,2020-11-30,2020,11,Monday,2,7.0,c1cb0c6b-22eb-4a15-9665-76710970df1a
db4d44ea-6db1-414a-9b40-7b1f168ad327,4,g0RPTY,2020-11-30,2020,11,Monday,3,10.5,
93e5bbd3-94fc-445c-834e-9f26bcade003,4,iYvFyn,2020-11-30,2020,11,Monday,2,7.0,4aefd4c5-e273-47fa-aeeb-0feb7c28c166
c23a7621-0d4e-4c0c-84e5-c3bafb56db9e,4,J4fMRf,2020-11-30,2020,11,Monday,1,3.5,63792dc8-8962-433d-aeb1-884e387d403c
b837f723-7384-4c61-b798-92daac4558ed,4,iYvFyn,2020-11-30,2020,11,Monday,3,10.5,
cdc527f8-5a87-4f91-95ef-2bb999b7da17,4,1X3p2H,2020-11-30,2020,11,Monday,2,7.0,
767324f4-cf51-447a-9469-7d62059397b1,4,QIb1Te,2020-11-30,2020,11,Monday,2,7.0,1282a692-b60a-468c-9e92-bc6d71a056ed
d588bf39-5866-4fda-91cf-8da4c8fe4f90,4,XkiZ9D,2020-11-30,2020,11,Monday,3,10.5,b88df608-1d97-4cbc-9794-c4eeb8f0cc0e
73177d51-f1d6-4ec7-9a6c-fff1628be0c0,4,g0RPTY,2020-11-30,2020,11,Monday,2,7.0,
1efe5a46-e8ef-4a4b-971c-a3ecf0fc0ce1,4,iYvFyn,2020-11-30,2020,11,Monday,2,7.0,
0a3b003e-e04a-4dde-8f81-02c849a3c42f,4,RZZSxq,2020-11-30,2020,11,Monday,3,10.5,
a5e705dd-4239-4289-9b41-32091bd0b741,4,RZZSxq,2020-11-30,2020,11,Monday,2,7.0,
3d9e49d2-77a7-4f3f-b196-cccc8e99a636,4,pCjr1R,2020-11-30,2020,11,Monday,1,3.5,
804714c7-330f-4744-8ff7-81e5193e492e,4,XkiZ9D,2020-11-30,2020,11,Monday,2,7.0,
7a70a0fa-8290-432a-9cf5-34bd60944330,4,Xd4sZA,2020-11-30,2020,11,Monday,1,3.5,
38e3dfd5-0ed1-4da4-8838-12bf55154dd2,4,AcIRu7,2020-11-30,2020,11,Monday,2,7.0,
76718679-632b-43f9-b45c-dd274740ccce,4,IWoDZ7,2020-11-30,2020,11,Monday,2,7.0,e7d9c1e6-2d06-4f07-938c-6977397f3e26
8270a9bf-de9e-4de2-bd97-97ddf4cedc3c,4,IWoDZ7,2020-11-30,2020,11,Monday,3,10.5,5e9c40c4-7189-4919-97b8-07762440f4a4
1e5f4e64-0ccc-473c-ae60-86705031b542,4,TwErrn,2020-11-30,2020,11,Monday,1,3.5,
a4015e30-7453-4898-aced-6714cd37817c,4,8CnCaM,2020-11-30,2020,11,Monday,2,7.0,
25e45eff-7008-4b48-b8ce-571da75c4eb1,4,g0RPTY,2020-11-30,2020,11,Monday,1,3.5,
82e30f8a-25df-41ba-9daa-fc6aafc544b0,4,QIb1Te,2020-11-30,2020,11,Monday,2,7.0,
3c98dd62-5bfb-4451-9a65-c6fbd4fcd0c9,4,K8gkI8,2020-11-30,2020,11,Monday,2,7.0,
ed1da586-5137-4d43-b0b5-d7f21409d6f9,4,AcIRu7,2020-11-30,2020,11,Monday,1,3.5,54d1910c-68e2-43d5-add1-4618b77eaa7a
6c792cda-1582-4300-8bab-7ca8106c3dd4,4,RZZSxq,2020-11-30,2020,11,Monday,2,7.0,
51c47bd3-df63-420e-9669-3117981b24c0,4,K8gkI8,2020-11-30,2020,11,Monday,2,7.0,
b3a4f02b-fe58-4d8e-9a25-e5187a6a2eb3,4,g0RPTY,2020-11-30,2020,11,Monday,1,3.5,
b0042ffa-3c6d-49bb-9965-5c3a8ffadf52,4,IWoDZ7,2020-11-30,2020,11,Monday,2,7.0,667d16d6-62b1-4f1e-a526-c985c59bf485
e7589032-61e0-4706-b419-5b26c540c778,4,iYvFyn,2020-11-30,2020,11,Monday,2,7.0,e1d6f081-f72d-41e0-8d05-47f6df72b6de
d75f74bb-6443-4aa2-a327-27460fedf7cf,4,K8gkI8,2020-11-30,2020,11,Monday,3,10.5,5df12d06-bb99-4df9-93bf-f627c9b36881
84955dc5-36a8-49a5-a28d-9fc111ac1774,4,g0RPTY,2020-11-30,2020,11,Monday,2,7.0,
5698639c-93b9-41d1-aaa1-8b9b1d1cb8d6,4,XkiZ9D,2020-11-30,2020,11,Monday,1,3.5,068fe63d-3ac8-4b1d-94cc-d8f6cf8185f6
da6edce5-cf03-4c71-ad69-b3393b332c76,4,AcIRu7,2020-11-30,2020,11,Monday,2,7.0,
6a6787ee-d878-475c-a368-bf59f659b8f1,4,HHY1ds,2020-11-30,2020,11,Monday,3,10.5,e47400f9-36e4-474e-a442-77feeff215f9
1cabff3b-be67-4cef-a012-0f870ab8954c,4,K8gkI8,2020-11-30,2020,11,Monday,2,7.0,
b041500f-9516-4684-9600-5dec68ef1feb,4,g0RPTY,2020-11-30,2020,11,Monday,2,7.0,
d0f44f01-aa50-4b15-b19a-10d120bd5490,4,Xd4sZA,2020-11-30,2020,11,Monday,1,3.5,e1d6f081-f72d-41e0-8d05-47f6df72b6de
e7697762-1b06-442a-9d67-eee63846f904,4,V9hDyY,2020-11-30,2020,11,Monday,1,3.5,4e998e65-c2ba-48ce-926c-caab949c569d
14b3fdb0-1fba-48d7-894f-1c6dfd0337cc,4,AcIRu7,2020-11-30,2020,11,Monday,2,7.0,
8a253936-168e-42a9-8874-43dbca3412f5,4,TwErrn,2020-11-30,2020,11,Monday,2,7.0,2054d4a3-3b6d-4f49-9ad6-ecd01395a00b
6669361d-dc58-408c-97c7-0183364457d3,4,J4fMRf,2020-11-30,2020,11,Monday,1,3.5,
7abd6a70-a186-40b8-9f0f-dcc35683891d,4,Xd4sZA,2020-11-30,2020,11,Monday,1,3.5,6b9f9a71-70d3-4b5f-9b01-ed609b79d287
9236cbd3-4414-4762-a293-27fcf87770e1,4,K8gkI8,2020-11-30,2020,11,Monday,2,7.0,
539affec-fc6b-48df-bb31-e763433bb9da,4,J4fMRf,2020-11-30,2020,11,Monday,2,7.0,94f578db-8aef-463c-81ad-ff057caf89e0
75a08f07-254a-4d67-be95-df257ec7bff4,4,fvBBXY,2020-11-30,2020,11,Monday,2,7.0,
e62cf974-5864-45fe-b47d-ab301a6684eb,4,AcIRu7,2020-11-30,2020,11,Monday,3,10.5,
1e62fdd5-0a7d-4d96-89f8-2923b0cb162b,4,fvBBXY,2020-11-30,2020,11,Monday,2,7.0,
19719f31-6722-48c6-b475-291d6dc74b70,4,IWoDZ7,2020-11-30,2020,11,Monday,3,10.5,b933102f-bdfd-4c0f-95b8-42baa1d289a2
9b2fc679-5bbd-429d-928f-e61f0857225d,4,J4fMRf,2020-11-30,2020,11,Monday,1,3.5,bcfec33d-0719-4c6a-b619-b4c6ae5fa8b0
4fe65e26-1d54-49f3-a50b-6f3f16426492,4,iYvFyn,2020-11-30,2020,11,Monday,1,3.5,6de6c824-0f11-4377-ab64-a5e7fc41d6a8
8b919bac-f35a-46bd-8b47-af2319ff3585,4,8CnCaM,2020-11-30,2020,11,Monday,1,3.5,e535c38b-71a8-40c0-bf54-fbeb2f09ce8d
39a8a57f-e3c9-47d8-987a-6be786365919,4,1X3p2H,2020-11-30,2020,11,Monday,3,10.5,
ef9f489a-b23b-4d29-9113-2c9d0e06c17d,4,V9hDyY,2020-11-30,2020,11,Monday,3,10.5,
7d235bae-cfe1-441e-bf55-2c8366f57bc7,4,Xd4sZA,2020-11-30,2020,11,Monday,2,7.0,
024a6223-94a4-4dfc-8f16-d95e3340f5ee,4,Xd4sZA,2020-11-30,2020,11,Monday,2,7.0,
7e4b7203-d55e-4b79-968a-07fba385e31f,4,V9hDyY,2020-11-30,2020,11,Monday,3,10.5,
e610b314-6917-49a3-8c5d-296bd8de9b15,4,YnyFQq,2020-11-30,2020,11,Monday,2,7.0,
c0e7be05-635f-47ff-8eac-dd70e5113d42,4,Xd4sZA,2020-11-30,2020,11,Monday,3,10.5,fddc8fba-39a9-45e7-b6e0-6ae522a5688d
9a9175b1-6c6a-4ed3-a569-f87ae6f41282,4,K8gkI8,2020-11-30,2020,11,Monday,2,7.0,
a62dbf91-db83-44f6-888e-ad69afd507af,4,QIb1Te,2020-11-30,2020,11,Monday,2,7.0,a3051778-2cf8-4fdf-b056-1669dbfa1058
39eb9766-db12-4365-bd1e-d6d1a0367704,4,8CnCaM,2020-11-30,2020,11,Monday,2,7.0,
38e6a5be-f7a1-4713-9f1e-be03cf3984c0,4,9FFwEf,2020-11-30,2020,11,Monday,2,7.0,
9b744af5-3132-4b26-8938-d96d239c4c46,4,V9hDyY,2020-11-30,2020,11,Monday,2,7.0,
1ac28781-4e8f-4554-802c-22b02bc6e23a,4,HHY1ds,2020-11-30,2020,11,Monday,3,10.5,3844157a-114c-4cbc-968a-7c30f702f9a7
a2ae8e0f-c7fb-489c-854d-fef155226801,4,IWoDZ7,2020-11-30,2020,11,Monday,2,7.0,39d6adaa-01bc-4001-a570-eb4d49528f47
670da688-a426-4369-9aab-aa428f7cc5c4,4,V9hDyY,2020-11-30,2020,11,Monday,3,10.5,9c245285-3f6b-4b78-aed4-d683cd42d0a7
c1467d08-d8d4-49ae-b222-3caf0026bb12,4,HHY1ds,2020-11-30,2020,11,Monday,2,7.0,
ad013ee1-8cc0-4b22-bdcd-9aeb83cfea94,4,RZZSxq,2020-11-30,2020,11,Monday,1,3.5,b18ca521-5b7b-4f8e-920b-ada6404e2be6
aa373a40-f17d-45c2-81ca-a004161eccff,4,J4fMRf,2020-11-30,2020,11,Monday,3,10.5,
4d1c2cae-93a3-4eb6-a142-9e55d0eaaf4a,4,TwErrn,2020-11-30,2020,11,Monday,1,3.5,
48dd842c-370b-439a-958a-60b70559ad1f,4,1X3p2H,2020-11-30,2020,11,Monday,2,7.0,
87c4ffe0-0371-4e7a-9764-446fd3b67486,4,8CnCaM,2020-11-30,2020,11,Monday,2,7.0,
e2f9fb5a-3e01-47f5-b1c7-faa9d2252c16,4,IWoDZ7,2020-11-30,2020,11,Monday,2,7.0,
668d5a43-d0d1-42b8-84f4-7ce8be46aec9,4,J4fMRf,2020-11-30,2020,11,Monday,3,10.5,23e315e0-4a0c-4db3-a8ca-815b1c38abf3
4c1cffdb-e0d4-43b8-84fd-ac854cbc61c8,4,K8gkI8,2020-11-30,2020,11,Monday,2,7.0,
b8c30c62-827b-40b7-85b8-649249900cda,4,K8gkI8,2020-11-30,2020,11,Monday,2,7.0,4a7bf947-f675-4f67-a4f7-da66b1a32be1
da94d888-38d7-4be3-a20f-d8280fe52922,4,pCjr1R,2020-11-30,2020,11,Monday,3,10.5,
6b87716b-563c-4c2b-bee7-1b15bb1ce33b,5,XkiZ9D,2020-11-01,2020,11,Sunday,1,3.5,e0182375-f127-46d4-b152-07ffa4839271
fab74f6a-d4c1-4958-b997-1b723c855811,5,IWoDZ7,2020-11-01,2020,11,Sunday,2,7.0,
bc6ec0ec-a054-49e8-9368-c337d7814de5,5,AcIRu7,2020-11-01,2020,11,Sunday,3,10.5,
2e103bae-b0be-49b7-868d-63958d3475c3,5,8CnCaM,2020-11-01,2020,11,Sunday,2,7.0,bb0cf9e0-c317-4001-b76e-47d525b74100
9f8c9717-62ad-4327-ac24-323c32d9c1fe,5,K8gkI8,2020-11-01,2020,11,Sunday,2,7.0,
5dc14fda-8ea2-4c61-9472-e42fa450142f,5,TwErrn,2020-11-01,2020,11,Sunday,3,10.5,32c77228-8890-42e9-9c1c-ff9dbdbe0572
b722150a-85f1-41d0-9c26-19f5f0a88dc8,5,YnyFQq,2020-11-01,2020,11,Sunday,2,7.0,10b3ef9e-7e8f-48c9-a2ae-0b189993340e
b9a2b6a7-7778-4170-88c1-31ce02df89aa,5,RZZSxq,2020-11-01,2020,11,Sunday,2,7.0,dc1125e2-055b-4e66-8c5d-ac3f413f4479
3b68b0b3-25a2-4fa4-b411-dd0aff04f88d,5,YnyFQq,2020-11-01,2020,11,Sunday,1,3.5,8383619b-3bdb-48df-86e0-b47c5979f229
d3e33657-8f25-45c4-85c2-20ba484a6222,5,iYvFyn,2020-11-01,2020,11,Sunday,3,10.5,
e866979c-3284-4b9f-be5c-f9c02e842b0c,5,1X3p2H,2020-11-01,2020,11,Sunday,3,10.5,eb5e4ba1-74e3-43f4-9013-20a68153a09c
646841c3-bb76-480a-83b2-7286b77edbd5,5,Xd4sZA,2020-11-01,2020,11,Sunday,1,3.5,4a6e53fc-c312-4986-81b1-f2e2fc3a5097
00bb08cb-dfe2-4813-9a73-db1bb2383bec,5,Xd4sZA,2020-11-01,2020,11,Sunday,2,7.0,
05a7b0c5-b971-489a-b8ce-5c7cd05e61d4,5,XkiZ9D,2020-11-01,2020,11,Sunday,1,3.5,
c9f5c9e9-80fd-4699-bb31-982732320532,5,XkiZ9D,2020-11-01,2020,11,Sunday,2,7.0,
86da9ee9-f879-404a-9ec4-b8a612814df2,5,pCjr1R,2020-11-01,2020,11,Sunday,1,3.5,104680e6-78b4-414c-8402-191243d43b87
38a32da1-f6ef-4186-9e90-07b8909e6c3f,5,J4fMRf,2020-11-01,2020,11,Sunday,2,7.0,
d045ffe4-0bc5-4f6e-b0c4-82f0fa1e9091,5,8CnCaM,2020-11-01,2020,11,Sunday,1,3.5,
af3318d2-4c67-40f1-bd0f-7c5c23f66e37,5,fvBBXY,2020-11-01,2020,11,Sunday,2,7.0,
e6eb2ac6-42ee-4ff6-88bd-4154541db393,5,QIb1Te,2020-11-01,2020,11,Sunday,2,7.0,
b8a23d59-f3a8-420b-8360-4a574f79656a,5,J4fMRf,2020-11-01,2020,11,Sunday,2,7.0,
29b51390-8d4b-4396-abcd-2e2e9cba5953,5,LRN0uO,2020-11-01,2020,11,Sunday,3,10.5,
024593a7-c21b-4d7a-a282-327229835cb1,5,YnyFQq,2020-11-01,2020,11,Sunday,1,3.5,
137e1e1d-9149-4727-b670-690b9682a424,5,V9hDyY,2020-11-01,2020,11,Sunday,2,7.0,
5b9e3304-4d73-4535-a727-144257eabe7f,5,LRN0uO,2020-11-01,2020,11,Sunday,3,10.5,
60bce82e-de97-467e-b29a-ae9f54d2d910,5,J4fMRf,2020-11-01,2020,11,Sunday,2,7.0,
97792048-5c5d-4fd0-88a2-26b50cb41be1,5,iYvFyn,2020-11-01,2020,11,Sunday,2,7.0,68effe8f-4917-4e28-8c34-a16030a48045
f7505e87-f1a2-4736-b26c-5eed248e9fa2,5,fvBBXY,2020-11-01,2020,11,Sunday,3,10.5,
5b7dbed9-221d-4568-aded-09318878cd28,5,fvBBXY,2020-11-01,2020,11,Sunday,1,3.5,a50448b4-f787-4d5a-b211-5bcc2e8566fc
54737fc2-a585-4840-9d7e-fbf7315874d5,5,TwErrn,2020-11-01,2020,11,Sunday,3,10.5,
9448ba32-21c3-4124-8e36-e06e0fe3ad95,5,QIb1Te,2020-11-01,2020,11,Sunday,2,7.0,
143c0925-387f-4c7b-bead-153bc4cc9f03,5,1X3p2H,2020-11-01,2020,11,Sunday,3,10.5,
92969c48-eaaf-4c42-8319-c6a8f813b32a,5,1X3p2H,2020-11-01,2020,11,Sunday,3,10.5,
2741949d-32cf-421d-9cd2-2ed812ab041a,5,AcIRu7,2020-11-01,2020,11,Sunday,1,3.5,
3a638f67-da39-4fe2-a1ae-360be1f167ff,5,TwErrn,2020-11-01,2020,11,Sunday,2,7.0,
6f0aaf73-5a15-4ec4-bd55-17e73b4ccdc3,5,J4fMRf,2020-11-01,2020,11,Sunday,1,3.5,
6441f0af-2478-4ab4-9d6f-8a657b42669c,5,V9hDyY,2020-11-01,2020,11,Sunday,3,10.5,
3acdc2bc-40f7-442a-bf3d-d6151c3a325c,5,LRN0uO,2020-11-01,2020,11,Sunday,2,7.0,
0308d5f2-e890-45e7-8286-90a670b81d7f,5,V9hDyY,2020-11-01,2020,11,Sunday,1,3.5,
7aa19c4e-aaef-4e16-b8ac-2525b382622a,5,J4fMRf,2020-11-01,2020,11,Sunday,3,10.5,
8cefc32e-2993-49ee-80f9-8a663f89ffb4,5,Xd4sZA,2020-11-01,2020,11,Sunday,2,7.0,091fa45d-62fa-4533-9fc2-a2ca35a8db2a
85ac4a31-4d77-4c91-a399-10f45deae6ee,5,V9hDyY,2020-11-01,2020,11,Sunday,2,7.0,7a29d454-7d73-483d-b618-c90c049cf73e
520d6fc7-1644-41cd-a5f3-e22bee98d391,5,TwErrn,2020-11-01,2020,11,Sunday,2,7.0,b838de81-e5d5-4653-a383-8d64b9a8914e
93a90729-897f-4fac-acea-95d8fccb41e9,5,XkiZ9D,2020-11-01,2020,11,Sunday,3,10.5,
183bd161-80dc-45ba-bea9-378628b86451,5,IWoDZ7,2020-11-01,2020,11,Sunday,1,3.5,
089f0651-350f-4ba3-860a-f3d5f5e94def,5,XkiZ9D,2020-11-01,2020,11,Sunday,2,7.0,
5881c42d-e013-41e1-b56f-466c2df2f688,5,TwErrn,2020-11-01,2020,11,Sunday,2,7.0,
aaea8385-5c09-45f5-8b24-588cd5e1db2b,5,HHY1ds,2020-11-01,2020,11,Sunday,3,10.5,80d2a3cc-6f65-4926-a5fa-094ff9296a8c
5c95f9c0-af25-47ff-b4d5-a1f1a6f4d5f0,5,K8gkI8,2020-11-01,2020,11,Sunday,2,7.0,
42b6135f-b586-4192-97e4-65c9ea775552,5,IWoDZ7,2020-11-01,2020,11,Sunday,3,10.5,
79a3a385-4ef8-4876-98f5-22bb6cee13b7,5,9FFwEf,2020-11-01,2020,11,Sunday,2,7.0,
4e303bcc-b8a8-46e5-8aa7-7eb2db38bd39,5,V9hDyY,2020-11-01,2020,11,Sunday,2,7.0,
8c57abe9-7a32-4dc2-abf9-a08737269bf0,5,J4fMRf,2020-11-01,2020,11,Sunday,2,7.0,
2fdbc70a-bd59-4f28-82f9-6786b9c1fd25,5,9FFwEf,2020-11-01,2020,11,Sunday,1,3.5,
984c41ea-4ca5-4a47-bfb8-ec07c4de8c53,5,AcIRu7,2020-11-01,2020,11,Sunday,2,7.0,
ec723999-0d47-4e46-b932-8094e876fb0d,5,fvBBXY,2020-11-01,2020,11,Sunday,2,7.0,
b57782f3-7072-499b-b752-a0d06d0e9a52,5,TwErrn,2020-11-01,2020,11,Sunday,3,10.5,
dfdf2293-7f35-49cc-843b-04906bc4ffd5,5,AcIRu7,2020-11-01,2020,11,Sunday,1,3.5,
0e85271c-0460-4ae1-a257-0e318bda60e8,5,AcIRu7,2020-11-01,2020,11,Sunday,1,3.5,
73039bed-30c7-4034-adf6-59250c9f9c1d,5,HHY1ds,2020-11-01,2020,11,Sunday,3,10.5,
902a7dab-ab8c-40d1-b27f-b5a03d9fd6cb,5,fvBBXY,2020-11-01,2020,11,Sunday,3,10.5,
bfc224b0-300e-4dd1-833f-f741813cc687,5,K8gkI8,2020-11-01,2020,11,Sunday,2,7.0,
90e4c139-1cb7-438b-a6be-77fb79d064b9,5,1X3p2H,2020-11-01,2020,11,Sunday,2,7.0,
4a2d7fd6-6245-4185-bb93-03c466807238,5,AcIRu7,2020-11-01,2020,11,Sunday,3,10.5,
093094f4-13ca-4c9d-9532-3b96909d38c4,5,XkiZ9D,2020-11-01,2020,11,Sunday,2,7.0,
7a5222ed-13ba-429c-baff-a48bf5482667,5,XkiZ9D,2020-11-01,2020,11,Sunday,2,7.0,
5fa8ff77-9cfa-4217-8e4b-967295acb704,5,J4fMRf,2020-11-01,2020,11,Sunday,2,7.0,
5cf84940-b674-4686-a17d-9a0ab4a6e873,5,V9hDyY,2020-11-02,2020,11,Monday,3,10.5,
3b7f83bf-7241-4a5d-9fd4-04a307ac3067,5,YnyFQq,2020-11-02,2020,11,Monday,2,7.0,
6149a709-ac07-44eb-8825-de5d171b66f9,5,J4fMRf,2020-11-02,2020,11,Monday,3,10.5,
b41ccbae-2ae4-4010-9786-6f95c5c8f151,5,g0RPTY,2020-11-02,2020,11,Monday,2,7.0,
76aa0c76-f6a3-48eb-ad27-8381f63239d9,5,iYvFyn,2020-11-02,2020,11,Monday,2,7.0,
ea4eec17-93f4-45a9-9ed7-19adde2f025e,5,IWoDZ7,2020-11-02,2020,11,Monday,2,7.0,ae3314e8-98a0-4c08-8de4-4a46bbeced02
8c606d57-e01c-469f-b66b-cae2533e4ae0,5,V9hDyY,2020-11-02,2020,11,Monday,3,10.5,59070c57-269e-4e3f-b42c-fcc046c6a6bf
dc01dca8-342e-4dc4-8cfa-55d016da4c41,5,pCjr1R,2020-11-02,2020,11,Monday,2,7.0,
24cdb0d0-ce41-4bc0-bec9-951fb4e241bf,5,V9hDyY,2020-11-02,2020,11,Monday,3,10.5,
8f6f8637-2d63-450b-8d5e-446deebf2a04,5,K8gkI8,2020-11-02,2020,11,Monday,1,3.5,ab8a4566-9d6e-4477-87b0-fecfbe0b01a0
d3649274-e90d-4dfe-bc37-d63b70a3288c,5,Xd4sZA,2020-11-02,2020,11,Monday,2,7.0,
f284d80c-6577-4592-92c6-34f26ad41af7,5,9FFwEf,2020-11-02,2020,11,Monday,2,7.0,54c2f33c-ff98-4537-bd8e-a17e8942faf5
0995a082-da7a-45ef-80b6-cbbbcdc47535,5,8CnCaM,2020-11-02,2020,11,Monday,2,7.0,097df1c8-9bca-4004-aeb6-cff30894909e
de3229f6-5b1f-4a53-8c72-ca697b6d72fd,5,iYvFyn,2020-11-02,2020,11,Monday,2,7.0,ed050506-c8b3-4107-b4f4-61c0cc28ff0d
d3e056fe-19a6-4ccc-ab29-24457c2475a4,5,LRN0uO,2020-11-02,2020,11,Monday,2,7.0,68b6c205-1a23-49fa-a960-d1df67800f0a
ffef8caa-2185-4077-a2eb-15a645796d29,5,J4fMRf,2020-11-02,2020,11,Monday,2,7.0,
b0bf53dc-e10b-4a60-a2a4-5f0e1f712309,5,fvBBXY,2020-11-02,2020,11,Monday,1,3.5,
03975c13-9d1d-4dd2-b7f3-5c25067a4cc3,5,Xd4sZA,2020-11-02,2020,11,Monday,2,7.0,
15e9ab09-5ea7-4af8-82bf-53a844944b19,5,K8gkI8,2020-11-02,2020,11,Monday,1,3.5,9d4f62c7-e2cc-462b-8dec-5fbc785f2ff0
a86249b4-9209-4dbf-b4f9-370cc4f5ac40,5,AcIRu7,2020-11-02,2020,11,Monday,2,7.0,b88df608-1d97-4cbc-9794-c4eeb8f0cc0e
a8060526-6ff3-46a3-a69c-1d89bd7d7d04,5,LRN0uO,2020-11-02,2020,11,Monday,1,3.5,
3dab23f2-33d8-4729-a876-78518dda1aee,5,LRN0uO,2020-11-02,2020,11,Monday,1,3.5,
c7a677be-9246-49f1-9b85-520f590de8c2,5,V9hDyY,2020-11-02,2020,11,Monday,2,7.0,
2f976765-823e-498d-b005-35e9b7492eb3,5,RZZSxq,2020-11-02,2020,11,Monday,2,7.0,e535c38b-71a8-40c0-bf54-fbeb2f09ce8d
c22f49e9-d525-4686-8081-f13bb6137515,5,XkiZ9D,2020-11-02,2020,11,Monday,1,3.5,
ae4e8c5b-171e-46b2-aec6-4f7fce3689a4,5,1X3p2H,2020-11-02,2020,11,Monday,2,7.0,c59b5768-66d9-477c-aa15-6d68441a2420
0cfce5c6-c1af-4ed4-97ce-b653c69f55b3,5,TwErrn,2020-11-02,2020,11,Monday,3,10.5,
fe378bc5-eb0a-451f-8370-af6afbe4801a,5,QIb1Te,2020-11-02,2020,11,Monday,3,10.5,
0914b451-8642-497f-8e36-acd79647d5dc,5,g0RPTY,2020-11-02,2020,11,Monday,2,7.0,b1f27570-eee7-4e27-8e68-08e6a0ae674a
674ede96-7b56-4767-b093-b07754864f11,5,1X3p2H,2020-11-02,2020,11,Monday,2,7.0,
773bad53-8a50-4d86-847b-64436edcd650,5,pCjr1R,2020-11-02,2020,11,Monday,2,7.0,2e86f145-3869-4d87-856c-57875336938c
e6fdfdad-771a-47dd-9533-7d0d7d8fe2d3,5,V9hDyY,2020-11-02,2020,11,Monday,2,7.0,
5633a665-bc16-4e79-b974-3778234895d6,5,V9hDyY,2020-11-02,2020,11,Monday,3,10.5,68effe8f-4917-4e28-8c34-a16030a48045
98f9a978-dc2c-4025-9f7c-ac00d6756474,5,RZZSxq,2020-11-02,2020,11,Monday,2,7.0,
735c6bf3-addf-462f-a953-bd2c967756f2,5,QIb1Te,2020-11-02,2020,11,Monday,2,7.0,
82afbae8-259a-41f3-98e1-60c1f8a6580b,5,TwErrn,2020-11-02,2020,11,Monday,1,3.5,41875687-b3a0-4ca3-88b9-107ab9e2dc96
f93ac286-d8a7-463b-8ca2-663782d1c0f2,5,AcIRu7,2020-11-02,2020,11,Monday,3,10.5,
2dc58d1b-dd12-4b28-8e50-1304f6b3d28b,5,8CnCaM,2020-11-02,2020,11,Monday,2,7.0,
6228845c-0bb3-4105-9e03-665d7310195b,5,iYvFyn,2020-11-02,2020,11,Monday,2,7.0,
54824d3a-5790-4da2-b0ba-fa7b6ff10fc4,5,K8gkI8,2020-11-02,2020,11,Monday,2,7.0,
5ac4a3a5-7ea6-4967-9ba1-888926df029e,5,RZZSxq,2020-11-02,2020,11,Monday,1,3.5,3a2aa1d7-afcd-4437-9fec-1d7cda3faf1b
fb308196-a4ef-4203-8019-42f981108475,5,Xd4sZA,2020-11-02,2020,11,Monday,2,7.0,b18ca521-5b7b-4f8e-920b-ada6404e2be6
9ab2df7b-ab42-413c-b5ec-f8aa1cd7701c,5,HHY1ds,2020-11-02,2020,11,Monday,1,3.5,
fa3336a3-cd17-4a0d-8fcb-56cb2f7d0a93,5,XkiZ9D,2020-11-02,2020,11,Monday,1,3.5,
feb7c56f-2561-498c-a51c-daa9b5be7982,5,8CnCaM,2020-11-02,2020,11,Monday,3,10.5,8ef02017-720c-498e-baaf-2dfba3fdcfe4
c99b5c48-0376-42c4-8edb-6a2dbf4f22e4,5,TwErrn,2020-11-02,2020,11,Monday,1,3.5,1f2d862f-18f9-4c58-a4b3-45b3db796ad4
6ced9bd4-5bf1-47f5-98ef-9cd2534e7983,5,TwErrn,2020-11-02,2020,11,Monday,3,10.5,caeb4e50-b7a8-4420-8760-d7cf4b570420
cddff2c1-e83f-41d0-a9fa-1653a3444dee,5,J4fMRf,2020-11-02,2020,11,Monday,1,3.5,
9b1c5c00-539c-41e6-a3b2-689986efb8b7,5,HHY1ds,2020-11-02,2020,11,Monday,1,3.5,ce585b6f-9a9f-4c6c-8d21-71cd50d7b91a
1f87a48e-3974-45fd-8959-ffd60e4eb6ed,5,J4fMRf,2020-11-02,2020,11,Monday,3,10.5,
d1f32506-d1f7-4a83-bebc-4df9289451ce,5,IWoDZ7,2020-11-02,2020,11,Monday,2,7.0,
a3e67339-fb42-4387-a2ea-f584849947dd,5,iYvFyn,2020-11-02,2020,11,Monday,1,3.5,
f5e17e90-6ab6-44e0-a942-d7a43b6bcb70,5,LRN0uO,2020-11-02,2020,11,Monday,1,3.5,c2a9d258-5877-405e-8781-35fc5a2abeab
bf1dcb67-d6e1-474d-8c61-de620c352ba9,5,RZZSxq,2020-11-02,2020,11,Monday,1,3.5,
43c388bd-1d7f-442e-adc1-64c043959cc1,5,HHY1ds,2020-11-02,2020,11,Monday,2,7.0,
77ef785d-8ee8-4655-b8fe-c87e9c205b1a,5,K8gkI8,2020-11-02,2020,11,Monday,3,10.5,b66155ef-4cbf-4f68-ba34-10f986b42bad
6e502f2d-4edf-4dee-b8f9-eb338c8984bb,5,V9hDyY,2020-11-02,2020,11,Monday,2,7.0,3b509243-8181-49d2-9250-2d0ccb8461c3
c8326fc8-b1c6-4bd5-89d5-ead06d31f540,5,1X3p2H,2020-11-02,2020,11,Monday,3,10.5,
23d6be34-293c-42a0-8ca2-ebecec32fd4e,5,YnyFQq,2020-11-02,2020,11,Monday,1,3.5,
77000b3c-eb32-4c08-8f44-2017bc9efe70,5,AcIRu7,2020-11-02,2020,11,Monday,1,3.5,86ced926-677f-40c7-8dae-7aaacf0feac7
724b0edc-0d68-4651-b976-55863727702b,5,J4fMRf,2020-11-02,2020,11,Monday,2,7.0,8185202b-4706-452d-a20e-8f44bc4804d4
2cfddece-a432-4574-9f1b-1f672bda1e8d,5,HHY1ds,2020-11-02,2020,11,Monday,1,3.5,
ecfa820b-f343-4bab-b696-41e214ff0e60,5,QIb1Te,2020-11-02,2020,11,Monday,3,10.5,6416e346-698c-4251-8c25-4585f5053c7b
cdec18fc-2120-49a1-a0a7-3193c97fc67c,5,J4fMRf,2020-11-02,2020,11,Monday,3,10.5,
c759117c-48af-4bba-b70f-2c2c02418f2e,5,LRN0uO,2020-11-02,2020,11,Monday,2,7.0,
4ad30e6e-4b80-49c2-b97f-5d1db11eb751,5,HHY1ds,2020-11-02,2020,11,Monday,2,7.0,
84670d19-6661-4c45-84a7-018ab96d0696,5,Xd4sZA,2020-11-03,2020,11,Tuesday,3,10.5,
57816df2-3f26-416f-a25e-b98a7a27713d,5,RZZSxq,2020-11-03,2020,11,Tuesday,2,7.0,a3e4cdb2-1805-4c03-9b19-ea53b131cf80
a42746f5-d2f5-4cd1-9b69-a61f3633ca99,5,1X3p2H,2020-11-03,2020,11,Tuesday,3,10.5,
705e5260-dfa5-4d80-8942-2e223cf1d415,5,V9hDyY,2020-11-03,2020,11,Tuesday,1,3.5,
781226f7-78a5-4bda-a715-4835f727ea0a,5,AcIRu7,2020-11-03,2020,11,Tuesday,3,10.5,
94c69274-385f-484f-85ad-495799cc9148,5,RZZSxq,2020-11-03,2020,11,Tuesday,2,7.0,e760c2d0-2a0d-401f-b3e0-6dff7eb78a11
279f5bc7-c42e-473e-9e9c-dc338f14eb26,5,TwErrn,2020-11-03,2020,11,Tuesday,3,10.5,b838de81-e5d5-4653-a383-8d64b9a8914e
eb1bd48a-ebfe-42e3-8905-82c7a05e0de9,5,iYvFyn,2020-11-03,2020,11,Tuesday,3,10.5,
d763de5c-de87-435f-9712-a75eda36756e,5,g0RPTY,2020-11-03,2020,11,Tuesday,2,7.0,
917d9d17-5aea-43a2-9641-cc8ace324d39,5,XkiZ9D,2020-11-03,2020,11,Tuesday,2,7.0,f19432c4-4df4-4e45-97d6-8fd7772aecee
c06ab827-4cf1-41f1-9b31-070fc10c088a,5,Xd4sZA,2020-11-03,2020,11,Tuesday,1,3.5,b933102f-bdfd-4c0f-95b8-42baa1d289a2
422c782c-fad8-4517-85f3-d978c938f795,5,HHY1ds,2020-11-03,2020,11,Tuesday,1,3.5,
d4374120-de4c-4515-815c-21b65fc313b2,5,YnyFQq,2020-11-03,2020,11,Tuesday,3,10.5,8275b9f3-1623-43b8-b2f3-c7d7128df5eb
05ec5f6a-a122-4398-8f3b-f9e226f4c78d,5,LRN0uO,2020-11-03,2020,11,Tuesday,2,7.0,
482a4c24-4e85-4933-9ddc-fd880c670f34,5,YnyFQq,2020-11-03,2020,11,Tuesday,2,7.0,27cad89a-eb58-4065-a4d8-69cf833e313e
5ac3fb55-f1b6-4d8f-8760-aec7cd9d1116,5,Xd4sZA,2020-11-03,2020,11,Tuesday,1,3.5,
172a1c99-d40d-4fb9-9f0e-932fc14dec88,5,YnyFQq,2020-11-03,2020,11,Tuesday,3,10.5,
a8be5626-5f44-4181-a45e-543998786731,5,IWoDZ7,2020-11-03,2020,11,Tuesday,2,7.0,a3e4cdb2-1805-4c03-9b19-ea53b131cf80
9bdc4e9b-1ca4-4b27-b344-43f98a40510c,5,XkiZ9D,2020-11-03,2020,11,Tuesday,2,7.0,
10576f5a-7a79-4a35-a287-1dd4309345ec,5,fvBBXY,2020-11-03,2020,11,Tuesday,2,7.0,
4565abf9-43b0-45b6-915a-496f42b173ff,5,HHY1ds,2020-11-03,2020,11,Tuesday,2,7.0,
0a4ad4dd-f428-4700-8a1f-2a0f5221438f,5,J4fMRf,2020-11-03,2020,11,Tuesday,1,3.5,
be80d651-b82f-438f-b788-b7bb31b3eb46,5,Xd4sZA,2020-11-03,2020,11,Tuesday,2,7.0,
302deb59-e973-4a53-9302-14929e6e169f,5,QIb1Te,2020-11-03,2020,11,Tuesday,2,7.0,
782c2665-1d3f-43d0-9611-e74a962e5a27,5,IWoDZ7,2020-11-03,2020,11,Tuesday,1,3.5,9ec00839-ed08-4b36-96f4-beca5bf0ab6f
f4c4f9f8-4b8c-47b4-91a7-5b4080679180,5,fvBBXY,2020-11-03,2020,11,Tuesday,2,7.0,
4178e570-b0bf-47db-817a-219abb0fbb3f,5,pCjr1R,2020-11-03,2020,11,Tuesday,2,7.0,
787518b5-bf5e-408f-92e9-13f9e8ecf4e1,5,V9hDyY,2020-11-03,2020,11,Tuesday,2,7.0,
cfe23bc1-3aa9-491a-a294-92e415e7926a,5,fvBBXY,2020-11-03,2020,11,Tuesday,2,7.0,7aef7783-f30c-4f06-857e-384405b60b60
44b8028d-12c6-4d2b-8c5d-76016018c358,5,YnyFQq,2020-11-03,2020,11,Tuesday,2,7.0,
ac0629f9-f5d6-4326-ab37-706d670315d4,5,AcIRu7,2020-11-03,2020,11,Tuesday,1,3.5,
0a1bb04b-ae9d-4e0d-a191-20d391f824b5,5,9FFwEf,2020-11-03,2020,11,Tuesday,2,7.0,
6638a448-e6de-4501-a8b9-f01f61149f8e,5,g0RPTY,2020-11-03,2020,11,Tuesday,3,10.5,
800e3414-aed3-4944-a841-a816cace9c66,5,pCjr1R,2020-11-03,2020,11,Tuesday,3,10.5,96edd678-1a42-4d57-b41e-fabc2434d120
70a2bc77-0f76-403d-9976-f382851298f1,5,LRN0uO,2020-11-03,2020,11,Tuesday,2,7.0,105a8dbd-e318-4fdc-bac2-342b4e296d81
61bcd7de-3564-427c-aaca-31d94002ca01,5,HHY1ds,2020-11-03,2020,11,Tuesday,3,10.5,04acca25-4c5b-4442-8148-a7f25643420a
92ecc3a7-9199-4e62-b159-b711f0d6aa11,5,9FFwEf,2020-11-03,2020,11,Tuesday,2,7.0,
4193babb-fba1-48f1-8f77-0fd3a7db30e9,5,RZZSxq,2020-11-03,2020,11,Tuesday,1,3.5,
5db53341-e163-4b31-916d-56909d12d467,5,K8gkI8,2020-11-03,2020,11,Tuesday,2,7.0,b7be8719-d7cc-4c06-8bf6-d5bd0cc7df37
3a96b1ea-53e3-44fe-8af7-aab025bbe407,5,1X3p2H,2020-11-03,2020,11,Tuesday,2,7.0,26487452-4a1c-4a11-9a65-f906bd039317
b99c9599-6262-4de2-9eb4-014a421ff8d4,5,XkiZ9D,2020-11-03,2020,11,Tuesday,2,7.0,
e4f7f876-3660-452e-84a2-8db10a06ed1a,5,AcIRu7,2020-11-03,2020,11,Tuesday,2,7.0,
4a90deb0-d56c-45f1-9554-7fcfc590b43b,5,RZZSxq,2020-11-03,2020,11,Tuesday,2,7.0,
17f6dc6d-e54b-4520-98ec-17b82a300276,5,iYvFyn,2020-11-03,2020,11,Tuesday,3,10.5,
13206d36-91f8-4e5d-9bbb-8cc956d2d3a5,5,QIb1Te,2020-11-03,2020,11,Tuesday,2,7.0,
40abec12-439c-46fb-b42c-faed2163c54f,5,iYvFyn,2020-11-03,2020,11,Tuesday,1,3.5,
6a596dc9-7d50-45be-a219-870c9e0ad40c,5,1X3p2H,2020-11-03,2020,11,Tuesday,2,7.0,
41dfae0b-cbdd-4761-b8f0-6b5123d7777c,5,Xd4sZA,2020-11-03,2020,11,Tuesday,2,7.0,
cd779507-cc16-423a-bbd9-9f0d8cb8f441,5,K8gkI8,2020-11-03,2020,11,Tuesday,1,3.5,bcfec33d-0719-4c6a-b619-b4c6ae5fa8b0
1aa8e354-ed57-4aab-9186-428c2138ef12,5,TwErrn,2020-11-03,2020,11,Tuesday,3,10.5,
f4c89f98-3690-4e3f-b20c-d0eefeca852c,5,RZZSxq,2020-11-03,2020,11,Tuesday,1,3.5,
42deb8a5-e213-4b65-b359-f9e88f82e1b2,5,QIb1Te,2020-11-03,2020,11,Tuesday,2,7.0,
c142a26c-4dee-4caa-9e18-9c14bf0cd656,5,Xd4sZA,2020-11-03,2020,11,Tuesday,1,3.5,3ad9afcd-1507-4e4b-88cb-8d5e4ec8bdfc
138788ef-4990-41a5-afae-60f11fea4c8d,5,IWoDZ7,2020-11-03,2020,11,Tuesday,1,3.5,
98fe42ee-61ab-4195-96ea-c7ee1669b85a,5,9FFwEf,2020-11-03,2020,11,Tuesday,2,7.0,
d8f85aeb-c2d7-4055-bd7a-c2e065fb523b,5,Xd4sZA,2020-11-03,2020,11,Tuesday,1,3.5,f399e73c-8f7e-4a5c-aaac-cf84321b5e74
484a0b2a-dd9f-458e-98f4-ea3d90658c31,5,J4fMRf,2020-11-04,2020,11,Wednesday,2,7.0,
f03c8e24-6064-47d2-adae-d3085929de5c,5,8CnCaM,2020-11-04,2020,11,Wednesday,3,10.5,bd50a55d-4742-4b83-bc7c-8abd95c8f86e
1ec654b8-7c75-4d16-8358-c90bb46c143f,5,J4fMRf,2020-11-04,2020,11,Wednesday,1,3.5,
6ad6227d-0916-44ef-8e2d-e0279cb417b6,5,V9hDyY,2020-11-04,2020,11,Wednesday,2,7.0,511ed47d-4be3-4a52-b7e5-49c7703a7006
a1f0e1bc-118d-46f3-9815-e1626ee85ee0,5,8CnCaM,2020-11-04,2020,11,Wednesday,3,10.5,8b168093-a508-407e-96b1-5fe3ae301949
cc08384e-9891-4237-8e28-eaba641b8028,5,fvBBXY,2020-11-04,2020,11,Wednesday,3,10.5,
aea05e09-87d8-4b55-a987-6e230d789116,5,IWoDZ7,2020-11-04,2020,11,Wednesday,2,7.0,
49475d6c-c3c2-46b1-9af0-12869c8c39b2,5,AcIRu7,2020-11-04,2020,11,Wednesday,2,7.0,
a0cb3e73-a46d-4747-8bb8-b36d0a58f044,5,HHY1ds,2020-11-04,2020,11,Wednesday,2,7.0,
5a453bb1-c049-45c7-a565-3a4b4a8a0d76,5,IWoDZ7,2020-11-04,2020,11,Wednesday,3,10.5,
a8096777-597f-4968-96be-a5e3eba07163,5,LRN0uO,2020-11-04,2020,11,Wednesday,2,7.0,13dc425e-563d-4852-b2b7-2a09b94c7040
fd8049ff-5a00-48e0-99bd-3b2d257c212c,5,IWoDZ7,2020-11-04,2020,11,Wednesday,1,3.5,
041abe7c-2ba4-4d6f-aebd-b41719269861,5,QIb1Te,2020-11-04,2020,11,Wednesday,2,7.0,
a3b9562e-63d3-4b03-a837-f052099ad9fb,5,QIb1Te,2020-11-04,2020,11,Wednesday,2,7.0,
850878b5-2415-4203-870e-153e3b6bc652,5,iYvFyn,2020-11-04,2020,11,Wednesday,2,7.0,640a94d3-49c8-46e8-b0ea-e4d5bdc00647
b96527e3-532a-459d-9f55-4f69c2f17ed7,5,HHY1ds,2020-11-04,2020,11,Wednesday,1,3.5,
f481f8d2-9b5c-4ed9-9254-40325ac4a6f9,5,HHY1ds,2020-11-04,2020,11,Wednesday,1,3.5,
885243d0-a6f5-4f7f-8c81-e089bbb375e6,5,AcIRu7,2020-11-04,2020,11,Wednesday,3,10.5,
a0d9188c-2509-43b4-837b-7bd2855c91ed,5,Xd4sZA,2020-11-04,2020,11,Wednesday,3,10.5,
a8f0f5bd-8aaf-4559-9984-f98d3bebb9e6,5,YnyFQq,2020-11-04,2020,11,Wednesday,2,7.0,7c54fc75-a47c-4c5f-94e1-e3fed5fa79a3
ae426ee1-dd31-45e7-9dcf-9a1accc96c44,5,TwErrn,2020-11-04,2020,11,Wednesday,1,3.5,dcdb286e-dce5-4c89-abdb-feb3d66e7bc9
71ad29c9-a67d-4bca-a77f-31bd6d42f7ae,5,K8gkI8,2020-11-04,2020,11,Wednesday,1,3.5,
0a62f5a3-0b57-49ae-802c-48f9f29bf0d8,5,HHY1ds,2020-11-04,2020,11,Wednesday,3,10.5,
b3d494ae-67e6-4a26-8f98-4dda2c72ce0c,5,pCjr1R,2020-11-04,2020,11,Wednesday,2,7.0,
232e3342-2d3a-47f7-91f0-8e0586611c5c,5,HHY1ds,2020-11-04,2020,11,Wednesday,2,7.0,0f7f5d2e-4280-4973-a9f5-cc2cd421d661
edd2a3ca-bfe8-4595-a5e9-b9a7c4b3e7be,5,IWoDZ7,2020-11-04,2020,11,Wednesday,3,10.5,
f21ebe81-6c11-47a0-b23c-04d6307c05c1,5,IWoDZ7,2020-11-04,2020,11,Wednesday,2,7.0,
a87865c1-0b44-4c26-9274-9304eac0118f,5,TwErrn,2020-11-04,2020,11,Wednesday,2,7.0,
6aefa271-6785-4636-abda-0ae75728f9c1,5,Xd4sZA,2020-11-04,2020,11,Wednesday,2,7.0,5b131659-3019-4235-82e0-98adbc84a35c
8cffd3ed-3dac-4948-b523-c0507823485a,5,K8gkI8,2020-11-04,2020,11,Wednesday,2,7.0,
39bda6b4-e5bf-4ebe-8c06-0c0ee030d056,5,LRN0uO,2020-11-04,2020,11,Wednesday,3,10.5,6b9f9a71-70d3-4b5f-9b01-ed609b79d287
3925096c-5ff6-4bb9-b788-fba5ff37a377,5,V9hDyY,2020-11-04,2020,11,Wednesday,3,10.5,
e6e93ade-fd7d-4c47-8aa4-b641d21bfa9f,5,pCjr1R,2020-11-04,2020,11,Wednesday,3,10.5,
123c7542-fcde-480c-8c91-6f45ae8f7523,5,YnyFQq,2020-11-04,2020,11,Wednesday,2,7.0,7c50e972-e539-4f75-9a2e-0d107de2ce62
09b2f36c-330e-489d-bee6-04782a82b712,5,AcIRu7,2020-11-04,2020,11,Wednesday,2,7.0,
f836e13d-64eb-4203-b7c6-4408fb5f3a83,5,g0RPTY,2020-11-04,2020,11,Wednesday,3,10.5,
a53780b9-8630-4542-b3f0-eb8ed04c0edc,5,1X3p2H,2020-11-04,2020,11,Wednesday,1,3.5,
940ce193-8d2b-4cef-86f6-41d64b3f1b52,5,TwErrn,2020-11-04,2020,11,Wednesday,2,7.0,
728edd74-95b1-445b-a67f-9f47d987d1a8,5,Xd4sZA,2020-11-04,2020,11,Wednesday,2,7.0,
44c67e8a-8f26-4a89-8f83-42f2f571d92e,5,J4fMRf,2020-11-04,2020,11,Wednesday,3,10.5,
61aa8fc0-a221-4ad2-afe1-ce71e38fbc5e,5,IWoDZ7,2020-11-04,2020,11,Wednesday,1,3.5,
dafb4869-7479-4f55-be86-12b21fc21027,5,HHY1ds,2020-11-04,2020,11,Wednesday,1,3.5,1d6e18a8-2113-48a0-85ff-bd7d9b3313ab
650572d1-9a74-47b9-97f5-e832b51ed7a2,5,V9hDyY,2020-11-04,2020,11,Wednesday,1,3.5,
66ec3367-e676-4746-854c-6c6581c2ef90,5,g0RPTY,2020-11-04,2020,11,Wednesday,1,3.5,797891e3-c60d-407b-8bb3-70304ffd1970
1ec1d064-2d49-4eaa-8c43-af1d158459a2,5,HHY1ds,2020-11-04,2020,11,Wednesday,3,10.5,797891e3-c60d-407b-8bb3-70304ffd1970
bf64538f-b104-4923-9df0-b4fba462bfaf,5,XkiZ9D,2020-11-04,2020,11,Wednesday,1,3.5,47dea8ae-0261-4a68-a357-76a7ed1e6d54
02cd99bd-2ab1-4bce-8dcd-4017e726059e,5,QIb1Te,2020-11-04,2020,11,Wednesday,1,3.5,
cf1070f7-f987-409d-b597-32b2743bc10c,5,Xd4sZA,2020-11-04,2020,11,Wednesday,2,7.0,
84fe94bd-c8d2-430a-a1df-1c4e2197ff26,5,fvBBXY,2020-11-04,2020,11,Wednesday,2,7.0,
703cbf4a-0958-474c-8b2c-a9a2267938ca,5,XkiZ9D,2020-11-04,2020,11,Wednesday,2,7.0,
611d7d62-80c9-4238-ab87-48e751abf84a,5,1X3p2H,2020-11-04,2020,11,Wednesday,1,3.5,
af0e7678-9a3a-43f7-b6a0-610104597a2a,5,1X3p2H,2020-11-04,2020,11,Wednesday,3,10.5,
acb871d1-624c-4f63-aea3-83160ae009ad,5,9FFwEf,2020-11-04,2020,11,Wednesday,2,7.0,
004d47af-b0e7-4384-8eef-bd8bb7373f21,5,K8gkI8,2020-11-04,2020,11,Wednesday,2,7.0,
8f8f4d19-a3f5-400c-8abc-123a7b08303a,5,9FFwEf,2020-11-04,2020,11,Wednesday,3,10.5,68b6c205-1a23-49fa-a960-d1df67800f0a
72dbd30e-3627-4694-8652-166d62047080,5,YnyFQq,2020-11-04,2020,11,Wednesday,2,7.0,
8b21cba2-76e5-4f7c-8416-d040cd537ebb,5,9FFwEf,2020-11-04,2020,11,Wednesday,3,10.5,
4f43d4ff-4b57-43b8-b65a-77f0fc67812a,5,pCjr1R,2020-11-04,2020,11,Wednesday,3,10.5,
1bf35c40-6965-49e5-8a5e-b0b7307c5d49,5,QIb1Te,2020-11-04,2020,11,Wednesday,2,7.0,4a1ba2e8-6d29-4d1e-8c0f-6e1b020860d9
6e87282c-5db1-4384-a86f-190c2d155946,5,8CnCaM,2020-11-04,2020,11,Wednesday,2,7.0,
13b0ce76-7229-430e-9293-3c31a785f7a4,5,9FFwEf,2020-11-04,2020,11,Wednesday,2,7.0,
2c3cfd7e-da96-4593-80bc-e5a5ef5d3c88,5,QIb1Te,2020-11-04,2020,11,Wednesday,2,7.0,d288b0c7-040d-49dd-816e-2d8d1cca429a
1271080d-fa8d-4ca7-b01e-60d353dbd71d,5,g0RPTY,2020-11-04,2020,11,Wednesday,2,7.0,
ef586c6f-395c-47c2-ba50-83038748fd8e,5,8CnCaM,2020-11-04,2020,11,Wednesday,1,3.5,
8ace2c11-34c5-4113-911a-f214ff395fa1,5,RZZSxq,2020-11-04,2020,11,Wednesday,3,10.5,
56666e8d-dfb7-4524-88c1-735ba026ce8e,5,1X3p2H,2020-11-04,2020,11,Wednesday,1,3.5,0c4795ee-75eb-4f9e-b73f-1b8826a15029
34ee5e99-85f6-47f4-8644-9bc2ca04fb3d,5,V9hDyY,2020-11-04,2020,11,Wednesday,1,3.5,
d1e085e5-e309-47a1-bd70-b8e9ea094c1f,5,fvBBXY,2020-11-04,2020,11,Wednesday,2,7.0,
4c0a3907-7bce-4cb1-af18-a402e47dad7a,5,g0RPTY,2020-11-04,2020,11,Wednesday,1,3.5,78079efc-e49c-4037-abea-abb0308b295e
44a92984-f33c-4860-9cd2-80fa570162b2,5,TwErrn,2020-11-04,2020,11,Wednesday,1,3.5,
96a7763c-cf0c-4ff4-b3ed-081d8a79e339,5,Xd4sZA,2020-11-04,2020,11,Wednesday,3,10.5,
ed38f784-49a3-421c-acc9-9566dfc1da0c,5,g0RPTY,2020-11-04,2020,11,Wednesday,2,7.0,
0aeb71bd-9237-424b-b76d-f2d46055938b,5,AcIRu7,2020-11-05,2020,11,Thursday,2,7.0,32ad9ccc-601f-45a6-bfaf-47ca2008fd7f
cc9d60f6-8a83-4579-a37c-8f52c95468a2,5,IWoDZ7,2020-11-05,2020,11,Thursday,1,3.5,
0f081ac7-f2d0-433a-9126-fb98d2af404c,5,K8gkI8,2020-11-05,2020,11,Thursday,3,10.5,
2550ec84-dd91-4995-9427-9d2bd2fc6959,5,Xd4sZA,2020-11-05,2020,11,Thursday,2,7.0,
a3fe3307-1c32-4e15-9305-436cdd49ed5b,5,Xd4sZA,2020-11-05,2020,11,Thursday,3,10.5,
a86a0433-68f8-4eef-8a23-e394e869ff85,5,Xd4sZA,2020-11-05,2020,11,Thursday,3,10.5,ae7408ac-411e-452c-807f-850d703c6bcb
d72e76a8-fff4-4e47-8e06-8aa091ccf5cd,5,8CnCaM,2020-11-05,2020,11,Thursday,3,10.5,
77a61756-65f0-4c96-aa03-d2b410fa7715,5,K8gkI8,2020-11-05,2020,11,Thursday,1,3.5,b5c697f9-d444-4553-ba0d-894c4a28e8f3
adf56db9-2b99-4ef1-91af-ba01f5b6c59b,5,iYvFyn,2020-11-05,2020,11,Thursday,2,7.0,
8034ac85-8862-4507-bc28-c0f9afa97876,5,TwErrn,2020-11-05,2020,11,Thursday,1,3.5,e0182375-f127-46d4-b152-07ffa4839271
91930171-6a3c-4f2b-a5dd-a9b936fa0a08,5,QIb1Te,2020-11-05,2020,11,Thursday,3,10.5,
56392466-0917-4ff3-93f9-243a14144de5,5,K8gkI8,2020-11-05,2020,11,Thursday,1,3.5,
1f2e0bea-1581-4840-9758-a671b64789ab,5,1X3p2H,2020-11-05,2020,11,Thursday,2,7.0,
02258f4b-16fe-4cee-b96c-48ac38f18979,5,IWoDZ7,2020-11-05,2020,11,Thursday,1,3.5,
b3419ad0-27db-4284-93a9-3622697f6f79,5,K8gkI8,2020-11-05,2020,11,Thursday,3,10.5,
cb7e91f5-ede4-49df-a72a-06a1f65c030f,5,LRN0uO,2020-11-05,2020,11,Thursday,1,3.5,
88540673-5332-45c1-82f4-bef5653af718,5,J4fMRf,2020-11-05,2020,11,Thursday,2,7.0,a2461689-37b8-4efa-91ba-013631f12a10
c2f43c20-18f4-4d50-a88e-ec18bb742c99,5,QIb1Te,2020-11-05,2020,11,Thursday,1,3.5,
4d706877-d144-48e9-9629-7244c1b0e90e,5,IWoDZ7,2020-11-05,2020,11,Thursday,3,10.5,
2bfb6ee0-ee24-44ea-9413-ab5fec12d19d,5,g0RPTY,2020-11-05,2020,11,Thursday,2,7.0,
9f4b36f5-2259-476e-aae3-45559cbd17c7,5,9FFwEf,2020-11-05,2020,11,Thursday,2,7.0,
298cf605-a8c4-4008-bfce-3572b63f2f8b,5,fvBBXY,2020-11-05,2020,11,Thursday,3,10.5,
0d11e093-59cf-4c09-bb4e-dad71ea521fc,5,Xd4sZA,2020-11-05,2020,11,Thursday,3,10.5,
bf97913e-458b-4446-b6d9-2e74e0d3a25a,5,RZZSxq,2020-11-05,2020,11,Thursday,3,10.5,797891e3-c60d-407b-8bb3-70304ffd1970
af1af299-5f44-459d-bf9d-82173bdee2c7,5,8CnCaM,2020-11-05,2020,11,Thursday,2,7.0,
ad0db55e-c036-4687-85c9-960d05f128bc,5,iYvFyn,2020-11-05,2020,11,Thursday,2,7.0,
62421455-03a3-42d5-8495-638cf234b031,5,fvBBXY,2020-11-05,2020,11,Thursday,2,7.0,f458a543-dfd7-404c-a8c1-6c63aea441da
d81f2a47-4d59-42b7-8b31-bc82e7849cf9,5,g0RPTY,2020-11-05,2020,11,Thursday,2,7.0,
164c751b-8df0-428e-a3b3-ddc1ffbd237a,5,Xd4sZA,2020-11-05,2020,11,Thursday,3,10.5,b88df608-1d97-4cbc-9794-c4eeb8f0cc0e
f77b0c2f-cfa5-4672-b56f-9cca24072f4e,5,1X3p2H,2020-11-05,2020,11,Thursday,1,3.5,bcfec33d-0719-4c6a-b619-b4c6ae5fa8b0
948fe530-c9dc-4cc5-94bd-0035832e76ae,5,IWoDZ7,2020-11-05,2020,11,Thursday,2,7.0,86ced926-677f-40c7-8dae-7aaacf0feac7
dae0c3c7-32e9-4272-b474-42109cd6bade,5,QIb1Te,2020-11-05,2020,11,Thursday,1,3.5,
0800a871-76ae-4ea0-98cd-e772892be95e,5,AcIRu7,2020-11-05,2020,11,Thursday,1,3.5,
9fdf17be-f769-4969-8025-0562f27d29f2,5,LRN0uO,2020-11-05,2020,11,Thursday,3,10.5,
0caaa71d-ebf2-4898-a1e4-cbc3e8bc4e9b,5,TwErrn,2020-11-05,2020,11,Thursday,3,10.5,
bfcefa4c-0988-46e1-aadf-6fd1e213e2d7,5,iYvFyn,2020-11-05,2020,11,Thursday,3,10.5,
b5f1c9f4-15ef-432a-b661-a54523bafa77,5,9FFwEf,2020-11-05,2020,11,Thursday,3,10.5,6d695221-8bcc-4965-8172-8b4b283b54b5
91bd9a39-6a64-44be-b59a-0fa307d2f5fb,5,HHY1ds,2020-11-05,2020,11,Thursday,2,7.0,1f2d862f-18f9-4c58-a4b3-45b3db796ad4
7571bc11-853b-4997-949a-6911c0d386d2,5,AcIRu7,2020-11-05,2020,11,Thursday,3,10.5,bd1a9f56-31b7-47e8-91bc-f14430b9a604
68cfe663-eaa4-4e5d-a695-8311c034d272,5,QIb1Te,2020-11-05,2020,11,Thursday,2,7.0,
0250078d-e5e5-4f2e-967e-ffcf9a1521e3,5,AcIRu7,2020-11-05,2020,11,Thursday,3,10.5,
a3b56143-8a5b-4f00-9c6c-16219129b940,5,pCjr1R,2020-11-05,2020,11,Thursday,2,7.0,
3b49de57-e0b0-4465-9e0f-8059d69ab694,5,HHY1ds,2020-11-05,2020,11,Thursday,2,7.0,
c9d874ec-bf04-46a3-93fa-20fefe95f9a5,5,fvBBXY,2020-11-05,2020,11,Thursday,1,3.5,d581e5a3-f4e8-4826-b4e5-e22f0f1796cc
502926de-be4b-4b1f-acf9-6f50840acbad,5,XkiZ9D,2020-11-05,2020,11,Thursday,3,10.5,
7eca90fb-1672-4a62-ae66-620caa3d7b59,5,g0RPTY,2020-11-05,2020,11,Thursday,2,7.0,
6554fd5b-78a8-4972-98eb-0b2bde2d5027,5,fvBBXY,2020-11-05,2020,11,Thursday,2,7.0,
143dab98-c5e5-48fb-b121-6100743f7a8c,5,g0RPTY,2020-11-05,2020,11,Thursday,1,3.5,
4bc074bc-d27d-4d75-a74f-5e5068477fca,5,V9hDyY,2020-11-05,2020,11,Thursday,2,7.0,
011f8081-28b8-461f-88d7-14b64850d5b5,5,TwErrn,2020-11-05,2020,11,Thursday,2,7.0,
8c4791e3-4216-4488-b59c-36718a6b9bfd,5,HHY1ds,2020-11-05,2020,11,Thursday,1,3.5,3844157a-114c-4cbc-968a-7c30f702f9a7
b49125fb-2a60-4016-9667-7c7d6492cd3c,5,RZZSxq,2020-11-05,2020,11,Thursday,2,7.0,
8686ad0d-6757-4031-8c72-496668fdfedf,5,K8gkI8,2020-11-05,2020,11,Thursday,1,3.5,
1198e2cb-fdc6-4e39-9979-799582a1ee4e,5,TwErrn,2020-11-05,2020,11,Thursday,2,7.0,
55d23522-7ee6-4bd4-828f-07b1238c39d2,5,QIb1Te,2020-11-05,2020,11,Thursday,2,7.0,
2ea6246d-fd69-4843-93c7-749f4c1adbc0,5,YnyFQq,2020-11-05,2020,11,Thursday,1,3.5,e760c2d0-2a0d-401f-b3e0-6dff7eb78a11
46f9862a-0316-4e66-94ad-01d61ef4945e,5,iYvFyn,2020-11-05,2020,11,Thursday,2,7.0,
984884be-dae7-4139-b4d5-c3178f18f63c,5,J4fMRf,2020-11-05,2020,11,Thursday,2,7.0,
2544fdbb-02dd-4478-b7af-3d43b985cdf1,5,V9hDyY,2020-11-05,2020,11,Thursday,3,10.5,b838de81-e5d5-4653-a383-8d64b9a8914e
896747f0-fcde-40a1-976f-26c92f1c5df9,5,QIb1Te,2020-11-05,2020,11,Thursday,2,7.0,
3ae1806e-862a-4d16-b82d-266383fe32e3,5,XkiZ9D,2020-11-05,2020,11,Thursday,2,7.0,382e479c-a17b-4fa8-8b85-18a3d58e902b
55653d82-b2d3-41ad-97fc-24f6eb3473bb,5,1X3p2H,2020-11-05,2020,11,Thursday,3,10.5,b838de81-e5d5-4653-a383-8d64b9a8914e
e4e18c14-6769-4667-b013-5223d718d7e7,5,iYvFyn,2020-11-05,2020,11,Thursday,3,10.5,5780b162-a90b-4049-b898-d2952d9b8f88
00b60f6c-c2ab-4eb7-8a20-7be2a2774a27,5,YnyFQq,2020-11-05,2020,11,Thursday,2,7.0,
9a17e4ab-a042-4d1e-87a9-30f3bbe7f2c8,5,TwErrn,2020-11-05,2020,11,Thursday,2,7.0,4e998e65-c2ba-48ce-926c-caab949c569d
eb98f122-439b-49da-b1d9-fe9054493cda,5,V9hDyY,2020-11-05,2020,11,Thursday,1,3.5,
ce472280-f0d7-4cf9-ad7c-e55bb2d0e4c5,5,1X3p2H,2020-11-05,2020,11,Thursday,2,7.0,
5e27048e-debb-4c9d-b65b-9354a0b4915d,5,QIb1Te,2020-11-05,2020,11,Thursday,2,7.0,
d41e7e4b-672d-4553-96ff-e10330bb2eda,5,fvBBXY,2020-11-06,2020,11,Friday,2,7.0,0c4795ee-75eb-4f9e-b73f-1b8826a15029
d565829f-9f56-4c18-a264-ae0bd970cb92,5,AcIRu7,2020-11-06,2020,11,Friday,2,7.0,
7aa7f45e-03fc-4de4-b997-8f6dc07f8e9b,5,9FFwEf,2020-11-06,2020,11,Friday,2,7.0,f3970868-3c90-46d8-a20f-2390b8a7c8f2
03913d86-67fd-4c6b-afd8-b2c2254a31a8,5,g0RPTY,2020-11-06,2020,11,Friday,1,3.5,
1674c002-1b1b-402f-b0d6-b38853860a81,5,HHY1ds,2020-11-06,2020,11,Friday,2,7.0,
7041315a-d5e6-432d-b131-b30a1879634d,5,g0RPTY,2020-11-06,2020,11,Friday,2,7.0,
bae96912-38ba-4670-9213-f534b762dca1,5,RZZSxq,2020-11-06,2020,11,Friday,1,3.5,
ebeb3449-f22f-402f-bc5f-f139983fa9df,5,LRN0uO,2020-11-06,2020,11,Friday,1,3.5,
1e5d394a-9e6a-41f3-8a82-f327239917ba,5,HHY1ds,2020-11-06,2020,11,Friday,3,10.5,
15c62714-ccaf-4b70-9169-7034db1a9251,5,J4fMRf,2020-11-06,2020,11,Friday,3,10.5,
92589d52-48a8-4017-a0c4-7282d4ae7a77,5,J4fMRf,2020-11-06,2020,11,Friday,3,10.5,
78a0a1ab-e64a-4fa0-81b4-f1b11216dfd1,5,Xd4sZA,2020-11-06,2020,11,Friday,1,3.5,
c5cc63b2-7b70-4cfd-a15a-cf116a9f0fec,5,XkiZ9D,2020-11-06,2020,11,Friday,1,3.5,
fe8c566a-18fc-47ed-b556-8170d56d83e6,5,QIb1Te,2020-11-06,2020,11,Friday,3,10.5,
54b786e4-1114-4d68-a693-43eaec27c7ff,5,Xd4sZA,2020-11-06,2020,11,Friday,1,3.5,
39fe5f1b-6b46-4d9b-80b3-0fc51bb0ba1e,5,IWoDZ7,2020-11-06,2020,11,Friday,3,10.5,
effa50a2-56d0-4197-a159-feb12790bd16,5,TwErrn,2020-11-06,2020,11,Friday,1,3.5,
bd527e9b-a7e7-434f-92cc-d7ca48b88efa,5,fvBBXY,2020-11-06,2020,11,Friday,3,10.5,
f58463ca-2e35-45dd-8f10-6f9e9f3d5220,5,K8gkI8,2020-11-06,2020,11,Friday,3,10.5,
370fd8b8-ffd9-4d0b-a18e-f3ae9fa041a1,5,HHY1ds,2020-11-06,2020,11,Friday,2,7.0,
a59ae600-544a-4357-86f3-4abdb01bfeb5,5,pCjr1R,2020-11-06,2020,11,Friday,2,7.0,
371c4d2a-aa69-4508-9e96-f1b7a8ad843a,5,QIb1Te,2020-11-06,2020,11,Friday,3,10.5,e10aefa8-33b0-47a0-9bf7-f3a95113eac0
0b2cef7a-a6b0-4a6e-a8ad-1180aa53fc85,5,AcIRu7,2020-11-06,2020,11,Friday,2,7.0,e0182375-f127-46d4-b152-07ffa4839271
18b47a76-432b-4010-8895-35b53a55652d,5,YnyFQq,2020-11-06,2020,11,Friday,2,7.0,
94e67c17-afa5-4dbb-ba68-107551c38671,5,RZZSxq,2020-11-06,2020,11,Friday,1,3.5,
f3d31c5a-5fa2-4e21-8a16-fb156dfd0064,5,LRN0uO,2020-11-06,2020,11,Friday,2,7.0,
50e02757-bce0-4d6f-963f-bc331c5f8083,5,9FFwEf,2020-11-06,2020,11,Friday,2,7.0,
3fc03127-9393-465b-8cf9-b2698c2e4f95,5,QIb1Te,2020-11-06,2020,11,Friday,1,3.5,
4c3775fb-f562-4e07-a4e2-83089cb84ff7,5,AcIRu7,2020-11-06,2020,11,Friday,3,10.5,
92351c8e-a058-4471-a77d-cd88104b7b1d,5,YnyFQq,2020-11-06,2020,11,Friday,1,3.5,
64e47bdd-822e-4fdc-b2c3-e2428f9df2e0,5,LRN0uO,2020-11-06,2020,11,Friday,2,7.0,
34cc67ea-9b3b-4183-841e-fcdae94bcbd0,5,9FFwEf,2020-11-06,2020,11,Friday,2,7.0,
c99454f4-844f-41a7-8ec2-1d85687aa9c2,5,LRN0uO,2020-11-06,2020,11,Friday,1,3.5,4aefd4c5-e273-47fa-aeeb-0feb7c28c166
84472966-2195-448c-b85f-e0dcd17112c0,5,IWoDZ7,2020-11-06,2020,11,Friday,1,3.5,
a36f3a3a-5fbc-47cb-8940-4a5de0c73a8d,5,8CnCaM,2020-11-06,2020,11,Friday,2,7.0,e7d9c1e6-2d06-4f07-938c-6977397f3e26
d10504e2-2d8d-4f49-af27-a49598f4b1be,5,TwErrn,2020-11-06,2020,11,Friday,3,10.5,430ecc3b-25ca-412a-b2c3-824cbb15071b
ba0a7bd6-ea4c-4fb2-ada5-5b27f90bebfa,5,1X3p2H,2020-11-06,2020,11,Friday,2,7.0,
91959fe5-9a29-4c17-bddb-77d5f7a25f3f,5,YnyFQq,2020-11-06,2020,11,Friday,1,3.5,b355813f-831d-4f72-8408-4d42562c3e34
3cbd0cdc-ff04-4613-82ed-3b932bcd4477,5,iYvFyn,2020-11-06,2020,11,Friday,1,3.5,644b45e9-650a-45b4-8466-0021529cbb90
85e142fa-3024-4976-903c-141c56b7d76b,5,XkiZ9D,2020-11-06,2020,11,Friday,2,7.0,618444df-1a60-43ae-bb24-698b38e7e786
580ddc4f-c423-4602-871b-f3593031e423,5,QIb1Te,2020-11-06,2020,11,Friday,2,7.0,
2928e329-116a-41da-8c5d-bee708db5d64,5,YnyFQq,2020-11-06,2020,11,Friday,1,3.5,
7923d3c1-5b28-462f-966a-8ff7d70323a7,5,YnyFQq,2020-11-06,2020,11,Friday,2,7.0,
df592abc-32c5-471d-abea-d3c2691441c4,5,g0RPTY,2020-11-06,2020,11,Friday,2,7.0,
3f0597e0-19bf-43b0-8707-061460c596ee,5,g0RPTY,2020-11-06,2020,11,Friday,1,3.5,1ff01ffd-f197-493e-8a2b-0f85ac732dd6
15efddec-1422-4879-9945-18db5e8d37c3,5,AcIRu7,2020-11-06,2020,11,Friday,3,10.5,409f7f20-99a7-4661-b7b4-488c27e01fb3
371d9a9c-158e-41b5-a7b3-ff62edb1bfe8,5,V9hDyY,2020-11-06,2020,11,Friday,3,10.5,
0a921c64-3834-4515-9ab9-5f47ca9d71a1,5,K8gkI8,2020-11-06,2020,11,Friday,3,10.5,41875687-b3a0-4ca3-88b9-107ab9e2dc96
d2b27eac-2cab-4969-9177-2d5ef4db1487,5,V9hDyY,2020-11-06,2020,11,Friday,2,7.0,
98bb6f52-ee0e-4f9d-b722-0387190e7092,5,K8gkI8,2020-11-06,2020,11,Friday,2,7.0,
a0f4d07e-41bc-47e3-9820-9fc379cfefe2,5,QIb1Te,2020-11-06,2020,11,Friday,3,10.5,c9998830-5ab4-4386-8c4f-3a28b8dfd31f
d0dd475d-0d93-42a0-84d3-49c44ba70715,5,9FFwEf,2020-11-06,2020,11,Friday,2,7.0,
48870243-fd4d-4173-99a8-745936bed3f3,5,V9hDyY,2020-11-06,2020,11,Friday,3,10.5,
f105adc3-4cb6-4c15-bd23-ffe54a87f336,5,8CnCaM,2020-11-06,2020,11,Friday,3,10.5,
2fdd9f5f-346b-41f2-a3ca-2f7d04ac412d,5,Xd4sZA,2020-11-06,2020,11,Friday,3,10.5,
c60c6029-0815-485f-929e-940e4c8df874,5,YnyFQq,2020-11-06,2020,11,Friday,3,10.5,
73cb2557-fde4-4116-bb16-67796398d7c6,5,fvBBXY,2020-11-06,2020,11,Friday,1,3.5,bd50a55d-4742-4b83-bc7c-8abd95c8f86e
0762cfab-1597-45b7-a0b2-daf33ab61559,5,8CnCaM,2020-11-06,2020,11,Friday,1,3.5,
4bcdb6cb-9de9-439c-a13e-246fb44b14ac,5,K8gkI8,2020-11-06,2020,11,Friday,3,10.5,ce585b6f-9a9f-4c6c-8d21-71cd50d7b91a
d5f839a0-0386-4aab-b776-32b5b8edf7d0,5,HHY1ds,2020-11-06,2020,11,Friday,1,3.5,
ec48476b-4e30-4195-8a93-9a637636032b,5,K8gkI8,2020-11-06,2020,11,Friday,2,7.0,
6c889d40-c6b7-40ac-9606-84c7987f25db,5,IWoDZ7,2020-11-06,2020,11,Friday,2,7.0,
b7c0a6b6-40da-435f-a9de-52950dfd37bd,5,J4fMRf,2020-11-06,2020,11,Friday,2,7.0,
9a24c04c-a3a2-40c9-88e6-d32803d9687c,5,1X3p2H,2020-11-06,2020,11,Friday,2,7.0,104680e6-78b4-414c-8402-191243d43b87
5a0ece49-35af-442b-af25-985f2ab5b8b6,5,TwErrn,2020-11-06,2020,11,Friday,3,10.5,
76feb556-ae08-4696-aa52-aa9b23f3cff7,5,iYvFyn,2020-11-06,2020,11,Friday,2,7.0,
ce6eaed2-ad4c-4bb9-9b4f-eb42aefd698d,5,8CnCaM,2020-11-06,2020,11,Friday,2,7.0,
57dc34a6-595b-42c1-944e-f0e751e01525,5,J4fMRf,2020-11-06,2020,11,Friday,2,7.0,
6fc3e08c-25c6-4266-8e2a-f7914c8e6136,5,K8gkI8,2020-11-06,2020,11,Friday,2,7.0,
1f535104-ebb9-4854-b0cf-1a8fc5705472,5,AcIRu7,2020-11-06,2020,11,Friday,2,7.0,
a0355d29-9c5f-434a-92fe-f100ca09d5f0,5,AcIRu7,2020-11-06,2020,11,Friday,3,10.5,37cb3497-7618-4714-9354-68713e894f1b
7be305db-99f0-42d1-a546-d1381eec17a5,5,XkiZ9D,2020-11-06,2020,11,Friday,2,7.0,
c475023e-d26a-437b-a55f-2e6cb4441983,5,LRN0uO,2020-11-06,2020,11,Friday,3,10.5,10a27af3-5860-4743-bc01-36bb4309f16c
d4ae9181-cc83-4a02-9f38-c59f6511440d,5,V9hDyY,2020-11-06,2020,11,Friday,2,7.0,
0c5e939d-2203-4bab-9326-86c4056fe782,5,IWoDZ7,2020-11-06,2020,11,Friday,1,3.5,f3970868-3c90-46d8-a20f-2390b8a7c8f2
e400d5d4-706d-4f16-9c3a-990b954e50a2,5,pCjr1R,2020-11-06,2020,11,Friday,1,3.5,
07e053bf-9913-4371-860a-077a1755fdaf,5,Xd4sZA,2020-11-07,2020,11,Saturday,1,3.5,
3c8985c4-ab5c-4a45-b46c-4b3a1497ce29,5,QIb1Te,2020-11-07,2020,11,Saturday,2,7.0,77d1d3e9-23f2-4e1c-ab60-fb6427929461
642944f1-9309-453e-b38f-713fee6bd370,5,fvBBXY,2020-11-07,2020,11,Saturday,3,10.5,
2f74ee08-9b23-47ea-88ec-cd6c3fdb3a02,5,V9hDyY,2020-11-07,2020,11,Saturday,3,10.5,
073e2f67-2558-4894-a456-54fe80738232,5,J4fMRf,2020-11-07,2020,11,Saturday,3,10.5,
6714a0c8-5b78-42a5-baad-5a7aa441116c,5,HHY1ds,2020-11-07,2020,11,Saturday,2,7.0,
e99fdd9e-9cd5-46fc-b05f-e9d35a7df19e,5,8CnCaM,2020-11-07,2020,11,Saturday,2,7.0,
629b50b7-1bf8-4760-8b91-f580945c8473,5,8CnCaM,2020-11-07,2020,11,Saturday,1,3.5,
ecd9d3cb-47e2-4865-8cc5-e68048710e44,5,YnyFQq,2020-11-07,2020,11,Saturday,2,7.0,ae3314e8-98a0-4c08-8de4-4a46bbeced02
9e39f90a-8d9f-4240-9bbb-2c1de3d1cffb,5,HHY1ds,2020-11-07,2020,11,Saturday,2,7.0,
39dbe713-68fa-4d96-91b5-720881e97c3b,5,IWoDZ7,2020-11-07,2020,11,Saturday,2,7.0,30006795-823b-43d8-8e9e-38dd92091162
93ae097b-2567-4431-9837-adc9a9212120,5,IWoDZ7,2020-11-07,2020,11,Saturday,2,7.0,
a4e6bd7f-85f4-4291-a863-af3d8f8ba188,5,RZZSxq,2020-11-07,2020,11,Saturday,2,7.0,54c2f33c-ff98-4537-bd8e-a17e8942faf5
ba407e97-1cba-42a2-88fc-3d067bf725c5,5,8CnCaM,2020-11-07,2020,11,Saturday,1,3.5,
364b7c8d-eeff-4888-85c5-6b2a558cff9c,5,1X3p2H,2020-11-07,2020,11,Saturday,2,7.0,a77bb9ae-7872-4f37-bfaf-4a257aa72639
00a70c63-a3c6-47bb-afb3-808bdf36610a,5,YnyFQq,2020-11-07,2020,11,Saturday,3,10.5,41875687-b3a0-4ca3-88b9-107ab9e2dc96
fad4464f-e750-4fb5-bace-ffdf0f87bd18,5,YnyFQq,2020-11-07,2020,11,Saturday,2,7.0,
9a148cbc-c8fc-40b8-96d9-0210b64007c9,5,9FFwEf,2020-11-07,2020,11,Saturday,2,7.0,5602ac6c-b457-4267-af2d-12e131e14f95
bce4cb02-7c19-40a7-8aee-3cdc4e6e7c78,5,iYvFyn,2020-11-07,2020,11,Saturday,3,10.5,
0a335277-c832-487a-accb-e44ee870b551,5,J4fMRf,2020-11-07,2020,11,Saturday,2,7.0,
c6bf5c89-197e-4fa5-b01e-39c3f0bbc63c,5,J4fMRf,2020-11-07,2020,11,Saturday,2,7.0,78079efc-e49c-4037-abea-abb0308b295e
775b7aa0-2492-4772-93b1-36bffb8ffb16,5,Xd4sZA,2020-11-07,2020,11,Saturday,1,3.5,
34aedce7-dfa0-4a19-8086-0d49a13f13c2,5,QIb1Te,2020-11-07,2020,11,Saturday,2,7.0,
89dd5eb8-26a1-4251-997c-11077d453ce4,5,YnyFQq,2020-11-07,2020,11,Saturday,1,3.5,c13e87b1-eb73-4922-99da-b4acd5a0bf97
57f6adbf-fac5-4cb6-930b-9d13df9d2366,5,fvBBXY,2020-11-07,2020,11,Saturday,1,3.5,b7dfa7c9-c593-4ef7-9124-d90bd78901a3
8e95025c-cad3-4d9b-9fc9-e1ecaef51dfd,5,iYvFyn,2020-11-07,2020,11,Saturday,3,10.5,
9a6f43d7-53a1-48f3-a242-d8912056acfc,5,g0RPTY,2020-11-07,2020,11,Saturday,1,3.5,
dbfa3af6-1b02-4b81-892f-2ae84c1da63e,5,HHY1ds,2020-11-07,2020,11,Saturday,2,7.0,
41b0ee23-65e7-4843-baf0-b93838d6db4e,5,AcIRu7,2020-11-07,2020,11,Saturday,1,3.5,c2a9d258-5877-405e-8781-35fc5a2abeab
e1618fd3-9d20-4031-b409-f853d5e0aae5,5,g0RPTY,2020-11-07,2020,11,Saturday,2,7.0,667d16d6-62b1-4f1e-a526-c985c59bf485
9a3e5db4-4e96-45df-9420-7ee5fd2d8c7e,5,AcIRu7,2020-11-07,2020,11,Saturday,2,7.0,
e9698b0d-78ff-4aa9-af6b-054491320347,5,K8gkI8,2020-11-07,2020,11,Saturday,2,7.0,
d490d542-0d67-4d86-9c3c-53db8db86866,5,TwErrn,2020-11-07,2020,11,Saturday,3,10.5,b103d647-4ca5-451f-b87f-7bab4a832756
d0cc6e2b-8ab5-4dce-87df-5d25bd20d36c,5,8CnCaM,2020-11-07,2020,11,Saturday,2,7.0,
e8b08718-7c5c-47e4-ab52-a4290d08e771,5,pCjr1R,2020-11-07,2020,11,Saturday,2,7.0,
e2ffdd47-5f70-48f3-96da-30e7fc02a28f,5,V9hDyY,2020-11-07,2020,11,Saturday,2,7.0,db4c39e2-5614-4fcf-8152-e37a6a8f4146
b39a3750-ccdc-419c-b86d-eebcfb15f480,5,LRN0uO,2020-11-07,2020,11,Saturday,1,3.5,
ff3e90f0-e2e2-4300-a24d-48ecb3e62a6d,5,Xd4sZA,2020-11-07,2020,11,Saturday,2,7.0,
0a0f63af-95cb-47c4-a494-ecae4bff796c,5,YnyFQq,2020-11-07,2020,11,Saturday,1,3.5,
21d2813a-bfd3-47a1-8027-dd468f045d8c,5,IWoDZ7,2020-11-07,2020,11,Saturday,1,3.5,
6c12e228-99be-4a38-8dcc-d41d379f54e4,5,LRN0uO,2020-11-07,2020,11,Saturday,3,10.5,
21daa91c-cd09-4794-a79e-9ef2f304c0ef,5,8CnCaM,2020-11-07,2020,11,Saturday,3,10.5,
02909c15-3ee5-4c56-87c4-a1fd4f929cd6,5,QIb1Te,2020-11-07,2020,11,Saturday,3,10.5,
1a611633-71b0-4cbc-9d54-6a3e0f129adb,5,YnyFQq,2020-11-07,2020,11,Saturday,1,3.5,
73597284-9b51-47ee-8fae-47d221d60070,5,pCjr1R,2020-11-07,2020,11,Saturday,2,7.0,bc99d594-0bb8-441d-a412-f522223815d9
6a583410-eca4-49e4-b77e-59f5edf8a61d,5,XkiZ9D,2020-11-07,2020,11,Saturday,3,10.5,
1e574bd6-5dca-402d-8f0d-87b4ae97d709,5,QIb1Te,2020-11-07,2020,11,Saturday,3,10.5,511ed47d-4be3-4a52-b7e5-49c7703a7006
cc4e9bb1-97e5-4d4f-8fb1-ede6a29c05cb,5,9FFwEf,2020-11-07,2020,11,Saturday,3,10.5,
f7071ef4-65d0-467f-96d7-1e6dcf3cb1d8,5,IWoDZ7,2020-11-07,2020,11,Saturday,2,7.0,
2be681e0-046f-4176-9196-6a87611048d6,5,K8gkI8,2020-11-07,2020,11,Saturday,2,7.0,
7f58d2f6-1eef-4a5a-8645-6f121f22d6ee,5,HHY1ds,2020-11-07,2020,11,Saturday,2,7.0,
19b10c3c-4273-467c-ac07-1cd64e6545de,5,YnyFQq,2020-11-07,2020,11,Saturday,3,10.5,
9f9369a3-6aff-43ee-9128-e8e103ebfc02,5,pCjr1R,2020-11-07,2020,11,Saturday,2,7.0,
75b26fe6-7567-4bfb-aa6d-892f06f99567,5,8CnCaM,2020-11-07,2020,11,Saturday,3,10.5,
49b60e45-07a9-4a21-a019-c315c04903fc,5,LRN0uO,2020-11-07,2020,11,Saturday,2,7.0,
e769a572-2ed0-44f5-a869-cacb7c1f6f62,5,XkiZ9D,2020-11-07,2020,11,Saturday,1,3.5,
d2e7158c-9938-4028-b5e7-3dee3e933a4a,5,Xd4sZA,2020-11-07,2020,11,Saturday,1,3.5,
c1297ebb-d75d-43b8-a5f8-428a755dc932,5,fvBBXY,2020-11-07,2020,11,Saturday,2,7.0,0fe15ff1-b29d-4991-b603-5a424e690a79
e550cd78-ad0c-495b-a9c2-f09a46e613f2,5,YnyFQq,2020-11-07,2020,11,Saturday,2,7.0,
46c1eec2-30e6-430f-bbf9-9c1bde112358,5,iYvFyn,2020-11-07,2020,11,Saturday,3,10.5,
d23ee3bd-8022-422f-835a-7978899977fb,5,TwErrn,2020-11-07,2020,11,Saturday,1,3.5,
23d71275-b66d-4de4-a2e2-56eda7ea42f5,5,RZZSxq,2020-11-07,2020,11,Saturday,2,7.0,
0d510525-a55b-4038-9a03-d15b58755b3a,5,K8gkI8,2020-11-07,2020,11,Saturday,1,3.5,1c99f61c-33d7-4035-b2e8-33bb13a9f458
1896a862-6d51-46a9-9133-93e6b904b378,5,XkiZ9D,2020-11-08,2020,11,Sunday,2,7.0,
c5e43916-caeb-444d-be9b-64baa95a3772,5,YnyFQq,2020-11-08,2020,11,Sunday,2,7.0,
807e8079-3ac1-4d5f-ac72-7565be8b71ae,5,9FFwEf,2020-11-08,2020,11,Sunday,2,7.0,
86b01e2b-4006-48d8-894a-c4b9baff039f,5,8CnCaM,2020-11-08,2020,11,Sunday,2,7.0,
984e1df8-2d3b-4578-b491-9d24bbd51f50,5,J4fMRf,2020-11-08,2020,11,Sunday,3,10.5,
e20516d7-84dd-42cc-876c-b8672c4a9de5,5,LRN0uO,2020-11-08,2020,11,Sunday,1,3.5,a2461689-37b8-4efa-91ba-013631f12a10
27cb821c-82c2-4ef0-850c-db7d3b199ceb,5,1X3p2H,2020-11-08,2020,11,Sunday,3,10.5,220ccbee-70ff-479f-b49e-2d79b6f877cf
cf48e6a5-8bf7-4a20-b0ab-4269e6899a28,5,pCjr1R,2020-11-08,2020,11,Sunday,2,7.0,
cdce14b5-52cc-44b5-8aa1-bf6340b861d7,5,J4fMRf,2020-11-08,2020,11,Sunday,3,10.5,d581e5a3-f4e8-4826-b4e5-e22f0f1796cc
5ad941a2-6d7b-4b65-a0de-3887b1d96570,5,IWoDZ7,2020-11-08,2020,11,Sunday,2,7.0,
752e9e40-a8e4-47c3-99dc-9b05e1b18a61,5,K8gkI8,2020-11-08,2020,11,Sunday,1,3.5,
e4ca164b-4694-4561-94ef-0c3535f22c74,5,8CnCaM,2020-11-08,2020,11,Sunday,2,7.0,
20506cdb-6007-4250-b5f8-5ad801b74f9a,5,LRN0uO,2020-11-08,2020,11,Sunday,1,3.5,
b74600d5-4c16-4372-a056-d328d9f8b60f,5,fvBBXY,2020-11-08,2020,11,Sunday,2,7.0,5df12d06-bb99-4df9-93bf-f627c9b36881
5f5dd4f1-4c41-47d5-82ea-34a469a47b61,5,8CnCaM,2020-11-08,2020,11,Sunday,2,7.0,
c87bb49b-e363-4a2f-bff8-68b3b4e0b488,5,QIb1Te,2020-11-08,2020,11,Sunday,3,10.5,
a85a2c13-2c7e-4583-9167-08c5b9f1c632,5,XkiZ9D,2020-11-08,2020,11,Sunday,2,7.0,
4ff0c5e8-a101-4c0f-bf73-d48e7de13a9c,5,g0RPTY,2020-11-08,2020,11,Sunday,3,10.5,
21c2b0eb-856c-4bab-922e-7e89d37ade6a,5,V9hDyY,2020-11-08,2020,11,Sunday,3,10.5,
57381750-0633-4c00-af31-e739f6c62b80,5,g0RPTY,2020-11-08,2020,11,Sunday,3,10.5,
d939298a-51b4-42f8-88d3-d63e8b5dd6e2,5,Xd4sZA,2020-11-08,2020,11,Sunday,3,10.5,04acca25-4c5b-4442-8148-a7f25643420a
9c9f7b2e-5d30-4df0-8a2f-1abb63b5ecf2,5,fvBBXY,2020-11-08,2020,11,Sunday,3,10.5,
ce98edf6-154a-474a-b259-757963b452b3,5,RZZSxq,2020-11-08,2020,11,Sunday,2,7.0,
776233d7-1b1d-4a70-b0fe-586c5782543c,5,QIb1Te,2020-11-08,2020,11,Sunday,2,7.0,78cf43f3-f011-47ec-bf94-29999cdbd4d7
2b734048-0eca-4e09-b6b9-f1ef854b0615,5,XkiZ9D,2020-11-08,2020,11,Sunday,1,3.5,86ced926-677f-40c7-8dae-7aaacf0feac7
69ce7c8c-9f47-480e-9dde-7789cf1a0e9d,5,9FFwEf,2020-11-08,2020,11,Sunday,2,7.0,097df1c8-9bca-4004-aeb6-cff30894909e
b3bdd884-d23f-48e2-b3a4-1f46b7e689d2,5,AcIRu7,2020-11-08,2020,11,Sunday,2,7.0,
c04e3b7d-eb46-4ce0-bd77-63ac1ed4dfcf,5,8CnCaM,2020-11-08,2020,11,Sunday,2,7.0,
75877eb3-f064-454d-bcc4-4da047b8f40c,5,QIb1Te,2020-11-08,2020,11,Sunday,2,7.0,
efb6d3e8-df25-421c-9104-ea8ae0e8f74d,5,TwErrn,2020-11-08,2020,11,Sunday,1,3.5,0a84fed2-01ed-477a-a4d7-963087b5e4a2
0fed1f04-944d-4b48-9b77-8328490dc62c,5,g0RPTY,2020-11-08,2020,11,Sunday,2,7.0,
6fd08494-209f-4998-b002-e8ea6684f1db,5,RZZSxq,2020-11-08,2020,11,Sunday,1,3.5,
8f617ff9-19c8-46dc-8feb-9fcc78377102,5,HHY1ds,2020-11-08,2020,11,Sunday,3,10.5,
9cad37a2-24fa-45c7-9532-36d1189ccd80,5,1X3p2H,2020-11-08,2020,11,Sunday,3,10.5,b838de81-e5d5-4653-a383-8d64b9a8914e
40fa9182-8386-4add-9bac-40cb00604538,5,AcIRu7,2020-11-08,2020,11,Sunday,1,3.5,e1d6f081-f72d-41e0-8d05-47f6df72b6de
49e17c7e-7993-4d20-bf3d-1385b944d39e,5,LRN0uO,2020-11-08,2020,11,Sunday,2,7.0,
48448274-42a5-4841-91fc-b8e8173a0abb,5,iYvFyn,2020-11-08,2020,11,Sunday,3,10.5,5e9c40c4-7189-4919-97b8-07762440f4a4
3ec7db92-9666-49d8-a45c-8f2ba79ce622,5,8CnCaM,2020-11-08,2020,11,Sunday,1,3.5,
e14acef7-2369-4f2c-b32c-3cfac8c9d269,5,Xd4sZA,2020-11-08,2020,11,Sunday,1,3.5,e535c38b-71a8-40c0-bf54-fbeb2f09ce8d
7168ba83-00ca-466d-a66d-1ba55a580a57,5,g0RPTY,2020-11-08,2020,11,Sunday,3,10.5,68b6c205-1a23-49fa-a960-d1df67800f0a
fc3c8060-855f-443b-b5d7-544ada726030,5,Xd4sZA,2020-11-08,2020,11,Sunday,2,7.0,
27d71f87-0b99-42e0-85cd-4de59389d06c,5,HHY1ds,2020-11-08,2020,11,Sunday,2,7.0,
84536530-6f68-425e-b06d-190fa1c60148,5,pCjr1R,2020-11-08,2020,11,Sunday,2,7.0,
ca5f3398-690a-4f54-b547-abc538e28010,5,V9hDyY,2020-11-08,2020,11,Sunday,2,7.0,
fb4b3373-1e8d-4055-8def-ac9833a580ac,5,LRN0uO,2020-11-08,2020,11,Sunday,2,7.0,62bdc5cf-1de2-438b-b406-35dedad24192
9aaf1785-fccc-4111-95b7-708819f20b70,5,XkiZ9D,2020-11-08,2020,11,Sunday,1,3.5,04a60e96-9b04-42f5-9f04-de4582f0d3d8
5b18d265-a861-4aef-8ece-4f09a240c572,5,IWoDZ7,2020-11-08,2020,11,Sunday,2,7.0,
f974bd3d-0c2f-4e48-9d75-8b1a472c0593,5,Xd4sZA,2020-11-08,2020,11,Sunday,2,7.0,
36bc9061-b37a-4dc7-9fb8-d63efa3116a7,5,9FFwEf,2020-11-08,2020,11,Sunday,2,7.0,b7be8719-d7cc-4c06-8bf6-d5bd0cc7df37
90ee248e-41c9-4aeb-897f-77e45f154f67,5,RZZSxq,2020-11-08,2020,11,Sunday,1,3.5,
badbb9dd-8a32-447f-9c0d-4c3b871357b2,5,g0RPTY,2020-11-08,2020,11,Sunday,3,10.5,
c5f55423-0b30-4693-9208-05f783c36ce6,5,HHY1ds,2020-11-08,2020,11,Sunday,2,7.0,
208f27a6-27c5-4c4b-a0e4-646ff3cbf233,5,LRN0uO,2020-11-08,2020,11,Sunday,2,7.0,
3553f5b3-edec-4e36-860d-859c3d3962ff,5,LRN0uO,2020-11-08,2020,11,Sunday,1,3.5,
b7755960-c1ba-4188-b33f-6bd0f426bc7f,5,pCjr1R,2020-11-08,2020,11,Sunday,3,10.5,
c427e83b-6bd3-4d2c-ab29-855f6cd5dc40,5,XkiZ9D,2020-11-08,2020,11,Sunday,2,7.0,222f8e67-db58-4358-95d3-bfe73b7d8031
c2e87362-98d8-44be-a12f-6b3f8091658e,5,8CnCaM,2020-11-08,2020,11,Sunday,2,7.0,32ad9ccc-601f-45a6-bfaf-47ca2008fd7f
3279d547-c167-45a9-9587-419ba449978f,5,TwErrn,2020-11-08,2020,11,Sunday,1,3.5,
abb55562-837d-48c8-b347-a68ce2f62883,5,9FFwEf,2020-11-08,2020,11,Sunday,2,7.0,
3f44bafc-969d-47f8-adc9-28d01db666bd,5,XkiZ9D,2020-11-08,2020,11,Sunday,1,3.5,1d6e18a8-2113-48a0-85ff-bd7d9b3313ab
d1986d51-203b-4419-bc4b-d216cf097840,5,RZZSxq,2020-11-08,2020,11,Sunday,1,3.5,
6a56b3ac-c79f-4a48-bdaa-33ef446911eb,5,9FFwEf,2020-11-08,2020,11,Sunday,2,7.0,
9147aa3a-0087-4ff6-bed5-b81e3012deab,5,pCjr1R,2020-11-08,2020,11,Sunday,2,7.0,
cd04f95e-9c7b-4774-b38b-83dc7dcc9147,5,IWoDZ7,2020-11-08,2020,11,Sunday,1,3.5,7a359c55-7a89-45e1-b8c2-0bd5e3d7e997
c1ba5d49-0162-40a0-b0f8-25b16edeb362,5,Xd4sZA,2020-11-08,2020,11,Sunday,2,7.0,97ecb963-546c-486e-b147-cef5cf3f8031
ab4890e2-4b82-416a-b0db-7eaac6aff3b6,5,YnyFQq,2020-11-08,2020,11,Sunday,2,7.0,
886c32dc-52b2-4423-afbb-1dc6425eba16,5,J4fMRf,2020-11-08,2020,11,Sunday,1,3.5,
5bc36cbb-abe8-40ec-98f1-ca573b705867,5,XkiZ9D,2020-11-08,2020,11,Sunday,2,7.0,10a27af3-5860-4743-bc01-36bb4309f16c
1d3a81a5-1f61-4ea0-a546-576728cecc32,5,Xd4sZA,2020-11-08,2020,11,Sunday,3,10.5,
4234a0b9-6390-465f-8ca6-f29ebba71fe0,5,LRN0uO,2020-11-08,2020,11,Sunday,2,7.0,
1c37b2e5-42b4-4a5a-bcb8-1fcf8e2e9914,5,1X3p2H,2020-11-08,2020,11,Sunday,1,3.5,
045db6bf-53fe-416e-a24c-5e5936481127,5,iYvFyn,2020-11-08,2020,11,Sunday,2,7.0,b4abaaeb-d742-4b38-91f8-49c9eaf5b22a
d4a08c70-b9d5-4f59-b6b4-e5f8d8e137ed,5,g0RPTY,2020-11-08,2020,11,Sunday,3,10.5,
23410b81-5c3c-4e29-ae44-760115310a81,5,LRN0uO,2020-11-08,2020,11,Sunday,2,7.0,
6d07ae5b-a74d-4834-ab6d-a28ed8cb111a,5,V9hDyY,2020-11-08,2020,11,Sunday,2,7.0,
41c3d2c9-f5c0-4ded-a850-c1913ca5ad11,5,g0RPTY,2020-11-08,2020,11,Sunday,1,3.5,30006795-823b-43d8-8e9e-38dd92091162
6db0892a-6c23-4d7e-94d5-277dde0f71e4,5,J4fMRf,2020-11-08,2020,11,Sunday,3,10.5,
b6f606c8-b526-4e99-afc8-b2068074caad,5,YnyFQq,2020-11-08,2020,11,Sunday,2,7.0,
6fd5d665-0823-48ae-ba5d-dd42757a7c6f,5,RZZSxq,2020-11-08,2020,11,Sunday,1,3.5,220ccbee-70ff-479f-b49e-2d79b6f877cf
001aabea-dc75-42fe-8ecc-1e5592485c92,5,fvBBXY,2020-11-09,2020,11,Monday,2,7.0,
803a49ec-b882-4dda-b215-ec9abc6705b6,5,LRN0uO,2020-11-09,2020,11,Monday,1,3.5,
658156c5-66fc-46d1-81ee-ce6e220726db,5,TwErrn,2020-11-09,2020,11,Monday,1,3.5,
d8905002-a81e-4319-b899-0c63b53229cc,5,pCjr1R,2020-11-09,2020,11,Monday,3,10.5,
bc59c464-ff6c-4fc9-bf90-babd417acb1f,5,RZZSxq,2020-11-09,2020,11,Monday,3,10.5,48cabfc7-384a-4e63-965c-31995d58be55
83851b48-8dea-4955-96f6-f8a9399d1c12,5,K8gkI8,2020-11-09,2020,11,Monday,2,7.0,
0b856196-b0f9-46c6-82ed-d383699ddf66,5,RZZSxq,2020-11-09,2020,11,Monday,1,3.5,c59b5768-66d9-477c-aa15-6d68441a2420
d4c726fa-15a1-4250-980c-843eeb82395b,5,K8gkI8,2020-11-09,2020,11,Monday,2,7.0,6d695221-8bcc-4965-8172-8b4b283b54b5
47213673-9238-4bdd-ac64-fde385f6889a,5,IWoDZ7,2020-11-09,2020,11,Monday,3,10.5,
1a95d105-8c42-4583-9c1a-d38d14291511,5,1X3p2H,2020-11-09,2020,11,Monday,3,10.5,
35a87ff8-08d3-4233-a980-f77ccf3c0555,5,QIb1Te,2020-11-09,2020,11,Monday,1,3.5,
da77d861-656d-44ab-b514-8c8968de6c5b,5,J4fMRf,2020-11-09,2020,11,Monday,3,10.5,
5d1ef34f-aa85-47da-ac4e-54fbe06d1234,5,HHY1ds,2020-11-09,2020,11,Monday,2,7.0,
20ba95f5-8a0e-4cdf-9407-b0677b57dc6c,5,8CnCaM,2020-11-09,2020,11,Monday,2,7.0,
f298e850-257f-4312-b704-1de986787c1d,5,QIb1Te,2020-11-09,2020,11,Monday,2,7.0,
c9c673b2-dcea-49c9-9a53-8a3e6e70b379,5,pCjr1R,2020-11-09,2020,11,Monday,1,3.5,
330aaebd-f9eb-4854-8f17-382f80f90e2d,5,LRN0uO,2020-11-09,2020,11,Monday,3,10.5,
aae2a0ae-02fc-470d-ad06-9632c0a2ad5a,5,AcIRu7,2020-11-09,2020,11,Monday,1,3.5,
0e635b77-57d9-4f77-aad6-4823f53c4952,5,8CnCaM,2020-11-09,2020,11,Monday,2,7.0,
7242b4f5-b2ef-4a35-8368-b458924162a5,5,YnyFQq,2020-11-09,2020,11,Monday,2,7.0,
d068e3f9-9cb8-4dbb-b1d1-dc6fd0b626a3,5,LRN0uO,2020-11-09,2020,11,Monday,3,10.5,d045403b-05fc-45af-ad57-8e04b52ef4e8
3b06745d-3d76-4424-9c4f-72f3644942db,5,K8gkI8,2020-11-09,2020,11,Monday,1,3.5,
8f4197e3-f2d9-48b3-a2d8-ebd98a0b434f,5,1X3p2H,2020-11-09,2020,11,Monday,3,10.5,
d30da556-9a2c-4d42-bc94-d1a2ae5d2566,5,QIb1Te,2020-11-09,2020,11,Monday,2,7.0,
7a272cbb-d086-407f-bffa-66f599ea9938,5,9FFwEf,2020-11-09,2020,11,Monday,2,7.0,
d739327d-67a9-4702-8a65-c90855bd5636,5,K8gkI8,2020-11-09,2020,11,Monday,2,7.0,9677d29a-fc88-4d6a-8bab-36706e66ffd3
5698f8d6-236b-474f-8367-84983fb2990a,5,g0RPTY,2020-11-09,2020,11,Monday,3,10.5,5af7924b-0487-49bf-8e32-794bf77e9bb1
15b0dc5b-550e-4138-9854-e1c051295097,5,g0RPTY,2020-11-09,2020,11,Monday,3,10.5,097df1c8-9bca-4004-aeb6-cff30894909e
9c3505c3-968d-47ab-911f-32325dcb56f8,5,HHY1ds,2020-11-09,2020,11,Monday,1,3.5,
f7f0dca2-0c74-46ea-a377-033f654ce1f8,5,XkiZ9D,2020-11-09,2020,11,Monday,3,10.5,
cb63850d-83fc-4350-836c-4bea7332b298,5,9FFwEf,2020-11-09,2020,11,Monday,3,10.5,d288b0c7-040d-49dd-816e-2d8d1cca429a
4da1a22d-e865-49e6-a74e-386d9e4e02d7,5,g0RPTY,2020-11-09,2020,11,Monday,1,3.5,93ddf9fc-121e-4d09-8584-34fa47d7e25f
c57f74eb-d1f3-431c-980e-9a944b00ffa9,5,HHY1ds,2020-11-09,2020,11,Monday,3,10.5,68b6c205-1a23-49fa-a960-d1df67800f0a
9ec90af9-57ce-48aa-93fc-de77452a982d,5,K8gkI8,2020-11-09,2020,11,Monday,1,3.5,
efe68a31-59d2-43bb-b1df-337c9df7448b,5,pCjr1R,2020-11-09,2020,11,Monday,3,10.5,
5e004124-433e-472a-8dbe-95289f2b7fb0,5,YnyFQq,2020-11-09,2020,11,Monday,2,7.0,
7bcbdb41-292e-4e9d-905f-786db3915bf8,5,pCjr1R,2020-11-09,2020,11,Monday,2,7.0,
78d5f0dc-16c3-4583-98eb-1a3d335d868a,5,QIb1Te,2020-11-09,2020,11,Monday,2,7.0,4a1ba2e8-6d29-4d1e-8c0f-6e1b020860d9
fe7f7ba6-d3fa-45e8-826e-b44f3496308d,5,Xd4sZA,2020-11-09,2020,11,Monday,1,3.5,
7701ed5b-874f-44bf-b63b-418fe402a16f,5,YnyFQq,2020-11-09,2020,11,Monday,1,3.5,
92a57d02-f7e6-4024-9c47-730bb08bd3f5,5,HHY1ds,2020-11-09,2020,11,Monday,2,7.0,
a4c9615b-fac2-45bf-ac53-ce23616973d4,5,1X3p2H,2020-11-09,2020,11,Monday,1,3.5,
c9d4f857-cc49-4ec8-8568-bc937cbe00ab,5,K8gkI8,2020-11-09,2020,11,Monday,1,3.5,
0fb8b082-010c-4529-b4d0-d2853e1109e1,5,XkiZ9D,2020-11-09,2020,11,Monday,3,10.5,b355813f-831d-4f72-8408-4d42562c3e34
1c4ac798-3f9e-48b2-8164-b8780f284c1c,5,8CnCaM,2020-11-09,2020,11,Monday,2,7.0,
a045c7fd-a229-4631-b2d4-b8bc34ceae80,5,iYvFyn,2020-11-09,2020,11,Monday,3,10.5,
aa633589-eece-4ef7-a4b4-057c75e20b01,5,V9hDyY,2020-11-09,2020,11,Monday,3,10.5,
ee5caff3-7249-4992-97ab-1a9e160f3456,5,TwErrn,2020-11-09,2020,11,Monday,3,10.5,
c5533ab3-b115-4b69-b90d-11cd4fb2acd6,5,8CnCaM,2020-11-09,2020,11,Monday,1,3.5,
b5cf056a-1467-426b-902a-8e1e4262089b,5,IWoDZ7,2020-11-09,2020,11,Monday,1,3.5,
0149f7d9-8921-44ac-b7f0-7f429662a212,5,fvBBXY,2020-11-09,2020,11,Monday,2,7.0,
15237c02-638a-44c8-aba3-26fd67c0ff5b,5,V9hDyY,2020-11-09,2020,11,Monday,2,7.0,
2babcd40-88a1-48d7-9837-bf72d4623449,5,1X3p2H,2020-11-09,2020,11,Monday,2,7.0,
654de418-a7d7-40ff-b15e-c9977f289640,5,fvBBXY,2020-11-09,2020,11,Monday,2,7.0,
f10288b7-d33a-4acc-80cb-466ed3fb2d9e,5,pCjr1R,2020-11-09,2020,11,Monday,1,3.5,
01580e68-51db-41e7-8ed5-d2b4943247ce,5,9FFwEf,2020-11-09,2020,11,Monday,1,3.5,
9185322c-5f10-4bff-9aaf-51bda3e47af3,5,LRN0uO,2020-11-09,2020,11,Monday,1,3.5,
beafc032-4313-4d48-a38f-408019c74551,5,QIb1Te,2020-11-09,2020,11,Monday,2,7.0,e10aefa8-33b0-47a0-9bf7-f3a95113eac0
82450954-d013-4119-8e1f-c308f7e0bc27,5,Xd4sZA,2020-11-09,2020,11,Monday,2,7.0,b355813f-831d-4f72-8408-4d42562c3e34
e89c86a3-1956-4969-ba09-581f412fdb5c,5,g0RPTY,2020-11-09,2020,11,Monday,2,7.0,4a7bf947-f675-4f67-a4f7-da66b1a32be1
9b872fbd-f5ae-4e81-8d71-349a21791bc0,5,AcIRu7,2020-11-09,2020,11,Monday,1,3.5,
a1b15891-a10c-49d0-8c96-d879c8005462,5,J4fMRf,2020-11-09,2020,11,Monday,2,7.0,
1c736581-f3fd-41ab-be49-459a6acdda4f,5,pCjr1R,2020-11-09,2020,11,Monday,1,3.5,
fe76e22d-464b-4b4f-a39b-754880afe85f,5,J4fMRf,2020-11-09,2020,11,Monday,2,7.0,
d56b14f0-1eed-4f0a-8490-287a5c6472bb,5,V9hDyY,2020-11-10,2020,11,Tuesday,1,3.5,47dea8ae-0261-4a68-a357-76a7ed1e6d54
195ab1df-e015-4a3a-b48d-f16118a3b20c,5,LRN0uO,2020-11-10,2020,11,Tuesday,2,7.0,
00d2259a-1277-40e5-9fc2-fae63a7cf12e,5,V9hDyY,2020-11-10,2020,11,Tuesday,2,7.0,
7b40146e-ad2b-4ee7-b1b5-970e6e008275,5,g0RPTY,2020-11-10,2020,11,Tuesday,2,7.0,97ecb963-546c-486e-b147-cef5cf3f8031
f610a082-ed3a-4cd4-9e24-a277ca59ba81,5,K8gkI8,2020-11-10,2020,11,Tuesday,1,3.5,d5fe0da4-50b9-4d2b-a7b2-124ea8ef1dd0
b46ac775-9f9a-4452-8eee-5499c9a6beae,5,HHY1ds,2020-11-10,2020,11,Tuesday,1,3.5,
5755e0b9-4643-47e8-b10b-64a4b2d85737,5,iYvFyn,2020-11-10,2020,11,Tuesday,1,3.5,
d2fb1f6f-408d-4ed2-ae6b-5d3744ab69d3,5,HHY1ds,2020-11-10,2020,11,Tuesday,3,10.5,30006795-823b-43d8-8e9e-38dd92091162
e7bfe274-73e6-40a5-af12-5316e2628acc,5,K8gkI8,2020-11-10,2020,11,Tuesday,1,3.5,
cd831926-9647-44f5-914f-5b36feb25d16,5,Xd4sZA,2020-11-10,2020,11,Tuesday,2,7.0,
d046ce8b-6fe8-4a9b-aa9f-4311e16554de,5,Xd4sZA,2020-11-10,2020,11,Tuesday,1,3.5,
ff1c2905-09b3-4fd3-84f8-8a29aa656f97,5,YnyFQq,2020-11-10,2020,11,Tuesday,3,10.5,
58bbf1d0-e1a8-4b94-9d20-c4e4997a67d6,5,Xd4sZA,2020-11-10,2020,11,Tuesday,1,3.5,
56100980-1d7f-4422-b492-35219e236af4,5,J4fMRf,2020-11-10,2020,11,Tuesday,3,10.5,61d0c3fc-28ce-49a7-acca-d6ee69254fb7
fca52004-25c1-42f4-b468-801ccaea6877,5,K8gkI8,2020-11-10,2020,11,Tuesday,2,7.0,
c47acbcd-4981-4b87-80de-b22861002de8,5,g0RPTY,2020-11-10,2020,11,Tuesday,3,10.5,
92e8f19a-f285-4b22-a4fb-9c8ae54e2cb6,5,TwErrn,2020-11-10,2020,11,Tuesday,2,7.0,
e83d2a56-b4e6-450c-aed3-2f599461e0ce,5,RZZSxq,2020-11-10,2020,11,Tuesday,3,10.5,
ded44e27-140a-4b61-a780-d4e65f4f4e0a,5,g0RPTY,2020-11-10,2020,11,Tuesday,2,7.0,
0149869c-2f09-453a-9ea5-9c2675c547b0,5,Xd4sZA,2020-11-10,2020,11,Tuesday,1,3.5,32ad9ccc-601f-45a6-bfaf-47ca2008fd7f
140ad49c-0809-4894-84d3-e9902054f46d,5,AcIRu7,2020-11-10,2020,11,Tuesday,3,10.5,d691a8b9-ef7a-4ab1-9297-daca6d0cb381
24932590-8216-494b-8123-32f5d564d7c6,5,J4fMRf,2020-11-10,2020,11,Tuesday,2,7.0,
2a596c0a-e295-4e38-a930-f299f876dc61,5,Xd4sZA,2020-11-10,2020,11,Tuesday,2,7.0,b18ca521-5b7b-4f8e-920b-ada6404e2be6
84b7bfee-3bde-45ca-9806-d6f77728765c,5,AcIRu7,2020-11-10,2020,11,Tuesday,2,7.0,
91fd85e6-4fef-4edd-bb51-5c51309af8f1,5,Xd4sZA,2020-11-10,2020,11,Tuesday,2,7.0,
fb3c298a-8f7b-4d21-ac70-9c99fa735406,5,V9hDyY,2020-11-10,2020,11,Tuesday,2,7.0,d581e5a3-f4e8-4826-b4e5-e22f0f1796cc
34fb2848-eaef-43ea-8920-2de3d32d7c19,5,RZZSxq,2020-11-10,2020,11,Tuesday,2,7.0,
8b2249d7-4287-4630-a19a-7e2b94eec135,5,HHY1ds,2020-11-10,2020,11,Tuesday,2,7.0,
6fca0c77-4aaa-4a00-b053-34a10ccc73cf,5,IWoDZ7,2020-11-10,2020,11,Tuesday,1,3.5,
8dfcd910-2a70-4aec-b611-0b9cf8f4bd13,5,1X3p2H,2020-11-10,2020,11,Tuesday,2,7.0,
49933577-0261-4cd1-9d2a-c00d61653780,5,g0RPTY,2020-11-10,2020,11,Tuesday,2,7.0,4bc892df-f1c6-412d-8ffc-ba4922bbddd2
a8d5e3e8-5ae6-4467-a99f-76fdfe3f24d1,5,K8gkI8,2020-11-10,2020,11,Tuesday,2,7.0,
13c426b4-f5c9-4b42-b76f-bf80ac01b127,5,g0RPTY,2020-11-10,2020,11,Tuesday,2,7.0,
60a2f17f-686f-43a2-bc4b-583c34d94190,5,HHY1ds,2020-11-10,2020,11,Tuesday,2,7.0,
2e0095f0-b21f-47b0-97bf-d5bebb58cfbb,5,LRN0uO,2020-11-10,2020,11,Tuesday,1,3.5,
877cf51b-076c-43fe-8628-8e12f79e67e4,5,g0RPTY,2020-11-10,2020,11,Tuesday,3,10.5,57197068-5f83-4545-adb8-7b782c960017
ad30c441-ccde-4561-a23f-219f8a6e4401,5,V9hDyY,2020-11-10,2020,11,Tuesday,3,10.5,
bdae4c42-79b4-4377-8adc-89774e8a4b25,5,Xd4sZA,2020-11-10,2020,11,Tuesday,1,3.5,
e23ea274-ae7b-49a2-979f-fcae2a81fa1a,5,RZZSxq,2020-11-10,2020,11,Tuesday,2,7.0,
16eefa80-9a4d-42f8-87f3-35f464f5e265,5,V9hDyY,2020-11-10,2020,11,Tuesday,1,3.5,
e3cefd19-fbfa-4aa6-9868-81bedd2f3dbc,5,V9hDyY,2020-11-10,2020,11,Tuesday,2,7.0,
6b564f58-8f0d-4d2d-b900-fcd6b49adcfc,5,Xd4sZA,2020-11-10,2020,11,Tuesday,2,7.0,
18fa03cb-2ba1-4f69-a2a2-3d63e218c1d0,5,Xd4sZA,2020-11-10,2020,11,Tuesday,2,7.0,
d58e094f-081a-4890-b994-f171cea99ba2,5,Xd4sZA,2020-11-10,2020,11,Tuesday,2,7.0,
a40e89b4-13f4-4df8-90d2-6015a0cd4131,5,g0RPTY,2020-11-10,2020,11,Tuesday,2,7.0,430ecc3b-25ca-412a-b2c3-824cbb15071b
a373ce07-6dab-44b8-bc69-ef7114c08aa9,5,9FFwEf,2020-11-10,2020,11,Tuesday,1,3.5,
7f9aac6c-acac-4866-9573-292ebe9f86c4,5,J4fMRf,2020-11-10,2020,11,Tuesday,3,10.5,40fdee27-e2a8-41a3-bd7f-aea31b7d952c
7a033fe5-cbe2-4a14-9ea1-b1b1505503fe,5,J4fMRf,2020-11-10,2020,11,Tuesday,2,7.0,
9c827fab-c4ae-4574-8bda-8ac16ac18d94,5,J4fMRf,2020-11-10,2020,11,Tuesday,2,7.0,7ccbf551-da7e-4502-ad43-7b191501f71e
e270c330-6692-4979-9ba6-2a09ad47f83b,5,LRN0uO,2020-11-10,2020,11,Tuesday,1,3.5,
2440862f-3605-4250-9357-33265cf45091,5,pCjr1R,2020-11-10,2020,11,Tuesday,2,7.0,
18f5d041-257f-4ca8-80d4-6348b93ed883,5,XkiZ9D,2020-11-10,2020,11,Tuesday,3,10.5,
72d2f49a-0f88-4fbd-bba3-16f9c6825c7d,5,RZZSxq,2020-11-10,2020,11,Tuesday,1,3.5,
e7f37188-2d6e-42c8-ba19-257e63136bdf,5,9FFwEf,2020-11-10,2020,11,Tuesday,2,7.0,26487452-4a1c-4a11-9a65-f906bd039317
e018a2a4-5fec-46d8-aafd-ab54be423272,5,YnyFQq,2020-11-10,2020,11,Tuesday,3,10.5,
f3fd59f7-71b2-4ee7-a41b-50284b50bcf0,5,J4fMRf,2020-11-10,2020,11,Tuesday,1,3.5,
1680c43d-05cb-4aa6-b5d2-143fceb4f73a,5,J4fMRf,2020-11-10,2020,11,Tuesday,3,10.5,
6051567c-d379-4dcf-8e82-32e3c50ab21b,5,XkiZ9D,2020-11-10,2020,11,Tuesday,2,7.0,
195e7c78-d0c2-4429-bfcf-81952b00d09b,5,TwErrn,2020-11-10,2020,11,Tuesday,1,3.5,
dc6dd040-ba0e-4473-8756-64e900567c92,5,QIb1Te,2020-11-10,2020,11,Tuesday,2,7.0,430ecc3b-25ca-412a-b2c3-824cbb15071b
620bb829-1080-4820-9709-add3886e14bb,5,fvBBXY,2020-11-10,2020,11,Tuesday,2,7.0,
ac19bc08-9a79-4c25-b041-75e03de6ecb9,5,AcIRu7,2020-11-10,2020,11,Tuesday,1,3.5,
186dde42-17b3-44f4-9fe9-572f4f0ccae5,5,QIb1Te,2020-11-10,2020,11,Tuesday,3,10.5,
ac96474f-2c11-42fe-a034-d253283dd923,5,pCjr1R,2020-11-11,2020,11,Wednesday,2,7.0,
b232b139-0cf1-4186-853c-ac4ff89b9431,5,IWoDZ7,2020-11-11,2020,11,Wednesday,2,7.0,
15fd33d7-5fa9-4f8d-9f63-63e97697dd86,5,Xd4sZA,2020-11-11,2020,11,Wednesday,3,10.5,9db5830f-36bd-4450-87bd-c754796a909e
ac084e13-7430-4f7f-8bc4-1f598d1c5f01,5,Xd4sZA,2020-11-11,2020,11,Wednesday,1,3.5,
44c18f7d-674f-47fe-8050-1546defc3f3a,5,TwErrn,2020-11-11,2020,11,Wednesday,2,7.0,
5dc23513-c768-46cf-a581-f93a9a597471,5,fvBBXY,2020-11-11,2020,11,Wednesday,2,7.0,04acca25-4c5b-4442-8148-a7f25643420a
baa4c4a7-1b3f-41b8-83f4-2f20c0cf8a4e,5,pCjr1R,2020-11-11,2020,11,Wednesday,2,7.0,e535c38b-71a8-40c0-bf54-fbeb2f09ce8d
fe54e50d-2401-48fb-9a0f-e4a25e340096,5,AcIRu7,2020-11-11,2020,11,Wednesday,3,10.5,d045403b-05fc-45af-ad57-8e04b52ef4e8
54213c44-3fdc-45b7-9794-a0ff20f74c18,5,V9hDyY,2020-11-11,2020,11,Wednesday,2,7.0,640a94d3-49c8-46e8-b0ea-e4d5bdc00647
13c0f543-006b-48cf-8177-8a7dd111d96e,5,1X3p2H,2020-11-11,2020,11,Wednesday,2,7.0,
18ba3bbf-0efb-4beb-affe-b3a106e9279d,5,TwErrn,2020-11-11,2020,11,Wednesday,2,7.0,
88d77007-4ea1-42df-b620-63eb2ce25911,5,fvBBXY,2020-11-11,2020,11,Wednesday,2,7.0,
9d4b8f62-e940-4755-b241-685901ac715d,5,fvBBXY,2020-11-11,2020,11,Wednesday,2,7.0,e99907e0-bec1-4816-bf96-4547bf379540
fb030e95-8e46-4829-8e99-49df0eea243e,5,J4fMRf,2020-11-11,2020,11,Wednesday,1,3.5,6b9f9a71-70d3-4b5f-9b01-ed609b79d287
a70211da-16ca-4c0b-9576-c1ad79e7f0be,5,9FFwEf,2020-11-11,2020,11,Wednesday,2,7.0,
5726cf56-5821-4a2c-b204-65f823292372,5,K8gkI8,2020-11-11,2020,11,Wednesday,3,10.5,eecee997-4db9-4719-a897-a93fcf18660f
6c279dfd-d563-4181-baa2-e2ed9c1c51b7,5,g0RPTY,2020-11-11,2020,11,Wednesday,3,10.5,
0a210f77-7088-4681-90c3-663a9f380df4,5,g0RPTY,2020-11-11,2020,11,Wednesday,1,3.5,
a2a7ebbf-fd38-46a7-9df8-61c801a3260c,5,YnyFQq,2020-11-11,2020,11,Wednesday,3,10.5,
e371dff1-0194-42bf-a414-3357c6746840,5,iYvFyn,2020-11-11,2020,11,Wednesday,2,7.0,
5b59ac48-6f57-49c8-89fc-f499875b1ccc,5,K8gkI8,2020-11-11,2020,11,Wednesday,2,7.0,ed820c9a-947d-4c0a-b9d7-931dbf7e6363
1392ef32-52c4-4dbf-8536-56cf1acb54fb,5,RZZSxq,2020-11-11,2020,11,Wednesday,3,10.5,
782b6e2c-5748-40c8-af63-d05e39f77810,5,TwErrn,2020-11-11,2020,11,Wednesday,2,7.0,
a584b56a-b8ed-4567-aae5-d86b5c2118ed,5,HHY1ds,2020-11-11,2020,11,Wednesday,1,3.5,b66155ef-4cbf-4f68-ba34-10f986b42bad
a4f8a459-8efd-4b99-82a6-7ce53205eed7,5,AcIRu7,2020-11-11,2020,11,Wednesday,3,10.5,
48e0ea7b-bb4d-4d22-b855-c0636239065c,5,V9hDyY,2020-11-11,2020,11,Wednesday,3,10.5,6602f38b-51f4-4597-978d-088936a2f80a
9f34a487-a525-4449-8d61-acaa1f9e3b6d,5,iYvFyn,2020-11-11,2020,11,Wednesday,3,10.5,
e5d8cf39-61f3-4025-b1fe-534b685ee9f4,5,YnyFQq,2020-11-11,2020,11,Wednesday,1,3.5,
60894ddd-b340-45b0-a62b-470f1c628b50,5,fvBBXY,2020-11-11,2020,11,Wednesday,3,10.5,
99c6d290-ce68-477f-b57d-203a310bec2c,5,8CnCaM,2020-11-11,2020,11,Wednesday,2,7.0,
7e9e6454-be7b-468b-ae35-a1ef153f6262,5,K8gkI8,2020-11-11,2020,11,Wednesday,2,7.0,
ed147364-8367-4066-a0ed-7e4f7c0ae80c,5,HHY1ds,2020-11-11,2020,11,Wednesday,1,3.5,
881bbe74-6018-4777-88a2-9f33793b695a,5,IWoDZ7,2020-11-11,2020,11,Wednesday,1,3.5,
e92d02d1-9cbe-42ec-9328-207a51e0fe57,5,iYvFyn,2020-11-11,2020,11,Wednesday,2,7.0,97ecb963-546c-486e-b147-cef5cf3f8031
eddeed75-89cf-428a-894d-056605682ef3,5,HHY1ds,2020-11-11,2020,11,Wednesday,1,3.5,
c77ecb9f-8d8c-4d14-9839-e159ea53ca6e,5,K8gkI8,2020-11-11,2020,11,Wednesday,3,10.5,
31611fea-a22e-4104-a668-137b82143c23,5,iYvFyn,2020-11-11,2020,11,Wednesday,1,3.5,
8db30fc2-f4b7-44db-aa2b-51fc8c496bbe,5,AcIRu7,2020-11-11,2020,11,Wednesday,1,3.5,
e9d5319d-718c-4352-9d45-da4f03ab3116,5,YnyFQq,2020-11-11,2020,11,Wednesday,2,7.0,
4a9aec3c-0192-4f8a-bf90-53bc13923da8,5,1X3p2H,2020-11-11,2020,11,Wednesday,2,7.0,
8ceb1401-e0b2-4706-aaee-a91b9a75f7dd,5,1X3p2H,2020-11-11,2020,11,Wednesday,1,3.5,
93e5549a-759a-490f-a73d-d838da9b135f,5,YnyFQq,2020-11-11,2020,11,Wednesday,2,7.0,
6a457da7-6909-4f28-b768-a3034334ed02,5,YnyFQq,2020-11-11,2020,11,Wednesday,1,3.5,
47b62a84-7305-4506-91fb-4725bef3a942,5,AcIRu7,2020-11-11,2020,11,Wednesday,3,10.5,
c264e7fd-8ae7-4ac9-881a-611e1d9879ad,5,1X3p2H,2020-11-11,2020,11,Wednesday,3,10.5,d084d4eb-9978-464e-8ef6-fad8f8e9536f
6398f866-ca85-448a-b7e3-e5f0b5fa0ed8,5,YnyFQq,2020-11-11,2020,11,Wednesday,1,3.5,76b7e7ab-0134-4f94-a2e4-5677171cd649
ebdefecd-a039-4a0a-8e02-91e5cd23054e,5,K8gkI8,2020-11-11,2020,11,Wednesday,3,10.5,
89cb503c-a19e-4a86-b5a7-de3cdfe19845,5,9FFwEf,2020-11-11,2020,11,Wednesday,2,7.0,ce585b6f-9a9f-4c6c-8d21-71cd50d7b91a
e9b11be1-1401-41b8-802c-a7d7bbe85814,5,HHY1ds,2020-11-11,2020,11,Wednesday,2,7.0,
d7169e80-e0a8-4e34-be86-343771dc95af,5,iYvFyn,2020-11-11,2020,11,Wednesday,2,7.0,9db5830f-36bd-4450-87bd-c754796a909e
378f0b11-6676-43af-93de-40c21a8827b8,5,g0RPTY,2020-11-11,2020,11,Wednesday,3,10.5,
d7af9c04-3947-4138-9a1a-231a6b6999e3,5,fvBBXY,2020-11-11,2020,11,Wednesday,3,10.5,
d78d927b-2380-4a51-88e7-732c1a062493,5,TwErrn,2020-11-11,2020,11,Wednesday,3,10.5,
0e0adc91-4d3b-41b6-a65e-766e4380b14e,5,RZZSxq,2020-11-11,2020,11,Wednesday,3,10.5,
edbd56b6-c8f4-44f5-8035-79e322431840,5,HHY1ds,2020-11-11,2020,11,Wednesday,1,3.5,
fe666552-ee04-41e5-86d8-8dcc9032ccac,5,8CnCaM,2020-11-11,2020,11,Wednesday,1,3.5,7a359c55-7a89-45e1-b8c2-0bd5e3d7e997
d65a3ac7-4dff-41df-a9ae-4d49b9bac208,5,RZZSxq,2020-11-11,2020,11,Wednesday,2,7.0,
2ed57fb1-288b-4e4c-933f-e8b4f2e98e22,5,QIb1Te,2020-11-11,2020,11,Wednesday,2,7.0,26487452-4a1c-4a11-9a65-f906bd039317
3fe64aa7-8dee-4727-b0d0-da0a76f51180,5,J4fMRf,2020-11-11,2020,11,Wednesday,3,10.5,f3970868-3c90-46d8-a20f-2390b8a7c8f2
3ce288ac-e7f0-4b46-9227-97591e9cde8b,5,TwErrn,2020-11-11,2020,11,Wednesday,2,7.0,04acca25-4c5b-4442-8148-a7f25643420a
3227fd52-a7e1-43f2-99fd-3ef7fb9d97b3,5,V9hDyY,2020-11-11,2020,11,Wednesday,2,7.0,
8e126a66-af2b-4fe0-9cf6-da23f63eee78,5,fvBBXY,2020-11-11,2020,11,Wednesday,2,7.0,797891e3-c60d-407b-8bb3-70304ffd1970
266c805a-dfa2-402b-b84f-5c8c4c0acac9,5,g0RPTY,2020-11-12,2020,11,Thursday,3,10.5,37cb3497-7618-4714-9354-68713e894f1b
61814aa0-c38f-4aeb-972a-44353d79b203,5,9FFwEf,2020-11-12,2020,11,Thursday,3,10.5,
d3f45253-91bf-4cc5-a71a-278c5fbcdbef,5,YnyFQq,2020-11-12,2020,11,Thursday,2,7.0,
d7ae7742-07d9-4f6d-a90c-76804390b788,5,YnyFQq,2020-11-12,2020,11,Thursday,2,7.0,
ebbf3d15-be91-4a71-8dbb-f08f665d12c8,5,V9hDyY,2020-11-12,2020,11,Thursday,3,10.5,
1a649ead-27dd-4d19-b496-969dcf93da80,5,fvBBXY,2020-11-12,2020,11,Thursday,3,10.5,
859fae76-ae3f-4a8d-9828-95e1a3999146,5,HHY1ds,2020-11-12,2020,11,Thursday,1,3.5,
2b10af06-6269-44f6-9fb2-4935033a19d6,5,V9hDyY,2020-11-12,2020,11,Thursday,1,3.5,
f0f1a30e-45f2-43e5-bfe8-e3296c98b0f3,5,J4fMRf,2020-11-12,2020,11,Thursday,2,7.0,
29d49f40-4e18-4767-8cb2-3e28a3c8484b,5,XkiZ9D,2020-11-12,2020,11,Thursday,2,7.0,1d6e18a8-2113-48a0-85ff-bd7d9b3313ab
aa001ed8-c87e-420a-8f02-b334515a5be0,5,Xd4sZA,2020-11-12,2020,11,Thursday,3,10.5,
a1abc3c0-52a7-467c-ad83-8db236fb90b0,5,fvBBXY,2020-11-12,2020,11,Thursday,1,3.5,
bc42792b-b6e4-45d6-9c7b-016c8435bb0e,5,V9hDyY,2020-11-12,2020,11,Thursday,1,3.5,
4f3a32e2-a74c-4fbf-9c8e-b69bb14b49b0,5,LRN0uO,2020-11-12,2020,11,Thursday,3,10.5,e10aefa8-33b0-47a0-9bf7-f3a95113eac0
56a8bad2-ad68-444d-9e05-6c995c256e48,5,HHY1ds,2020-11-12,2020,11,Thursday,2,7.0,
6d01c2aa-5af3-4dbb-9d87-35226a2ac3de,5,IWoDZ7,2020-11-12,2020,11,Thursday,1,3.5,
19f0edc2-eb02-43e1-8626-5db4186d1de5,5,IWoDZ7,2020-11-12,2020,11,Thursday,1,3.5,
c5a2c472-be81-455c-a17c-27191d1ea29f,5,V9hDyY,2020-11-12,2020,11,Thursday,2,7.0,
e26e5eaa-2422-4417-bbba-d9647a5f981b,5,V9hDyY,2020-11-12,2020,11,Thursday,1,3.5,fa972560-0f76-4cef-8f02-6f370e7a9544
9cf80dbe-231b-4786-a85f-77f4a2670ec9,5,V9hDyY,2020-11-12,2020,11,Thursday,2,7.0,
1a898c52-6091-43c4-9236-d7445846733a,5,RZZSxq,2020-11-12,2020,11,Thursday,1,3.5,
d53b3298-8d0a-4733-bdb3-17964da08536,5,HHY1ds,2020-11-12,2020,11,Thursday,2,7.0,
375eb852-2ad7-45be-9b7d-6d2163f9b21e,5,IWoDZ7,2020-11-12,2020,11,Thursday,2,7.0,
4b6bfc44-9fc4-4f07-a3d2-033c2fa857e0,5,9FFwEf,2020-11-12,2020,11,Thursday,1,3.5,
7ece4554-69ae-4adf-a53a-172d209d615b,5,9FFwEf,2020-11-12,2020,11,Thursday,2,7.0,b840d635-6932-4795-8c37-9d0bcc63326c
c09399a9-2243-44bb-aef4-51a56c24108e,5,HHY1ds,2020-11-12,2020,11,Thursday,2,7.0,30006795-823b-43d8-8e9e-38dd92091162
a62e0423-7a5d-47a5-8dc1-b4c06a944433,5,1X3p2H,2020-11-12,2020,11,Thursday,2,7.0,
8fe95656-0173-4a7d-b632-c51cbb4ef6d4,5,pCjr1R,2020-11-12,2020,11,Thursday,1,3.5,
5831565b-2416-4124-9f80-5a099e108497,5,AcIRu7,2020-11-12,2020,11,Thursday,3,10.5,7ccbf551-da7e-4502-ad43-7b191501f71e
a99fecdd-493c-402b-bac4-5028bbd663e4,5,AcIRu7,2020-11-12,2020,11,Thursday,2,7.0,
0afbd834-3531-4315-8389-4b51eb889284,5,K8gkI8,2020-11-12,2020,11,Thursday,2,7.0,c1cb0c6b-22eb-4a15-9665-76710970df1a
ab888fcc-a5c7-4b4d-bf56-72285b9d01f1,5,g0RPTY,2020-11-12,2020,11,Thursday,1,3.5,199a4e94-bc7e-4d33-9d99-4934f4d3fb95
1fd5cb1c-673d-4e4a-a965-7631394d005d,5,IWoDZ7,2020-11-12,2020,11,Thursday,1,3.5,
90ae2da2-a633-460b-97b6-85462d96f95e,5,J4fMRf,2020-11-12,2020,11,Thursday,2,7.0,7a359c55-7a89-45e1-b8c2-0bd5e3d7e997
7a78f196-9481-4850-abd0-337ab6618939,5,fvBBXY,2020-11-12,2020,11,Thursday,2,7.0,8d06dd34-a8bc-4e75-905b-38447644819e
4a84ab2d-de81-41dd-9576-b0416eae72a1,5,YnyFQq,2020-11-12,2020,11,Thursday,2,7.0,
fcfe211e-724e-4376-ad7a-b9bc4904ddc2,5,Xd4sZA,2020-11-12,2020,11,Thursday,2,7.0,
fd37d3eb-22a2-4822-b3df-a7ca117c8716,5,HHY1ds,2020-11-12,2020,11,Thursday,3,10.5,7a359c55-7a89-45e1-b8c2-0bd5e3d7e997
0bd7260a-9226-4744-ae17-3cfedcdfb6e5,5,pCjr1R,2020-11-12,2020,11,Thursday,2,7.0,
ca8fda81-d47a-4478-86b8-ed2f083b5844,5,HHY1ds,2020-11-12,2020,11,Thursday,2,7.0,
b9544dec-a9d8-4cec-acc5-71a88deb56ed,5,AcIRu7,2020-11-12,2020,11,Thursday,3,10.5,
b02f00e2-db59-48fe-a9e6-41305c3b3a1b,5,IWoDZ7,2020-11-12,2020,11,Thursday,2,7.0,
3ee8e6d7-1475-4b7d-956a-f26d8b3e2f9b,5,YnyFQq,2020-11-12,2020,11,Thursday,2,7.0,
602922a4-0b97-4ebe-a6b5-2b81647493ad,5,fvBBXY,2020-11-12,2020,11,Thursday,1,3.5,9542576d-2df0-4707-bfa2-39de4ae1583d
b5ed7afb-ebc8-4daa-89e9-3285c34a496b,5,Xd4sZA,2020-11-12,2020,11,Thursday,3,10.5,
7a8737d5-99d2-45eb-85bb-71d86daac665,5,TwErrn,2020-11-12,2020,11,Thursday,2,7.0,
ef4730ed-b9e2-421d-b034-4de1fa63b07d,5,8CnCaM,2020-11-12,2020,11,Thursday,2,7.0,
60fa531a-0648-4c16-b457-1e37b73c6215,5,9FFwEf,2020-11-12,2020,11,Thursday,3,10.5,1b0a0912-1a4a-45a0-8fa2-78933c49a7a4
38ef773b-ce1e-4987-9117-399f41ea6202,5,AcIRu7,2020-11-12,2020,11,Thursday,2,7.0,
1adf6a46-de7b-4eb6-8f03-d56de3b0e4e6,5,Xd4sZA,2020-11-12,2020,11,Thursday,1,3.5,
23208725-611f-4ace-901f-1b0a47e725cd,5,HHY1ds,2020-11-12,2020,11,Thursday,3,10.5,097df1c8-9bca-4004-aeb6-cff30894909e
aae4bc3b-721c-435f-aadc-4159c7573f33,5,TwErrn,2020-11-12,2020,11,Thursday,1,3.5,
792e0744-94f1-46f4-970f-6cdf9c474b2a,5,8CnCaM,2020-11-12,2020,11,Thursday,2,7.0,10a27af3-5860-4743-bc01-36bb4309f16c
2119aaae-19a6-4fc0-81cb-91c7d8874178,5,iYvFyn,2020-11-12,2020,11,Thursday,1,3.5,
c9810953-38d1-4fa0-950e-258b29dfcc20,5,AcIRu7,2020-11-12,2020,11,Thursday,3,10.5,
42ab0e3e-c338-4452-a668-652e8056b15a,5,IWoDZ7,2020-11-12,2020,11,Thursday,1,3.5,
5ae1d602-9a01-4db2-b287-7329f48c85e9,5,Xd4sZA,2020-11-12,2020,11,Thursday,2,7.0,eecee997-4db9-4719-a897-a93fcf18660f
87add267-629b-4af2-a7ed-e23eed7ac944,5,V9hDyY,2020-11-12,2020,11,Thursday,1,3.5,
80e6973f-fdbc-47ed-b1c1-73b2f11d8a8b,5,pCjr1R,2020-11-12,2020,11,Thursday,3,10.5,3479dcf8-8995-42ca-a2d4-23c65b1b9302
5f1f1a9c-41bf-4b25-ade4-7384a7771357,5,LRN0uO,2020-11-12,2020,11,Thursday,3,10.5,
fbe55882-83d9-4a55-b934-2b8a5fff5bef,5,LRN0uO,2020-11-12,2020,11,Thursday,1,3.5,5602ac6c-b457-4267-af2d-12e131e14f95
e6021015-14b7-4f14-b0c1-7a63038f2c94,5,QIb1Te,2020-11-12,2020,11,Thursday,1,3.5,
0cb00dcf-2778-4957-9d08-69178902fe39,5,QIb1Te,2020-11-12,2020,11,Thursday,2,7.0,
e4db10f1-441f-409f-bdef-c700a81fb77d,5,9FFwEf,2020-11-12,2020,11,Thursday,1,3.5,
a0f218a0-103e-4744-9569-c2e357378343,5,IWoDZ7,2020-11-12,2020,11,Thursday,3,10.5,
3c39eaf3-30af-43ff-bfb1-1fca86d42267,5,HHY1ds,2020-11-13,2020,11,Friday,3,10.5,8185202b-4706-452d-a20e-8f44bc4804d4
47df2e21-1871-4290-97bd-7bf5097bfda6,5,fvBBXY,2020-11-13,2020,11,Friday,2,7.0,
89aeda32-a939-4ef3-8c74-5f00bca3d06b,5,9FFwEf,2020-11-13,2020,11,Friday,2,7.0,
3a836b41-58f1-4651-8d7d-25ce710f72f0,5,8CnCaM,2020-11-13,2020,11,Friday,2,7.0,
a6b7a7b3-86f0-4126-a738-b2a7fa959ab1,5,g0RPTY,2020-11-13,2020,11,Friday,2,7.0,
075da1e9-fc74-4e9e-9437-1e441cb47abb,5,8CnCaM,2020-11-13,2020,11,Friday,3,10.5,cf96d80e-620b-4b4f-b346-83828a391ca8
f7b49cd0-c471-49cd-8661-9c2d1568a038,5,RZZSxq,2020-11-13,2020,11,Friday,2,7.0,b66155ef-4cbf-4f68-ba34-10f986b42bad
f03edadb-886d-466c-a4b6-f8a232982761,5,8CnCaM,2020-11-13,2020,11,Friday,2,7.0,
9be507c7-3bbc-4c4d-9af9-37fbbdd8a877,5,Xd4sZA,2020-11-13,2020,11,Friday,2,7.0,
2ec7ef30-b0ba-4ae1-878f-6965b9f982c2,5,iYvFyn,2020-11-13,2020,11,Friday,2,7.0,
8d61ea4f-ebe0-484d-8a7b-d6434bcb15cc,5,pCjr1R,2020-11-13,2020,11,Friday,2,7.0,9a3a571a-3078-4d6f-8f65-97299b970b9f
645faee7-d8cb-4f9c-a19e-aec09999c729,5,iYvFyn,2020-11-13,2020,11,Friday,1,3.5,
dd7f5ed5-35b8-4ea8-a549-23badb1ad4c4,5,J4fMRf,2020-11-13,2020,11,Friday,1,3.5,
479f9e2c-29dd-4999-b3ab-48dcdb5736af,5,QIb1Te,2020-11-13,2020,11,Friday,2,7.0,
f4d7564d-9e2c-4593-98ae-80412f0b0b88,5,QIb1Te,2020-11-13,2020,11,Friday,1,3.5,
1acb56f2-1e4a-4234-a85a-6a5fcec7c896,5,iYvFyn,2020-11-13,2020,11,Friday,2,7.0,
2723dbfd-db73-477a-9a93-a5ebad3d9373,5,QIb1Te,2020-11-13,2020,11,Friday,3,10.5,17ad36d3-f045-42ab-a48d-d6a848d241a4
a61973c8-ea18-436e-8958-8944312aa561,5,XkiZ9D,2020-11-13,2020,11,Friday,2,7.0,
db34a78d-2002-4146-bc47-e80c69b8fe89,5,AcIRu7,2020-11-13,2020,11,Friday,2,7.0,ea149788-2f86-4bd9-8df8-8f1e65a5237b
2f9bcbfd-5dbd-44db-89ff-645fd0cae3f7,5,J4fMRf,2020-11-13,2020,11,Friday,2,7.0,
01bc456f-504e-4b0f-b786-106c3de0d6e5,5,QIb1Te,2020-11-13,2020,11,Friday,1,3.5,
ffa2dc21-0ebc-4855-8e0e-0ca3c5244142,5,pCjr1R,2020-11-13,2020,11,Friday,2,7.0,
0049f267-d093-404e-883c-65135cbaaaa9,5,RZZSxq,2020-11-13,2020,11,Friday,2,7.0,
e882644e-a1ad-46b7-bd7f-08b5d667ac36,5,HHY1ds,2020-11-13,2020,11,Friday,1,3.5,
163e8f9e-e754-4978-ba9f-ab0f89c8ecdf,5,iYvFyn,2020-11-13,2020,11,Friday,2,7.0,
553fca22-21a4-4214-ae45-3fb34def97eb,5,9FFwEf,2020-11-13,2020,11,Friday,2,7.0,
d55793d5-2220-4c6b-8e79-73515cb7e577,5,pCjr1R,2020-11-13,2020,11,Friday,2,7.0,
4ac06707-9dce-470c-b443-3345873e15f2,5,8CnCaM,2020-11-13,2020,11,Friday,2,7.0,73940d89-deb0-4758-98ef-8e8f593c620e
1b1a5d22-acc2-48e4-8a72-920085bc9c95,5,1X3p2H,2020-11-13,2020,11,Friday,3,10.5,
6cb6c2da-e343-4c66-9437-07ce1746ed6f,5,8CnCaM,2020-11-13,2020,11,Friday,2,7.0,
1aaf5ea7-5a59-4836-aaf5-f0ff31eea021,5,g0RPTY,2020-11-13,2020,11,Friday,1,3.5,
6dc122bb-8365-4247-ad69-b47ce13cd06e,5,HHY1ds,2020-11-13,2020,11,Friday,3,10.5,92379d33-a068-4ba0-abb3-0b3a46925bcc
0d67a9f6-56f7-4a3c-a221-a43d6f88bf17,5,V9hDyY,2020-11-13,2020,11,Friday,3,10.5,
3e713f7b-146e-4756-98cd-d6731d3575b4,5,IWoDZ7,2020-11-13,2020,11,Friday,2,7.0,d5fe0da4-50b9-4d2b-a7b2-124ea8ef1dd0
ea639a47-c38b-4e1c-8e11-7e50f7694038,5,HHY1ds,2020-11-13,2020,11,Friday,2,7.0,
e44e875f-43ed-441b-9b12-4d6c714bb669,5,Xd4sZA,2020-11-13,2020,11,Friday,2,7.0,3b228ec6-bc20-4b49-8074-85dd05cec9d4
3b95e849-2b42-43e7-9d48-f42b8437c772,5,fvBBXY,2020-11-13,2020,11,Friday,3,10.5,
84aa58c1-2b71-471a-a0c0-cbba5301452f,5,QIb1Te,2020-11-13,2020,11,Friday,1,3.5,
11189ffa-90d9-4ed9-b51a-03e2b51df050,5,1X3p2H,2020-11-13,2020,11,Friday,2,7.0,
f5d4b3a2-0185-415b-a39d-24255feed1aa,5,g0RPTY,2020-11-13,2020,11,Friday,2,7.0,6d695221-8bcc-4965-8172-8b4b283b54b5
d5fc718b-f778-42b9-ba08-6aca9c01b38a,5,QIb1Te,2020-11-13,2020,11,Friday,1,3.5,
71fcca86-3244-466c-971b-f9d033c57caa,5,J4fMRf,2020-11-13,2020,11,Friday,2,7.0,058f1c4b-7fbe-479f-9e0c-932bb60c1108
262cb71b-2a50-4ed2-b10e-0663a879ca11,5,g0RPTY,2020-11-13,2020,11,Friday,2,7.0,
3f173de2-877e-41cf-97eb-e209c854d090,5,pCjr1R,2020-11-13,2020,11,Friday,2,7.0,
b8caf171-30a5-4dcf-805b-b5fbec56f29c,5,AcIRu7,2020-11-13,2020,11,Friday,2,7.0,
e013daa1-43cf-4e3a-a006-7aae5731958b,5,V9hDyY,2020-11-13,2020,11,Friday,2,7.0,
20006c3c-90fe-4322-ab63-f3cf6e6c5137,5,IWoDZ7,2020-11-13,2020,11,Friday,2,7.0,eb5e4ba1-74e3-43f4-9013-20a68153a09c
16d0e0cd-7b02-4f02-9647-f4a4f47966fd,5,XkiZ9D,2020-11-13,2020,11,Friday,2,7.0,
566e2a3e-5fcf-4c4e-ab94-480a3833c22b,5,9FFwEf,2020-11-13,2020,11,Friday,1,3.5,
0beb7c44-0b07-4eae-aec2-c249074b950a,5,g0RPTY,2020-11-13,2020,11,Friday,2,7.0,15be168c-0083-41ce-b4b3-f27bb89be366
7ac89bfb-7a32-452f-946a-dbf854f421b8,5,RZZSxq,2020-11-13,2020,11,Friday,1,3.5,98395614-ad13-47e3-82c0-999d618cd2a8
b543b784-b0ae-46c2-881b-c50a2f1b5055,5,HHY1ds,2020-11-13,2020,11,Friday,2,7.0,
d93ef992-0467-4146-b1e0-8d93bc7bf5c8,5,iYvFyn,2020-11-13,2020,11,Friday,1,3.5,
3067f4c1-2979-4242-b07d-159b8b1fd46a,5,9FFwEf,2020-11-13,2020,11,Friday,2,7.0,cdf18b2b-d3a6-4f4c-8cd0-645d2bcb6a11
c54958d5-42a7-419e-989a-07ba70bec529,5,HHY1ds,2020-11-13,2020,11,Friday,1,3.5,
5ea2c301-9770-45c7-8339-1380c6afbe1e,5,V9hDyY,2020-11-13,2020,11,Friday,3,10.5,
090f2726-4291-4164-8064-58300b36ac5a,5,1X3p2H,2020-11-13,2020,11,Friday,1,3.5,
dc317904-786e-485f-aee2-6a38e46e6cf9,5,XkiZ9D,2020-11-13,2020,11,Friday,3,10.5,
f008aad7-799a-4c40-98aa-62c4b47c2c2d,5,XkiZ9D,2020-11-13,2020,11,Friday,3,10.5,
612d7ef2-5cf0-4eee-b848-85cc7facc616,5,8CnCaM,2020-11-13,2020,11,Friday,2,7.0,
823a3a20-88cf-49b4-a4f7-4c1c93e34945,5,AcIRu7,2020-11-13,2020,11,Friday,3,10.5,
1adc643b-f38b-48b0-b6f0-22909bad61fd,5,IWoDZ7,2020-11-13,2020,11,Friday,1,3.5,
64794c29-0759-427f-9145-e4aba2d45598,5,1X3p2H,2020-11-13,2020,11,Friday,2,7.0,
fafbe4fb-0680-40fa-9829-e960d65b7aec,5,1X3p2H,2020-11-13,2020,11,Friday,2,7.0,
82a5465e-af40-4e1f-86cc-c2fdb261fdbd,5,QIb1Te,2020-11-13,2020,11,Friday,3,10.5,10a27af3-5860-4743-bc01-36bb4309f16c
fd1bd27b-eabf-47d6-8f37-8166687e04a3,5,HHY1ds,2020-11-13,2020,11,Friday,3,10.5,
da7746fa-70a6-4c67-8454-14299057c688,5,V9hDyY,2020-11-13,2020,11,Friday,2,7.0,511ed47d-4be3-4a52-b7e5-49c7703a7006
0423dd9e-7455-4fa2-8a46-d94b4c7b44f7,5,Xd4sZA,2020-11-13,2020,11,Friday,1,3.5,3479dcf8-8995-42ca-a2d4-23c65b1b9302
87ea832f-60d3-4d45-bac3-5f1b8ea14695,5,8CnCaM,2020-11-13,2020,11,Friday,2,7.0,
7c7db327-ef47-4972-afae-537f7e43b864,5,J4fMRf,2020-11-13,2020,11,Friday,2,7.0,e93486f6-eb6e-4dcf-925f-1195070a4bdd
02c4448a-87a4-42d8-9f79-b7ab6b4f6e84,5,HHY1ds,2020-11-13,2020,11,Friday,2,7.0,
e594632c-2b55-481e-b9c3-7057d481c0e0,5,LRN0uO,2020-11-13,2020,11,Friday,2,7.0,
732f4635-4e56-470d-b47c-9fb4bade550a,5,RZZSxq,2020-11-14,2020,11,Saturday,1,3.5,
2bbd21f2-1665-465e-806f-1d5a1bf88723,5,8CnCaM,2020-11-14,2020,11,Saturday,3,10.5,
476dc914-615e-4ad4-a511-712891c901b4,5,AcIRu7,2020-11-14,2020,11,Saturday,1,3.5,4d5134d1-2f06-4d63-8263-eec292d23312
98d50ae8-1e63-4d90-8c30-1635c32efe2d,5,9FFwEf,2020-11-14,2020,11,Saturday,2,7.0,5780b162-a90b-4049-b898-d2952d9b8f88
82783b93-c3d4-4a5d-bf0e-5233996a3fea,5,RZZSxq,2020-11-14,2020,11,Saturday,3,10.5,e10aefa8-33b0-47a0-9bf7-f3a95113eac0
9e23777f-1392-4749-ad8d-a0c2e6913806,5,RZZSxq,2020-11-14,2020,11,Saturday,2,7.0,47d56ab4-ce6a-42a5-a36a-27f80ce31957
030c0820-21b6-4d8a-9512-c4cf100225c0,5,XkiZ9D,2020-11-14,2020,11,Saturday,2,7.0,
7a103ed6-e5b2-464a-a434-41fbd163ccf3,5,g0RPTY,2020-11-14,2020,11,Saturday,1,3.5,6755615f-3d98-4737-9004-d69a2a09b024
b9caea8e-bcb6-4ab3-852e-188ad8b1d52b,5,8CnCaM,2020-11-14,2020,11,Saturday,3,10.5,
8c645102-6d92-4a78-b9eb-7894429061bc,5,9FFwEf,2020-11-14,2020,11,Saturday,2,7.0,
22658abf-a09f-4e53-8d35-dd1ef1c8aff6,5,iYvFyn,2020-11-14,2020,11,Saturday,3,10.5,
2fe7498c-ef50-4c6f-aca4-412132e2b6f5,5,8CnCaM,2020-11-14,2020,11,Saturday,1,3.5,
1faa2467-d90e-4945-8c35-0969794329f0,5,TwErrn,2020-11-14,2020,11,Saturday,2,7.0,
1e2b4c94-c3f9-4e19-b767-86a59dd22e37,5,iYvFyn,2020-11-14,2020,11,Saturday,2,7.0,
086ed4eb-fe9e-496b-a92d-577ac7b2f781,5,HHY1ds,2020-11-14,2020,11,Saturday,3,10.5,
a4c5d657-5ff5-4a03-8de8-5a19ff8d095f,5,IWoDZ7,2020-11-14,2020,11,Saturday,3,10.5,
4aecbdc9-8b91-40e1-b0ca-d8fd2e2eae7c,5,HHY1ds,2020-11-14,2020,11,Saturday,1,3.5,639c17e3-0c72-47c6-9bdb-0f2ecc01c37f
911deb21-3c02-4b6f-8b64-650701fb1afa,5,XkiZ9D,2020-11-14,2020,11,Saturday,2,7.0,
debdc913-8386-48d5-937f-e8d15ed0891f,5,XkiZ9D,2020-11-14,2020,11,Saturday,1,3.5,
fa1d2326-2285-418c-b3b2-f7e2a72b9e7f,5,fvBBXY,2020-11-14,2020,11,Saturday,2,7.0,4a7bf947-f675-4f67-a4f7-da66b1a32be1
a44d768f-0bcf-47f6-b726-50e1d15b0f41,5,YnyFQq,2020-11-14,2020,11,Saturday,1,3.5,0fbcb773-42cb-475d-963c-41ef5eeecd36
ba55204b-e178-4376-a504-bf374fa14e5a,5,Xd4sZA,2020-11-14,2020,11,Saturday,1,3.5,0f7f5d2e-4280-4973-a9f5-cc2cd421d661
0e1290ec-e443-4bbb-9f8b-5a26c3311c0b,5,LRN0uO,2020-11-14,2020,11,Saturday,1,3.5,dc1125e2-055b-4e66-8c5d-ac3f413f4479
cf1d0807-9d34-416e-911c-459f3bb75a91,5,J4fMRf,2020-11-14,2020,11,Saturday,3,10.5,
0e0421a5-59a4-4207-b3b4-ae9264d747fb,5,RZZSxq,2020-11-14,2020,11,Saturday,3,10.5,
79ae0b1f-e944-4bb7-8701-b025dd414912,5,K8gkI8,2020-11-14,2020,11,Saturday,2,7.0,
bcb93327-4346-42d6-9ac9-87b1f62fa580,5,pCjr1R,2020-11-14,2020,11,Saturday,1,3.5,
4f7bfb4d-f2dc-45ef-9bcd-67665568d8ea,5,LRN0uO,2020-11-14,2020,11,Saturday,2,7.0,
7924fc2c-ad86-462f-b092-31c6b47c856f,5,J4fMRf,2020-11-14,2020,11,Saturday,2,7.0,
d1f3462f-001b-4e7f-98d4-6204a78cbed0,5,IWoDZ7,2020-11-14,2020,11,Saturday,2,7.0,
cd008334-9f51-46e0-99c4-46e4a62ef248,5,XkiZ9D,2020-11-14,2020,11,Saturday,3,10.5,2a8e2593-9807-4efd-aa44-36e627f35376
7ce3a0d0-4ed7-4971-b66d-2e176741f3ec,5,TwErrn,2020-11-14,2020,11,Saturday,2,7.0,96edd678-1a42-4d57-b41e-fabc2434d120
6d7cd068-3551-4de1-b89d-49f60e08e715,5,IWoDZ7,2020-11-14,2020,11,Saturday,2,7.0,
f6db9c40-df5b-4296-8536-76b69e4edfcb,5,AcIRu7,2020-11-14,2020,11,Saturday,2,7.0,4aefd4c5-e273-47fa-aeeb-0feb7c28c166
e37c2ca7-dac7-48d6-8b2b-25efae71c6d2,5,IWoDZ7,2020-11-14,2020,11,Saturday,1,3.5,
3c2e545b-f5df-4609-b8c9-55fe9710c227,5,pCjr1R,2020-11-14,2020,11,Saturday,3,10.5,
b07ce17c-20db-4b00-9585-2047153cacaa,5,RZZSxq,2020-11-14,2020,11,Saturday,2,7.0,ce585b6f-9a9f-4c6c-8d21-71cd50d7b91a
b0b0499a-7d48-4788-a92e-53ba58487960,5,1X3p2H,2020-11-14,2020,11,Saturday,1,3.5,
619a3f90-4f4e-49d6-810b-5961d7c93ce4,5,RZZSxq,2020-11-14,2020,11,Saturday,1,3.5,
7da258fb-1768-470b-8037-b7077fea5baa,5,g0RPTY,2020-11-14,2020,11,Saturday,3,10.5,
b7fc8134-41ac-422a-9183-53efa12fb721,5,RZZSxq,2020-11-14,2020,11,Saturday,2,7.0,
bb52f513-5601-4d17-8455-0797a4c44cc0,5,AcIRu7,2020-11-14,2020,11,Saturday,1,3.5,
3a264a3f-a6d5-493a-82de-176bae394500,5,AcIRu7,2020-11-14,2020,11,Saturday,3,10.5,
5e0657ed-d247-4aa7-be62-9c9603870a60,5,Xd4sZA,2020-11-14,2020,11,Saturday,3,10.5,
4ec1f3c6-2daa-4abd-9676-91de35373ebb,5,IWoDZ7,2020-11-14,2020,11,Saturday,1,3.5,c1166789-397b-48e4-8c61-0a2a242d6286
ee90ab91-04a5-403b-9ce5-e048852d19ea,5,IWoDZ7,2020-11-14,2020,11,Saturday,3,10.5,a3e4cdb2-1805-4c03-9b19-ea53b131cf80
943fa560-4850-4f56-bf54-03ef6172da8c,5,fvBBXY,2020-11-14,2020,11,Saturday,2,7.0,bf696cc7-47e6-4796-b202-25e5f6cb2f08
23f77259-77bd-4d85-a7f6-6626c2dced8c,5,1X3p2H,2020-11-14,2020,11,Saturday,2,7.0,
75003765-e3a0-4be5-9037-0e43a466fc4e,5,V9hDyY,2020-11-14,2020,11,Saturday,1,3.5,
1e19808b-095a-4c99-aa7c-219bffc433cf,5,Xd4sZA,2020-11-14,2020,11,Saturday,3,10.5,
e0d4a8a1-7842-4fec-a775-0fa40f0812fd,5,TwErrn,2020-11-14,2020,11,Saturday,2,7.0,
f6fa8f13-317e-409c-9728-e847348cb6c6,5,fvBBXY,2020-11-14,2020,11,Saturday,2,7.0,
a73e4030-c7ad-476e-a0a4-ecd7624a9432,5,XkiZ9D,2020-11-14,2020,11,Saturday,2,7.0,
a7524392-1040-44f7-9886-966d3a3d71ed,5,J4fMRf,2020-11-14,2020,11,Saturday,3,10.5,
b6674974-14b5-4e9e-a84e-87a78995b19c,5,V9hDyY,2020-11-14,2020,11,Saturday,3,10.5,
49343f63-ce57-4acf-85dc-b926e745ed5f,5,J4fMRf,2020-11-14,2020,11,Saturday,2,7.0,
815614f5-5976-4ffe-a6c4-27de94331768,5,K8gkI8,2020-11-14,2020,11,Saturday,2,7.0,
b1050d7e-e814-429d-9fd6-d9db9948f1d6,5,LRN0uO,2020-11-14,2020,11,Saturday,2,7.0,
939f4d70-8e24-4b80-9803-6ec756fe9498,5,Xd4sZA,2020-11-14,2020,11,Saturday,2,7.0,5e9c40c4-7189-4919-97b8-07762440f4a4
bd122155-1a10-43d0-be24-3ae1fe76d8ba,5,XkiZ9D,2020-11-14,2020,11,Saturday,1,3.5,
1e4eee79-b47a-4f08-b2a8-3a213e86ac0b,5,9FFwEf,2020-11-14,2020,11,Saturday,3,10.5,92379d33-a068-4ba0-abb3-0b3a46925bcc
11b51ec4-350e-4178-ac55-a651b2751049,5,9FFwEf,2020-11-14,2020,11,Saturday,2,7.0,57197068-5f83-4545-adb8-7b782c960017
dae2e19a-9426-4cc2-a30a-9e39736365cd,5,TwErrn,2020-11-14,2020,11,Saturday,3,10.5,
11fdee8c-5063-4275-a163-86b572a4fabe,5,J4fMRf,2020-11-14,2020,11,Saturday,2,7.0,
9d6d2d8a-f11d-49eb-9b9d-677714787818,5,K8gkI8,2020-11-14,2020,11,Saturday,2,7.0,
ea639619-ed31-4c59-99f7-5ea5097f683c,5,9FFwEf,2020-11-14,2020,11,Saturday,2,7.0,
4182e890-f6de-4e6b-8b96-6aee573e2b2b,5,Xd4sZA,2020-11-14,2020,11,Saturday,1,3.5,
7d5757fb-f249-45c3-9e99-cf726931e43c,5,TwErrn,2020-11-14,2020,11,Saturday,1,3.5,
6d4adc6e-41cc-489c-b341-ec1dae4737ba,5,RZZSxq,2020-11-14,2020,11,Saturday,1,3.5,
89cb71ce-5980-47ad-8f6a-9af9624ea69d,5,8CnCaM,2020-11-14,2020,11,Saturday,2,7.0,
4d931258-d458-45da-8af1-65fe9a1e6fc8,5,pCjr1R,2020-11-14,2020,11,Saturday,3,10.5,
f0267e67-4ef5-4678-ab70-cadc5e9ebd42,5,9FFwEf,2020-11-14,2020,11,Saturday,2,7.0,
ba00ada1-e048-4286-b6ac-3e4d678dbdd5,5,V9hDyY,2020-11-14,2020,11,Saturday,3,10.5,
358fbaa4-d2b5-427d-b084-9ae19e5a51c1,5,QIb1Te,2020-11-14,2020,11,Saturday,2,7.0,
7a5de4c1-1f20-44b4-ae8c-dc6a71bea3bf,5,pCjr1R,2020-11-14,2020,11,Saturday,3,10.5,
7d0a5416-ef26-4349-a8fd-f5840222a5a9,5,J4fMRf,2020-11-14,2020,11,Saturday,2,7.0,4a1ba2e8-6d29-4d1e-8c0f-6e1b020860d9
08ee9a0f-759f-4925-9269-b585a4fee646,5,fvBBXY,2020-11-14,2020,11,Saturday,2,7.0,766aaadc-cc74-4a3c-8ce6-5ef3a26d4665
72cb29f9-791a-499a-8c4d-6c70e037b7f9,5,pCjr1R,2020-11-14,2020,11,Saturday,2,7.0,9ec00839-ed08-4b36-96f4-beca5bf0ab6f
14618f78-04fb-42b0-8492-3d613936bdad,5,fvBBXY,2020-11-15,2020,11,Sunday,2,7.0,
55277dbe-ef34-455a-bc0b-7c745a3b5f68,5,LRN0uO,2020-11-15,2020,11,Sunday,2,7.0,b838de81-e5d5-4653-a383-8d64b9a8914e
090b7262-44b4-4db9-b03d-25d5592d15c1,5,RZZSxq,2020-11-15,2020,11,Sunday,2,7.0,634e2552-3187-4b58-8792-7b15fd08393e
c064c193-e232-440c-818f-996399a412a5,5,fvBBXY,2020-11-15,2020,11,Sunday,2,7.0,
9f197e19-b1ee-4f84-92b6-f2bbcf577941,5,XkiZ9D,2020-11-15,2020,11,Sunday,1,3.5,
a0f434d2-6570-4bea-b22b-c38167f34ddb,5,LRN0uO,2020-11-15,2020,11,Sunday,2,7.0,
4bf7772a-92d4-45bb-8122-95ed06dd992e,5,QIb1Te,2020-11-15,2020,11,Sunday,2,7.0,
c740a09d-4954-4734-a75f-f302c10e59c3,5,LRN0uO,2020-11-15,2020,11,Sunday,2,7.0,b838de81-e5d5-4653-a383-8d64b9a8914e
38397c23-9cc0-4b90-a1e8-8b327b81b494,5,QIb1Te,2020-11-15,2020,11,Sunday,2,7.0,
1d5f5795-3a02-4bc9-b900-ff6c8104ba44,5,fvBBXY,2020-11-15,2020,11,Sunday,2,7.0,
c6e46336-9c5d-4abf-b754-872759346821,5,IWoDZ7,2020-11-15,2020,11,Sunday,3,10.5,
2b6bcd29-e4e2-4c99-baa1-83b647ab246f,5,TwErrn,2020-11-15,2020,11,Sunday,3,10.5,76b7e7ab-0134-4f94-a2e4-5677171cd649
f8b3a587-5e4a-4377-a819-6479ea4042b1,5,QIb1Te,2020-11-15,2020,11,Sunday,1,3.5,8ef02017-720c-498e-baaf-2dfba3fdcfe4
d59cfae1-aa1a-4dfa-8992-c4d4c3fd7a72,5,XkiZ9D,2020-11-15,2020,11,Sunday,1,3.5,e9be1bbd-19ae-4360-9a09-079e85ca1f3f
e16fc5b9-f5f0-4d8f-87e2-81b853487578,5,9FFwEf,2020-11-15,2020,11,Sunday,3,10.5,
c089d6c4-e522-4596-9349-e1eff7d72292,5,J4fMRf,2020-11-15,2020,11,Sunday,2,7.0,
c707e071-b7a0-44e9-bf76-a34c65430f76,5,QIb1Te,2020-11-15,2020,11,Sunday,1,3.5,
ea7bb316-a037-4b55-861c-0d9629d156ac,5,9FFwEf,2020-11-15,2020,11,Sunday,2,7.0,
2d77232f-88bf-4f96-93a9-7a433542bbab,5,J4fMRf,2020-11-15,2020,11,Sunday,1,3.5,
29d21d3f-6c23-41dc-8be6-2271780f3aca,5,TwErrn,2020-11-15,2020,11,Sunday,1,3.5,5df12d06-bb99-4df9-93bf-f627c9b36881
8b69b98f-98aa-4024-99dd-c9394800b400,5,iYvFyn,2020-11-15,2020,11,Sunday,2,7.0,
b21aa7ce-b1a2-4d10-b299-bc1c317ff3f7,5,XkiZ9D,2020-11-15,2020,11,Sunday,2,7.0,
e57d567a-30b2-4b2a-8882-009e4fe6972f,5,YnyFQq,2020-11-15,2020,11,Sunday,1,3.5,
0597130b-74e4-4da3-b963-33aa5e93571b,5,fvBBXY,2020-11-15,2020,11,Sunday,1,3.5,
25ed88c8-a94f-4c52-b006-515501e30486,5,TwErrn,2020-11-15,2020,11,Sunday,3,10.5,
ad6305f0-9be2-409f-8b5f-63afde23f467,5,Xd4sZA,2020-11-15,2020,11,Sunday,3,10.5,
cbf777de-4602-41e9-9d01-1e2fb802ddd9,5,V9hDyY,2020-11-15,2020,11,Sunday,2,7.0,97ad7cde-882f-4b35-b155-c1bc17834c22
7f721d53-915e-477d-a28f-183e262ec79b,5,V9hDyY,2020-11-15,2020,11,Sunday,1,3.5,
ac6747f1-7608-44f4-81fe-a4ca5e5dfe80,5,HHY1ds,2020-11-15,2020,11,Sunday,1,3.5,
4d2c6ad6-871d-41f0-9b39-d897922efb97,5,8CnCaM,2020-11-15,2020,11,Sunday,2,7.0,b1f27570-eee7-4e27-8e68-08e6a0ae674a
7571bd99-9a96-4b20-bc26-e94b57ce3519,5,QIb1Te,2020-11-15,2020,11,Sunday,2,7.0,
8b739207-5d53-4089-baeb-6fc2e611e01d,5,AcIRu7,2020-11-15,2020,11,Sunday,2,7.0,
4034960e-d67e-4ef4-887a-d5ff75c8f203,5,8CnCaM,2020-11-15,2020,11,Sunday,2,7.0,
40437e36-9716-4e2a-9f46-f0cbc99e7eca,5,RZZSxq,2020-11-15,2020,11,Sunday,2,7.0,048e9595-17a8-41fc-80a6-06ca24ad196e
04e87fc3-daa7-4ae5-bcaa-c5b5a6d33b9d,5,TwErrn,2020-11-15,2020,11,Sunday,3,10.5,
f37d5e43-451b-4243-9908-6783de276f6b,5,HHY1ds,2020-11-15,2020,11,Sunday,2,7.0,aa1a664c-d8cc-4ebf-9a54-9aa43ee73e21
12843007-dba2-4862-9103-d673d7f5084d,5,TwErrn,2020-11-15,2020,11,Sunday,3,10.5,73940d89-deb0-4758-98ef-8e8f593c620e
c908fcc9-5cd4-45f8-b151-f265b97c14c7,5,RZZSxq,2020-11-15,2020,11,Sunday,3,10.5,
ca3c0b1f-7060-4d16-8c66-a5860f133e22,5,RZZSxq,2020-11-15,2020,11,Sunday,2,7.0,
40d48494-c4c8-4dca-9756-36fb3455d729,5,IWoDZ7,2020-11-15,2020,11,Sunday,2,7.0,a2461689-37b8-4efa-91ba-013631f12a10
b2a990b6-ebb8-4024-ab4b-e43ea439459b,5,pCjr1R,2020-11-15,2020,11,Sunday,2,7.0,
71938d31-acc2-44c1-8a08-97fc1d5e3651,5,J4fMRf,2020-11-15,2020,11,Sunday,2,7.0,
c1b39734-3b0e-4974-a0be-f3192bf3456b,5,RZZSxq,2020-11-15,2020,11,Sunday,3,10.5,
d7b7e979-e32d-486f-91ab-a2416e22c463,5,fvBBXY,2020-11-15,2020,11,Sunday,2,7.0,49285447-0ea3-4df0-99e3-0c5304ab0f58
6c540904-497d-4f99-9a8f-e28080860814,5,fvBBXY,2020-11-15,2020,11,Sunday,2,7.0,c54f15f6-db04-45ff-9de4-f060a1231ccf
98d3a07c-bb05-4e7d-b394-8e4da3b49fa2,5,J4fMRf,2020-11-15,2020,11,Sunday,2,7.0,9db5830f-36bd-4450-87bd-c754796a909e
21f049dd-3369-46e2-af9c-ab3acdf3076f,5,TwErrn,2020-11-15,2020,11,Sunday,3,10.5,a3e4cdb2-1805-4c03-9b19-ea53b131cf80
8d1cb702-9c7c-4a59-b90a-2008cd6a846a,5,pCjr1R,2020-11-15,2020,11,Sunday,2,7.0,
71c0c9cf-4dd5-4db8-a67d-e61860aae062,5,TwErrn,2020-11-15,2020,11,Sunday,2,7.0,
f982d0c7-d304-49af-b59a-ee52025c00e8,5,V9hDyY,2020-11-15,2020,11,Sunday,2,7.0,
7bbd4859-ecf6-4988-9476-1cf0a92acf48,5,pCjr1R,2020-11-15,2020,11,Sunday,1,3.5,
daac2b8d-c11e-4112-aebc-649f09c47f02,5,iYvFyn,2020-11-15,2020,11,Sunday,2,7.0,
6fcac3c4-090e-49c6-b31c-e6a48db4272f,5,J4fMRf,2020-11-15,2020,11,Sunday,3,10.5,
77b68be5-ed34-4562-b74c-23591d8daa19,5,g0RPTY,2020-11-15,2020,11,Sunday,2,7.0,
fe1d67a2-db99-4198-8ad8-cd9068ed6971,5,RZZSxq,2020-11-15,2020,11,Sunday,1,3.5,
fd5d7bec-3010-49d3-bda2-982c9c7fae32,5,pCjr1R,2020-11-15,2020,11,Sunday,1,3.5,
ee8e8c96-fae8-42ca-8582-49f925d626eb,5,HHY1ds,2020-11-15,2020,11,Sunday,1,3.5,
0bc5c834-f4ed-4152-800c-03950b034aaf,5,RZZSxq,2020-11-15,2020,11,Sunday,2,7.0,
36af4752-c796-4843-a070-eb83742481d4,5,IWoDZ7,2020-11-15,2020,11,Sunday,2,7.0,
c0136d43-1a52-4011-9ccf-74c3b2b6cf23,5,RZZSxq,2020-11-15,2020,11,Sunday,2,7.0,d288b0c7-040d-49dd-816e-2d8d1cca429a
573c69dd-966e-4171-ac9e-36e3415faa49,5,YnyFQq,2020-11-15,2020,11,Sunday,1,3.5,
4e7da5ff-e728-436b-837a-16b10a45f31c,5,8CnCaM,2020-11-15,2020,11,Sunday,3,10.5,
e0338851-3c5f-49d8-af99-1fafa0d25864,5,XkiZ9D,2020-11-16,2020,11,Monday,2,7.0,c9df808c-b9d7-4435-85c7-3e37d8b5016f
95ff1f02-ea1b-4ee4-ad1d-5185ae155b6a,5,Xd4sZA,2020-11-16,2020,11,Monday,1,3.5,
4b59449d-d714-49ee-aeb8-a141f045f04f,5,V9hDyY,2020-11-16,2020,11,Monday,2,7.0,
9c74f275-5c93-4a1b-bacd-46ddac0eedb9,5,9FFwEf,2020-11-16,2020,11,Monday,3,10.5,
cb9d0828-b97c-44ce-820d-af5411617680,5,TwErrn,2020-11-16,2020,11,Monday,3,10.5,ae3314e8-98a0-4c08-8de4-4a46bbeced02
641b282b-381f-4a8f-9ad5-37c03019ca93,5,V9hDyY,2020-11-16,2020,11,Monday,2,7.0,667d16d6-62b1-4f1e-a526-c985c59bf485
a2e18788-a499-43bc-97b8-180e42273229,5,HHY1ds,2020-11-16,2020,11,Monday,2,7.0,
b054d934-68a3-40bd-bb97-b83bfbcc67d6,5,g0RPTY,2020-11-16,2020,11,Monday,2,7.0,
4c7dfcab-08da-4ffa-bf6a-6212b247579c,5,g0RPTY,2020-11-16,2020,11,Monday,1,3.5,
442c022a-13b3-4d38-99fc-6c18ee4614ed,5,HHY1ds,2020-11-16,2020,11,Monday,2,7.0,
1194954e-2cbe-4a7f-bdbd-58b2ae905576,5,J4fMRf,2020-11-16,2020,11,Monday,2,7.0,c0c4643b-bd4f-4232-b891-659799228508
82c93b31-86b6-4cf7-bbf7-6294444afd19,5,TwErrn,2020-11-16,2020,11,Monday,1,3.5,4734d99c-eb05-4ee1-b2e0-e3d54380e1f8
8aeae37f-c686-4401-b955-0449ee55dfb2,5,LRN0uO,2020-11-16,2020,11,Monday,3,10.5,
2926c69b-254d-4da0-b88a-6b521db2fcf5,5,IWoDZ7,2020-11-16,2020,11,Monday,2,7.0,
5e0c190e-36f7-4d17-9934-0370dab130e5,5,QIb1Te,2020-11-16,2020,11,Monday,2,7.0,097df1c8-9bca-4004-aeb6-cff30894909e
798f462b-1d02-4d26-a29c-a63f673aa715,5,g0RPTY,2020-11-16,2020,11,Monday,3,10.5,
53db91f1-0e81-4c15-8264-8fcef516cf82,5,RZZSxq,2020-11-16,2020,11,Monday,3,10.5,
726cd270-3514-47ab-af96-8d3b96209f01,5,HHY1ds,2020-11-16,2020,11,Monday,2,7.0,
199db832-fb7a-46e3-b1b3-33608ab2cc60,5,K8gkI8,2020-11-16,2020,11,Monday,1,3.5,e10aefa8-33b0-47a0-9bf7-f3a95113eac0
0a628a12-fc82-46fd-99f4-e398fc8df78f,5,fvBBXY,2020-11-16,2020,11,Monday,3,10.5,
3572edfc-39b5-4226-9b89-86bb3d10fb8e,5,YnyFQq,2020-11-16,2020,11,Monday,2,7.0,
8441b46b-7f4f-44d7-bc3f-1367540af305,5,V9hDyY,2020-11-16,2020,11,Monday,3,10.5,
fd394aaf-936e-4a9b-939b-2b12eddfa4bf,5,QIb1Te,2020-11-16,2020,11,Monday,2,7.0,
02e6e0f8-1f1d-402d-9038-722061a3e661,5,g0RPTY,2020-11-16,2020,11,Monday,3,10.5,
3621d372-55f2-4fa4-a2d3-5081048f17e8,5,LRN0uO,2020-11-16,2020,11,Monday,2,7.0,
33f32711-ad50-4f47-9fd9-6b11f79df809,5,QIb1Te,2020-11-16,2020,11,Monday,1,3.5,
16068373-7619-4944-8d2b-02bf8c4d7a98,5,QIb1Te,2020-11-16,2020,11,Monday,2,7.0,
742a4af2-a6ac-4c9f-a0b5-d7042bea74d8,5,QIb1Te,2020-11-16,2020,11,Monday,2,7.0,
2df9eb32-284b-4458-a972-ba71b4c3f8a3,5,YnyFQq,2020-11-16,2020,11,Monday,2,7.0,
69dcdf57-c539-43f1-9b1f-f3dbd995866c,5,XkiZ9D,2020-11-16,2020,11,Monday,3,10.5,b1f27570-eee7-4e27-8e68-08e6a0ae674a
83304a3a-41ae-4a16-b853-567955285b4a,5,RZZSxq,2020-11-16,2020,11,Monday,2,7.0,
203b8bbc-9ba8-4efa-b98b-599ed18a03e4,5,iYvFyn,2020-11-16,2020,11,Monday,2,7.0,
4c59423b-9c75-4d33-a2ca-d1733a7c2076,5,8CnCaM,2020-11-16,2020,11,Monday,1,3.5,b355813f-831d-4f72-8408-4d42562c3e34
564c9d23-4023-4d22-9f57-534aab77dc97,5,IWoDZ7,2020-11-16,2020,11,Monday,2,7.0,b5c697f9-d444-4553-ba0d-894c4a28e8f3
3d1ae07c-e6c0-429d-acad-df9f06179674,5,g0RPTY,2020-11-16,2020,11,Monday,1,3.5,
f281a658-06ba-4c92-840f-712322021e1c,5,LRN0uO,2020-11-16,2020,11,Monday,1,3.5,
9276165a-4d8f-4062-a36d-f87243079bc7,5,QIb1Te,2020-11-16,2020,11,Monday,2,7.0,1ff01ffd-f197-493e-8a2b-0f85ac732dd6
4a33128d-b54f-48d9-a660-db46d8506564,5,9FFwEf,2020-11-16,2020,11,Monday,2,7.0,
26407a6a-87ad-457f-9cb1-7798af72aa9f,5,V9hDyY,2020-11-16,2020,11,Monday,2,7.0,a50448b4-f787-4d5a-b211-5bcc2e8566fc
c8276fe3-271d-45d5-b19b-57e73aee3648,5,8CnCaM,2020-11-16,2020,11,Monday,2,7.0,
29a1c6a0-3cc2-4a6d-8bbd-d85858a108c9,5,V9hDyY,2020-11-16,2020,11,Monday,2,7.0,
1dff7f92-060e-445b-b926-ce444013716f,5,1X3p2H,2020-11-16,2020,11,Monday,3,10.5,48cabfc7-384a-4e63-965c-31995d58be55
9011ed1e-fb1d-43f9-965f-dbaba5d4db88,5,YnyFQq,2020-11-16,2020,11,Monday,2,7.0,0bd42dab-c673-41a0-96b2-d12f5dc93e56
9b497e08-42dd-4479-8621-00da35c85097,5,V9hDyY,2020-11-16,2020,11,Monday,2,7.0,
9da87f34-cfb9-44e4-afbe-ee189ede27aa,5,fvBBXY,2020-11-16,2020,11,Monday,2,7.0,e0182375-f127-46d4-b152-07ffa4839271
342f184c-8a65-45ff-9fb7-7e95e0d97dca,5,pCjr1R,2020-11-16,2020,11,Monday,1,3.5,
12911f3a-3790-477d-b973-4c7c77233ee0,5,1X3p2H,2020-11-16,2020,11,Monday,2,7.0,1ff01ffd-f197-493e-8a2b-0f85ac732dd6
289d8ba8-e222-410d-a2cc-4e8e5fd5d3ce,5,HHY1ds,2020-11-16,2020,11,Monday,1,3.5,
314d6818-32ae-4df4-8a24-19057f9f0e0d,5,QIb1Te,2020-11-16,2020,11,Monday,2,7.0,f3970868-3c90-46d8-a20f-2390b8a7c8f2
f54bbe6b-5264-4b8a-adc0-6e6e90764f02,5,AcIRu7,2020-11-16,2020,11,Monday,1,3.5,
a56f67fb-c5ba-4919-9357-84c63aea6d36,5,8CnCaM,2020-11-16,2020,11,Monday,1,3.5,
3810cfc8-f0ed-4b58-929a-db6bb15ceb88,5,HHY1ds,2020-11-16,2020,11,Monday,2,7.0,a2461689-37b8-4efa-91ba-013631f12a10
ca5e6442-743f-4f05-b9a2-c55ec10e5457,5,pCjr1R,2020-11-16,2020,11,Monday,3,10.5,3eeb1de9-6349-4569-8650-c9af73bf1f8e
7d796c10-5919-4b34-a0e3-a94867954661,5,Xd4sZA,2020-11-16,2020,11,Monday,1,3.5,
f59b6d50-4a73-44bd-8a10-bb439057bc61,5,IWoDZ7,2020-11-16,2020,11,Monday,2,7.0,27cad89a-eb58-4065-a4d8-69cf833e313e
61fd6708-da94-4ed5-a1f5-74228dbab2d9,5,AcIRu7,2020-11-16,2020,11,Monday,1,3.5,
34503cfd-52f3-4fd4-b38c-b3aa600f5649,5,AcIRu7,2020-11-16,2020,11,Monday,2,7.0,
d1f9df45-9559-4fe8-a35a-db36eb17ed53,5,HHY1ds,2020-11-16,2020,11,Monday,2,7.0,57197068-5f83-4545-adb8-7b782c960017
2b5a0356-f6ff-44f1-8307-2d3df4dafcea,5,XkiZ9D,2020-11-16,2020,11,Monday,3,10.5,33311a72-1547-4961-8674-78123e619fbb
817c07da-31e7-4aa4-b879-db7142083833,5,J4fMRf,2020-11-16,2020,11,Monday,1,3.5,
aab24c8f-ebbe-469e-9656-9dcd52f4f07a,5,8CnCaM,2020-11-17,2020,11,Tuesday,2,7.0,
2e16fa95-404b-48c3-8e80-51ff0f93d5f9,5,K8gkI8,2020-11-17,2020,11,Tuesday,1,3.5,43e0cce2-3e42-49c3-9393-9809d329029a
8121646c-1ad5-46f8-a9fd-da43e7dd592a,5,QIb1Te,2020-11-17,2020,11,Tuesday,2,7.0,
1277fc91-06d3-4112-959a-6cbf407a75bf,5,HHY1ds,2020-11-17,2020,11,Tuesday,1,3.5,
01db2946-c43b-43d8-922a-9bb672c6ab17,5,IWoDZ7,2020-11-17,2020,11,Tuesday,2,7.0,
f609fbd8-5dcf-4f2f-904c-5c025724d211,5,YnyFQq,2020-11-17,2020,11,Tuesday,2,7.0,e0182375-f127-46d4-b152-07ffa4839271
b408d8f8-10ea-43ed-aec5-b0b4d8130aa1,5,HHY1ds,2020-11-17,2020,11,Tuesday,2,7.0,220ccbee-70ff-479f-b49e-2d79b6f877cf
34f3b0a5-a276-43dc-a508-a98275c11e40,5,QIb1Te,2020-11-17,2020,11,Tuesday,3,10.5,
5418f840-c0b0-4830-9830-90056ec460d9,5,1X3p2H,2020-11-17,2020,11,Tuesday,2,7.0,
54bed165-f4d3-4a10-86db-f9cc7e6c28ab,5,LRN0uO,2020-11-17,2020,11,Tuesday,1,3.5,
6618c843-81d2-4714-a8b4-729e006c70ea,5,LRN0uO,2020-11-17,2020,11,Tuesday,3,10.5,
46cd7f0c-b0f3-4c77-9d25-c63fc6cfa403,5,QIb1Te,2020-11-17,2020,11,Tuesday,3,10.5,b48b2c62-403d-472d-85e6-217bff89d1ee
9aae05af-1688-4b54-8493-4964667566b3,5,g0RPTY,2020-11-17,2020,11,Tuesday,3,10.5,
d4a95061-2bbb-46fb-a74c-3456fce6158b,5,fvBBXY,2020-11-17,2020,11,Tuesday,3,10.5,2a743fc8-b7e6-47e3-b5a3-b8ab806527d8
49de5fb7-609b-4034-bf67-0faeaead44a4,5,HHY1ds,2020-11-17,2020,11,Tuesday,2,7.0,9ec00839-ed08-4b36-96f4-beca5bf0ab6f
abd4a4d9-7499-4a1c-ae25-c9ed1ccb4ce6,5,V9hDyY,2020-11-17,2020,11,Tuesday,2,7.0,
6fe21ab6-ab7d-41d2-82ae-ebaeb80aa0d0,5,TwErrn,2020-11-17,2020,11,Tuesday,2,7.0,
558ff512-eda6-4d33-a6af-11296a8bc32f,5,YnyFQq,2020-11-17,2020,11,Tuesday,2,7.0,
6d816eba-f9e2-48e2-9435-314613a135b7,5,HHY1ds,2020-11-17,2020,11,Tuesday,3,10.5,
13ab6889-f843-4319-a13c-d30104e03c76,5,LRN0uO,2020-11-17,2020,11,Tuesday,2,7.0,
b05ad316-9130-4a41-b052-90f6a98e1a1d,5,K8gkI8,2020-11-17,2020,11,Tuesday,1,3.5,
41e2fc4d-f065-4074-8a9b-3dbe0a25f468,5,g0RPTY,2020-11-17,2020,11,Tuesday,3,10.5,
64c7bf0d-a599-42ed-bbc2-b98cc0d0b24a,5,HHY1ds,2020-11-17,2020,11,Tuesday,1,3.5,
b12d8b03-e1bd-4c6d-8acb-55c99ade6205,5,fvBBXY,2020-11-17,2020,11,Tuesday,3,10.5,1ff01ffd-f197-493e-8a2b-0f85ac732dd6
b0f73207-437a-4bb8-8204-c3aee174eb8e,5,RZZSxq,2020-11-17,2020,11,Tuesday,2,7.0,
19b0e989-ce86-4758-bcf9-f249ca1b65d0,5,fvBBXY,2020-11-17,2020,11,Tuesday,1,3.5,a7d3ba2d-8581-4fa8-ad9f-c36ccfb7f52d
c03c31e0-171f-4d3e-a9a5-db5dc911811d,5,K8gkI8,2020-11-17,2020,11,Tuesday,2,7.0,
b0af0792-3d0a-4a11-8938-a213e215052e,5,IWoDZ7,2020-11-17,2020,11,Tuesday,3,10.5,ed820c9a-947d-4c0a-b9d7-931dbf7e6363
8421cad5-7a6a-41db-ac98-79e4969a42f2,5,V9hDyY,2020-11-17,2020,11,Tuesday,2,7.0,e760c2d0-2a0d-401f-b3e0-6dff7eb78a11
8cc3b15f-94bf-421f-8dba-e6704024f9c2,5,g0RPTY,2020-11-17,2020,11,Tuesday,2,7.0,091fa45d-62fa-4533-9fc2-a2ca35a8db2a
36f650f1-170f-4bd0-a32c-f03efe78816a,5,8CnCaM,2020-11-17,2020,11,Tuesday,3,10.5,
e2778fde-8bf0-49c8-8759-633284a73886,5,8CnCaM,2020-11-17,2020,11,Tuesday,3,10.5,
ec840b67-c7d2-4885-8b72-26f69088c650,5,K8gkI8,2020-11-17,2020,11,Tuesday,2,7.0,c54f15f6-db04-45ff-9de4-f060a1231ccf
51d65f73-6d9d-4ac5-a0fa-6849ee26aab3,5,YnyFQq,2020-11-17,2020,11,Tuesday,3,10.5,ea149788-2f86-4bd9-8df8-8f1e65a5237b
77587c7b-fdb4-4e45-bfeb-ab0745d83359,5,Xd4sZA,2020-11-17,2020,11,Tuesday,3,10.5,32c77228-8890-42e9-9c1c-ff9dbdbe0572
cfab9068-d434-49b6-a83d-aadeaa7717ad,5,J4fMRf,2020-11-17,2020,11,Tuesday,2,7.0,
92959f0c-9e9e-40ab-8928-8c205b7d1be0,5,TwErrn,2020-11-17,2020,11,Tuesday,2,7.0,
afba65a7-e388-42d6-abc9-4e088fa6d42c,5,K8gkI8,2020-11-17,2020,11,Tuesday,1,3.5,
f78c3321-232a-4019-b0ef-3833c353e430,5,g0RPTY,2020-11-17,2020,11,Tuesday,2,7.0,
8686ab38-e549-4b45-9abd-88f35d067979,5,pCjr1R,2020-11-17,2020,11,Tuesday,2,7.0,63792dc8-8962-433d-aeb1-884e387d403c
618c2874-0f10-4962-8437-a1cecac04e45,5,J4fMRf,2020-11-17,2020,11,Tuesday,3,10.5,
78272c75-e644-4c93-8ce5-1f490d884e47,5,LRN0uO,2020-11-17,2020,11,Tuesday,1,3.5,
62bd10a9-ccc1-40f0-b3c0-8b4964d2ddb0,5,fvBBXY,2020-11-17,2020,11,Tuesday,2,7.0,47dea8ae-0261-4a68-a357-76a7ed1e6d54
58e537ab-94b2-46a5-b087-1d84177df1ae,5,8CnCaM,2020-11-17,2020,11,Tuesday,1,3.5,
f0c1954c-d1fe-4365-8b4a-f8489ad7f5d6,5,9FFwEf,2020-11-17,2020,11,Tuesday,1,3.5,
72d6a577-85ab-4abf-8900-61c408eeca43,5,IWoDZ7,2020-11-17,2020,11,Tuesday,3,10.5,
66d55dc7-f89a-4bd1-83c6-642c23e713b1,5,1X3p2H,2020-11-17,2020,11,Tuesday,2,7.0,1e50503a-5e78-4555-93d3-9a7d0fcbfa20
63c585e7-535e-4df4-a16a-086cc153d0d6,5,J4fMRf,2020-11-17,2020,11,Tuesday,2,7.0,
8d1839e2-12ee-4891-a5fa-b7b59cda25fe,5,K8gkI8,2020-11-17,2020,11,Tuesday,1,3.5,
ba6ad098-bb67-4d85-87ef-7f6f379f2869,5,IWoDZ7,2020-11-17,2020,11,Tuesday,2,7.0,
782a5fd9-c1e0-4c0f-883f-f39ce3e38389,5,HHY1ds,2020-11-17,2020,11,Tuesday,2,7.0,77d1d3e9-23f2-4e1c-ab60-fb6427929461
f6e1849e-dbbb-4cb7-9ad4-ed7d37a87d00,5,TwErrn,2020-11-17,2020,11,Tuesday,3,10.5,
f2920fce-6c56-4643-aa48-71ee79a10430,5,IWoDZ7,2020-11-17,2020,11,Tuesday,2,7.0,e93486f6-eb6e-4dcf-925f-1195070a4bdd
6c242f66-6513-4e5e-9b2b-199115995c9d,5,iYvFyn,2020-11-17,2020,11,Tuesday,3,10.5,
40db59e1-4af4-4418-b883-be604fa264bb,5,pCjr1R,2020-11-17,2020,11,Tuesday,1,3.5,40fdee27-e2a8-41a3-bd7f-aea31b7d952c
39492c89-6dc7-4a4e-a94e-938347f5134b,5,iYvFyn,2020-11-17,2020,11,Tuesday,2,7.0,
efbf27a1-e50b-461a-8116-0ffe8b34e1bb,5,K8gkI8,2020-11-17,2020,11,Tuesday,1,3.5,3479dcf8-8995-42ca-a2d4-23c65b1b9302
4717e32f-16b5-45a4-9215-b40e54baf5dc,5,AcIRu7,2020-11-17,2020,11,Tuesday,1,3.5,
0442b52a-12ff-43cf-aa41-e6c2faaf829e,5,8CnCaM,2020-11-17,2020,11,Tuesday,2,7.0,
49765121-01e2-4c84-95c7-a573c388bb38,5,XkiZ9D,2020-11-17,2020,11,Tuesday,2,7.0,
5c0c4104-191e-4fd7-af4d-d8090356b811,5,J4fMRf,2020-11-17,2020,11,Tuesday,2,7.0,9a159fc2-25f6-4568-9170-6699d347fb53
4933e986-f9f2-48a4-9c22-5c833221ebc7,5,IWoDZ7,2020-11-17,2020,11,Tuesday,2,7.0,
77338882-cf33-4788-b9ae-cb90f76552eb,5,HHY1ds,2020-11-17,2020,11,Tuesday,2,7.0,
dec16a5b-040d-4cb0-9f2a-840a9f31394b,5,1X3p2H,2020-11-17,2020,11,Tuesday,2,7.0,
5e170064-42b5-48bd-836a-17e506e78e4d,5,pCjr1R,2020-11-17,2020,11,Tuesday,2,7.0,
1a6e06e6-fcd2-4c08-9b41-89e4a027ae89,5,g0RPTY,2020-11-17,2020,11,Tuesday,2,7.0,
73f9e39b-c7de-4eaa-aee1-eeb47647ec78,5,QIb1Te,2020-11-18,2020,11,Wednesday,2,7.0,
72d6d6b5-8602-4e90-aa42-e0dc080b36f0,5,RZZSxq,2020-11-18,2020,11,Wednesday,2,7.0,5df12d06-bb99-4df9-93bf-f627c9b36881
bd39328e-3987-4cd9-bf86-2d76bbe565f6,5,fvBBXY,2020-11-18,2020,11,Wednesday,2,7.0,
d7d85731-1473-4f3a-a4ec-ef7469411903,5,TwErrn,2020-11-18,2020,11,Wednesday,3,10.5,b5c697f9-d444-4553-ba0d-894c4a28e8f3
2afdc1b2-c8a2-436c-9d1f-40dac285f032,5,Xd4sZA,2020-11-18,2020,11,Wednesday,2,7.0,
67fc4d0f-529c-4f89-b87a-34e6227f3663,5,YnyFQq,2020-11-18,2020,11,Wednesday,2,7.0,
a6a1f118-a1f2-4074-80b7-d48656215ff3,5,YnyFQq,2020-11-18,2020,11,Wednesday,3,10.5,
02794470-88b3-463b-b999-b3c9cf9ac984,5,LRN0uO,2020-11-18,2020,11,Wednesday,1,3.5,
63a190a8-b22f-4cf8-9130-92b1f3d9fb92,5,iYvFyn,2020-11-18,2020,11,Wednesday,2,7.0,f6234819-16a4-4be7-9dc8-e31c7a4effca
88df4c95-7a87-4eae-9b1c-54cb75063b1f,5,9FFwEf,2020-11-18,2020,11,Wednesday,2,7.0,
f8e946ee-53da-40d7-8226-eb1180ffee2a,5,XkiZ9D,2020-11-18,2020,11,Wednesday,3,10.5,c0c4643b-bd4f-4232-b891-659799228508
f4912e68-8fe9-43a7-a991-374dd41a0e9d,5,AcIRu7,2020-11-18,2020,11,Wednesday,2,7.0,6bb8b6a7-9577-485d-bfc4-45a0b47945f4
7ad92a67-ece5-47a6-b179-f15c5be32c22,5,J4fMRf,2020-11-18,2020,11,Wednesday,2,7.0,
1019c7b2-a6dd-4613-95f6-d96aa0cdedfa,5,g0RPTY,2020-11-18,2020,11,Wednesday,2,7.0,78079efc-e49c-4037-abea-abb0308b295e
558ea49c-0766-4a69-9ff7-a915ba4d4b5d,5,fvBBXY,2020-11-18,2020,11,Wednesday,2,7.0,
e535e077-9726-4461-a7fe-7290d9eb2e91,5,HHY1ds,2020-11-18,2020,11,Wednesday,2,7.0,3b8d6dd7-132d-4457-acc2-277888d24021
11e32cb4-26e2-4245-b3c3-c62c5c69592d,5,XkiZ9D,2020-11-18,2020,11,Wednesday,3,10.5,
575629e6-ddc2-4b0e-ae8e-139575614771,5,V9hDyY,2020-11-18,2020,11,Wednesday,2,7.0,
8f621cc3-5b5e-4cc2-a46f-f13f3098f0a8,5,YnyFQq,2020-11-18,2020,11,Wednesday,2,7.0,823a9443-ac0d-4efb-95e7-8bdce014738f
e325ecc9-d337-4e30-b404-c03c6a3e8df7,5,g0RPTY,2020-11-18,2020,11,Wednesday,1,3.5,
65fe41eb-8d73-4bba-a687-f70c13fd2bc9,5,g0RPTY,2020-11-18,2020,11,Wednesday,2,7.0,
e5b08134-df6d-4f43-a887-cf98981f1d14,5,XkiZ9D,2020-11-18,2020,11,Wednesday,3,10.5,587f8f67-e282-4753-9f22-fc4e9ecd7990
a0557183-784c-4eda-a603-a3ab4e040386,5,RZZSxq,2020-11-18,2020,11,Wednesday,1,3.5,025d4384-9f20-43d5-8681-556f60219635
26a510ab-19ac-4afb-9864-944faee98278,5,QIb1Te,2020-11-18,2020,11,Wednesday,3,10.5,
2b250de1-9995-43b6-a7aa-ad7752f7dcaf,5,pCjr1R,2020-11-18,2020,11,Wednesday,2,7.0,
262fc900-2d7a-463b-8821-2bbb66b31199,5,TwErrn,2020-11-18,2020,11,Wednesday,2,7.0,7ff5b5dd-26fb-4f36-b734-caf92b4657fc
a24189dd-0e7a-41ee-a574-4522449dae97,5,QIb1Te,2020-11-18,2020,11,Wednesday,3,10.5,
4740dc6f-f1c1-4d8a-8e94-31cb84a824d9,5,AcIRu7,2020-11-18,2020,11,Wednesday,2,7.0,1282a692-b60a-468c-9e92-bc6d71a056ed
732cc4ac-85c4-4550-8fd0-cb2756f9bc65,5,YnyFQq,2020-11-18,2020,11,Wednesday,2,7.0,
73d0a7a7-ba02-4083-9f04-526eb8d8711c,5,IWoDZ7,2020-11-18,2020,11,Wednesday,2,7.0,
fbad4f9f-4a6e-4c7e-b6d6-a5e16e589e96,5,Xd4sZA,2020-11-18,2020,11,Wednesday,2,7.0,
32fd054e-2800-4283-94c9-d3f560f0db05,5,J4fMRf,2020-11-18,2020,11,Wednesday,2,7.0,e93486f6-eb6e-4dcf-925f-1195070a4bdd
efd13e5b-3b32-4f5e-9d06-c18fcd9d87da,5,IWoDZ7,2020-11-18,2020,11,Wednesday,2,7.0,
0f7e352a-bab8-47b1-a819-8ad0497f88dc,5,IWoDZ7,2020-11-18,2020,11,Wednesday,3,10.5,
b15cde22-ef5a-4b99-ad9e-396a9a8ff9ca,5,K8gkI8,2020-11-18,2020,11,Wednesday,2,7.0,
651e3a2b-1766-49f3-9ab9-f7033bae835a,5,TwErrn,2020-11-18,2020,11,Wednesday,1,3.5,
74e2679a-5c15-46b7-bb1e-bd3b47fdfd6c,5,1X3p2H,2020-11-18,2020,11,Wednesday,3,10.5,
c9775f1a-21a4-45a4-bafb-9961326e3f59,5,J4fMRf,2020-11-18,2020,11,Wednesday,3,10.5,
80d7a585-ad67-4b56-ac2c-89b1c2a9cb4d,5,IWoDZ7,2020-11-18,2020,11,Wednesday,2,7.0,
5608662b-1f2f-49dc-a6d2-5693fbecda10,5,LRN0uO,2020-11-18,2020,11,Wednesday,2,7.0,d581e5a3-f4e8-4826-b4e5-e22f0f1796cc
e83b56fe-9c81-4c0a-94ad-86d0461a0d26,5,HHY1ds,2020-11-18,2020,11,Wednesday,2,7.0,
f46721b3-81a4-42f5-b5d0-f2ae8f183095,5,9FFwEf,2020-11-18,2020,11,Wednesday,3,10.5,
1f635c93-001c-44fe-a2ee-5b0a54f4ceaa,5,AcIRu7,2020-11-18,2020,11,Wednesday,1,3.5,
6bba1189-c19e-497c-b4cc-25ae273bc979,5,1X3p2H,2020-11-18,2020,11,Wednesday,3,10.5,
c2493099-3d2a-4453-90ed-78428e629d3b,5,IWoDZ7,2020-11-18,2020,11,Wednesday,2,7.0,
348812e0-f4f6-4c4c-9562-7d102642e922,5,g0RPTY,2020-11-18,2020,11,Wednesday,2,7.0,
df457759-d192-4f19-92a7-76cf593bc9e3,5,XkiZ9D,2020-11-18,2020,11,Wednesday,2,7.0,
5af44e80-a34d-4194-8b74-32af16c11a5c,5,pCjr1R,2020-11-18,2020,11,Wednesday,3,10.5,
1046e860-68ac-4819-91e3-5da9dd90dcde,5,pCjr1R,2020-11-18,2020,11,Wednesday,2,7.0,9db5830f-36bd-4450-87bd-c754796a909e
a0f8f11a-7b6d-49a2-aa46-e7ea9c849179,5,XkiZ9D,2020-11-18,2020,11,Wednesday,2,7.0,
662706ab-8b78-40c4-a173-e3dc80d488fe,5,HHY1ds,2020-11-18,2020,11,Wednesday,2,7.0,
8dd6486e-c497-4bc7-aaf9-9013f6493c13,5,QIb1Te,2020-11-18,2020,11,Wednesday,3,10.5,
c41d073d-c8cd-4daf-829b-ce5974fedbd6,5,J4fMRf,2020-11-18,2020,11,Wednesday,2,7.0,
3bd76901-8751-4a32-bfe6-4c3dc14b4943,5,8CnCaM,2020-11-18,2020,11,Wednesday,2,7.0,
5ae41b24-40c3-4408-8bef-81014d519b43,5,YnyFQq,2020-11-18,2020,11,Wednesday,3,10.5,5df12d06-bb99-4df9-93bf-f627c9b36881
261ec88a-10e5-414f-a0e0-40260f7860c3,5,g0RPTY,2020-11-18,2020,11,Wednesday,2,7.0,26487452-4a1c-4a11-9a65-f906bd039317
c98cf9eb-8c3a-40ae-b87b-b6c0eb645ebd,5,XkiZ9D,2020-11-18,2020,11,Wednesday,2,7.0,
d47f4dba-4713-4e56-81d6-3a1ee501b17e,5,HHY1ds,2020-11-18,2020,11,Wednesday,3,10.5,
40a77863-8c3e-4acb-9dde-e2163e183287,5,IWoDZ7,2020-11-18,2020,11,Wednesday,3,10.5,
a0adaa15-72b0-47e8-8fd7-09b601905ef7,5,YnyFQq,2020-11-18,2020,11,Wednesday,3,10.5,c156afed-2a1a-4752-b30e-4fd66eba36d1
8eb49d3f-a8b3-4d82-8a6e-a17f12e1cbb8,5,iYvFyn,2020-11-18,2020,11,Wednesday,2,7.0,
4a571e71-7c20-427a-b788-675167af7c5b,5,Xd4sZA,2020-11-18,2020,11,Wednesday,3,10.5,
baf3a28c-a60f-4e39-a0d6-ed9a7acadf21,5,fvBBXY,2020-11-18,2020,11,Wednesday,2,7.0,
04038e0c-3a88-4a5f-87d2-83c9d59222c2,5,Xd4sZA,2020-11-18,2020,11,Wednesday,1,3.5,
944250c6-f4d4-4ff5-8dc3-306db9ce0fa4,5,Xd4sZA,2020-11-18,2020,11,Wednesday,3,10.5,585ae186-7664-4f6d-a1d8-621d0b33a57c
6c753465-afd7-4815-9ae7-3660d6ec0598,5,9FFwEf,2020-11-18,2020,11,Wednesday,3,10.5,e535c38b-71a8-40c0-bf54-fbeb2f09ce8d
dd9e4190-18c0-4fd8-b895-9a7553d59563,5,AcIRu7,2020-11-18,2020,11,Wednesday,1,3.5,
8702fed6-615c-4b38-b309-511f577d7ee8,5,AcIRu7,2020-11-19,2020,11,Thursday,3,10.5,
7f3d43a6-facd-46a8-90ad-589b6ea47b51,5,J4fMRf,2020-11-19,2020,11,Thursday,1,3.5,
7ae6e71e-0304-4def-b3df-b7b8a041f378,5,HHY1ds,2020-11-19,2020,11,Thursday,3,10.5,
7839e4f6-a2a5-4db4-8ad0-01b03988dd1a,5,TwErrn,2020-11-19,2020,11,Thursday,1,3.5,bc938f61-4a2b-4ed7-b101-b34357060b4d
30818b77-65cd-477f-8fd9-e119c615bd1c,5,HHY1ds,2020-11-19,2020,11,Thursday,2,7.0,
f992496a-ca71-419b-be19-a7bf2682e77c,5,8CnCaM,2020-11-19,2020,11,Thursday,1,3.5,
e208e90d-e360-4106-87b9-5494f2d365cb,5,QIb1Te,2020-11-19,2020,11,Thursday,3,10.5,
8720f3c0-b60f-43b6-bd67-9fabda902747,5,8CnCaM,2020-11-19,2020,11,Thursday,2,7.0,
84c1c36a-1fbf-4780-8295-99e8850cb22d,5,V9hDyY,2020-11-19,2020,11,Thursday,3,10.5,7690b1d8-6f6f-42d8-ae62-30e85e25055f
4b9c4e0c-9c85-4c06-9afc-94272eba6738,5,pCjr1R,2020-11-19,2020,11,Thursday,3,10.5,61d0c3fc-28ce-49a7-acca-d6ee69254fb7
ea510e5d-a212-4eec-8eaf-831dce83afcc,5,9FFwEf,2020-11-19,2020,11,Thursday,2,7.0,0f7f5d2e-4280-4973-a9f5-cc2cd421d661
cbf225b0-5b00-4690-a896-0d9943fd0ce7,5,RZZSxq,2020-11-19,2020,11,Thursday,1,3.5,
2b44a5a9-170d-4bb4-8e64-c86c46a9ac68,5,Xd4sZA,2020-11-19,2020,11,Thursday,2,7.0,
f585cc75-7599-4d88-abf0-491fdee52fe3,5,TwErrn,2020-11-19,2020,11,Thursday,2,7.0,0f7f5d2e-4280-4973-a9f5-cc2cd421d661
44f7de5b-d9d6-433c-a0cc-d118749c734e,5,pCjr1R,2020-11-19,2020,11,Thursday,2,7.0,
58b8368e-a37a-4f5e-904f-41121015b274,5,J4fMRf,2020-11-19,2020,11,Thursday,3,10.5,
bc51c012-2fa5-4f8b-b4a2-14d32edf7b51,5,RZZSxq,2020-11-19,2020,11,Thursday,2,7.0,3b509243-8181-49d2-9250-2d0ccb8461c3
9962b904-51e0-45b0-8d1b-f25bddafec5a,5,g0RPTY,2020-11-19,2020,11,Thursday,3,10.5,f6234819-16a4-4be7-9dc8-e31c7a4effca
7d4617d8-4dbe-4769-8d59-0685f7bb181b,5,IWoDZ7,2020-11-19,2020,11,Thursday,3,10.5,
dae14f03-ab29-490f-b4c6-dd6c24cbfbbb,5,J4fMRf,2020-11-19,2020,11,Thursday,2,7.0,
383ed437-c1e4-4356-bbc6-6003e8e97521,5,RZZSxq,2020-11-19,2020,11,Thursday,3,10.5,
2284d280-3da2-4a5b-8e29-d45ed45aab83,5,iYvFyn,2020-11-19,2020,11,Thursday,2,7.0,
b7516296-befa-474b-bcb8-113733ce5594,5,fvBBXY,2020-11-19,2020,11,Thursday,3,10.5,
c1582dcf-ae50-47e4-be29-d7a39b81acea,5,pCjr1R,2020-11-19,2020,11,Thursday,1,3.5,
4020425a-9945-483c-8ef2-a66d8107c3be,5,g0RPTY,2020-11-19,2020,11,Thursday,1,3.5,
455505a0-635c-4036-b42d-bbd32908836f,5,TwErrn,2020-11-19,2020,11,Thursday,2,7.0,
2ed8e3d3-f3f3-471b-8e7a-99ba5b27331c,5,HHY1ds,2020-11-19,2020,11,Thursday,2,7.0,2a8e2593-9807-4efd-aa44-36e627f35376
7c3e8f87-0e3e-4b18-ac9c-defe37f86d39,5,QIb1Te,2020-11-19,2020,11,Thursday,1,3.5,1bf55ce9-06db-483e-b62f-1b3ac4053fc2
12af55d3-287e-4b85-97cd-23dc913e2034,5,8CnCaM,2020-11-19,2020,11,Thursday,2,7.0,3b509243-8181-49d2-9250-2d0ccb8461c3
d07bfb08-695d-42e9-b5fe-601aec9b70b6,5,HHY1ds,2020-11-19,2020,11,Thursday,1,3.5,
142d27eb-acc8-46e9-89a6-474efd5aa608,5,LRN0uO,2020-11-19,2020,11,Thursday,1,3.5,
96e437c7-e41e-4828-a34f-0a74e1fd3521,5,HHY1ds,2020-11-19,2020,11,Thursday,1,3.5,
b2aeb63b-f4f7-4835-9020-7880f2022947,5,V9hDyY,2020-11-19,2020,11,Thursday,3,10.5,
f8c39a04-55a0-4aca-8b65-67c8509edf21,5,1X3p2H,2020-11-19,2020,11,Thursday,1,3.5,68b6c205-1a23-49fa-a960-d1df67800f0a
f6326d2e-b433-4190-8a3d-a006db902db6,5,iYvFyn,2020-11-19,2020,11,Thursday,2,7.0,
2a931e61-a59a-4619-89e5-4bbd7d55df53,5,AcIRu7,2020-11-19,2020,11,Thursday,3,10.5,
d7ac143b-b830-47d3-8969-88a77851470b,5,IWoDZ7,2020-11-19,2020,11,Thursday,1,3.5,
514fa421-0c45-45b6-95cf-c2bebaaea8d9,5,pCjr1R,2020-11-19,2020,11,Thursday,3,10.5,f399e73c-8f7e-4a5c-aaac-cf84321b5e74
20a87339-d940-4ad3-b837-aedb1e02453d,5,IWoDZ7,2020-11-19,2020,11,Thursday,2,7.0,
062042d4-f2d2-401f-8ea4-d9f7dcc5f4ba,5,AcIRu7,2020-11-19,2020,11,Thursday,2,7.0,92379d33-a068-4ba0-abb3-0b3a46925bcc
b815db06-605d-4865-93a7-d865c0b17fa9,5,pCjr1R,2020-11-19,2020,11,Thursday,2,7.0,4ee6b65e-1a08-4a35-816b-6a81194fe810
9520dc3f-6dc3-4c6d-a2ae-76c35e275213,5,K8gkI8,2020-11-19,2020,11,Thursday,1,3.5,
fe3b7ca6-d0b9-4705-9a79-f39799c96b09,5,IWoDZ7,2020-11-19,2020,11,Thursday,2,7.0,
13e02c54-39fe-4ec8-8a73-b2d3effead7b,5,J4fMRf,2020-11-19,2020,11,Thursday,2,7.0,
c450405e-370f-4e98-96e8-09e2a0880626,5,XkiZ9D,2020-11-19,2020,11,Thursday,1,3.5,
b4ef9d6a-3e4d-489d-8184-4c443cd5f12d,5,fvBBXY,2020-11-19,2020,11,Thursday,2,7.0,
1bf65e7a-3d9b-40ad-8e0f-ce64d5f8b940,5,YnyFQq,2020-11-19,2020,11,Thursday,1,3.5,
984bfc36-9620-411c-8775-6c3892de1ff6,5,YnyFQq,2020-11-19,2020,11,Thursday,1,3.5,
29fa1a9e-cb13-4922-b69f-3e84515961ce,5,XkiZ9D,2020-11-19,2020,11,Thursday,1,3.5,b838de81-e5d5-4653-a383-8d64b9a8914e
dff31940-85a7-48bc-800f-3b64196152f9,5,J4fMRf,2020-11-19,2020,11,Thursday,3,10.5,
a8924a8b-e42e-4962-b399-0b014fbe6e06,5,TwErrn,2020-11-19,2020,11,Thursday,1,3.5,d288b0c7-040d-49dd-816e-2d8d1cca429a
04776db4-7e5c-4658-8913-30e78f71973d,5,QIb1Te,2020-11-19,2020,11,Thursday,1,3.5,07326e55-8820-4c75-9a7e-9a782bf59a7c
48e49f60-13f0-49ed-badd-72aca3c70d98,5,TwErrn,2020-11-19,2020,11,Thursday,2,7.0,
7cfb9789-fc0e-4010-ab9d-61541c06b991,5,Xd4sZA,2020-11-19,2020,11,Thursday,2,7.0,1bf55ce9-06db-483e-b62f-1b3ac4053fc2
f60903e3-0728-46e8-9b97-f06156427339,5,AcIRu7,2020-11-19,2020,11,Thursday,2,7.0,
37e8143d-22d9-42f7-b685-fbd9e5ae4cba,5,XkiZ9D,2020-11-19,2020,11,Thursday,2,7.0,
a08c2728-5fb5-48b0-a0ba-805ecbd7f4a9,5,LRN0uO,2020-11-19,2020,11,Thursday,3,10.5,
e06374dd-1fff-4018-9e74-d366bc774a26,5,XkiZ9D,2020-11-19,2020,11,Thursday,2,7.0,
78350aa4-4e1d-4070-8c5c-5d480fa0901a,5,XkiZ9D,2020-11-19,2020,11,Thursday,3,10.5,5d8bc7fb-98d4-4474-b7cc-d28d94497941
723f4cfe-e26c-42a0-9585-62c3d8e4893d,5,V9hDyY,2020-11-19,2020,11,Thursday,2,7.0,
cc7a125a-6c2f-4482-8e55-63aafee9e47f,5,V9hDyY,2020-11-19,2020,11,Thursday,1,3.5,
88fac988-77c4-40d6-8180-46fb3217bb58,5,iYvFyn,2020-11-19,2020,11,Thursday,3,10.5,7961968c-c9f8-4bc6-8b99-129f2c18ae7f
c95b7249-bbe0-488c-b9eb-a96b4f15147a,5,AcIRu7,2020-11-19,2020,11,Thursday,2,7.0,
5fac813b-6808-488d-ba18-fe8443d30c64,5,fvBBXY,2020-11-19,2020,11,Thursday,2,7.0,
9d526540-17a5-4fa8-9d67-63c05cd2c325,5,XkiZ9D,2020-11-19,2020,11,Thursday,3,10.5,
0572a4b4-df80-4a08-b50e-e24e5d07e86d,5,LRN0uO,2020-11-19,2020,11,Thursday,2,7.0,9549d222-45cf-4eba-8737-fe1e87d400d5
cb4ed1b0-7a7b-45e6-865f-8cdba8581c6c,5,YnyFQq,2020-11-19,2020,11,Thursday,1,3.5,6c33cfca-8bdf-4045-ba5f-3f01b6e2c51a
f9436c9f-2c38-4863-8d4f-a8f79e873f9d,5,8CnCaM,2020-11-20,2020,11,Friday,3,10.5,0f7f5d2e-4280-4973-a9f5-cc2cd421d661
f994599c-c277-4397-8823-fd286a7d97a4,5,9FFwEf,2020-11-20,2020,11,Friday,2,7.0,
73e9a8c9-3f4a-4d53-b02b-941df6987cd3,5,LRN0uO,2020-11-20,2020,11,Friday,2,7.0,
5b34f1f5-0572-45ae-8695-bfae8161f4c8,5,RZZSxq,2020-11-20,2020,11,Friday,1,3.5,
9c10d50b-75da-4b53-9363-77d754202027,5,XkiZ9D,2020-11-20,2020,11,Friday,1,3.5,2df4b7df-3344-4e69-83ab-33aabb8b6131
044246cb-f492-498a-8fea-ac4d1599f8cc,5,g0RPTY,2020-11-20,2020,11,Friday,3,10.5,
b9a4cd1b-61f5-4e5b-812e-68383f7d4fc5,5,RZZSxq,2020-11-20,2020,11,Friday,3,10.5,
1c615854-b4a8-4dbf-a39b-2da057b7fd54,5,9FFwEf,2020-11-20,2020,11,Friday,2,7.0,
b1e55317-46ff-44f4-a58a-8a2f3bfa302d,5,HHY1ds,2020-11-20,2020,11,Friday,1,3.5,
75ffc27f-d87a-427f-97a2-ea40aaac7b0b,5,iYvFyn,2020-11-20,2020,11,Friday,3,10.5,
6adcae1e-5682-4187-b9a5-0f8864228c2e,5,QIb1Te,2020-11-20,2020,11,Friday,2,7.0,
7e6da72a-d46b-4e24-825f-30ce4618ab6f,5,K8gkI8,2020-11-20,2020,11,Friday,1,3.5,f52acfa1-c82c-4d44-8ec1-4ab2337c0502
8bf73679-5845-4fa1-8a15-b586a0d63163,5,TwErrn,2020-11-20,2020,11,Friday,1,3.5,
1281928d-5ab7-4cf9-a757-4854c3a27c86,5,HHY1ds,2020-11-20,2020,11,Friday,2,7.0,
c26e2558-250f-4842-86df-59cab522d105,5,8CnCaM,2020-11-20,2020,11,Friday,2,7.0,
37bbe5bd-c9b2-4122-8d13-a93ff92f6044,5,K8gkI8,2020-11-20,2020,11,Friday,1,3.5,
dc3a04f9-19ea-4508-b98c-5ca9b2e91634,5,fvBBXY,2020-11-20,2020,11,Friday,1,3.5,
34ae71ef-4346-4e53-9561-6d1bfaefbc91,5,XkiZ9D,2020-11-20,2020,11,Friday,1,3.5,26487452-4a1c-4a11-9a65-f906bd039317
34f9d161-948b-4085-9f0a-912950f5e017,5,IWoDZ7,2020-11-20,2020,11,Friday,2,7.0,
c9159dd8-2e70-499b-a406-8dc774e08174,5,AcIRu7,2020-11-20,2020,11,Friday,3,10.5,cfc813e7-80a1-41bf-8ef0-3587c731fdc7
615eed38-5436-4433-a5d1-c654a529a89c,5,iYvFyn,2020-11-20,2020,11,Friday,2,7.0,97ad7cde-882f-4b35-b155-c1bc17834c22
28718ffe-0450-470a-9bbd-fab7185efbc0,5,J4fMRf,2020-11-20,2020,11,Friday,1,3.5,
d8d9b334-8005-4a01-9bb2-7ad59f73c8cc,5,iYvFyn,2020-11-20,2020,11,Friday,2,7.0,
b41d66ac-650b-4db2-8908-80655e3f174d,5,1X3p2H,2020-11-20,2020,11,Friday,2,7.0,d9e25212-d4f2-4369-a85b-b94a1776b652
4b4c8dea-cd2b-41d6-a92b-6a63035afaa3,5,QIb1Te,2020-11-20,2020,11,Friday,2,7.0,
1a12fb0f-f1be-4824-a0d7-36ba776e157a,5,AcIRu7,2020-11-20,2020,11,Friday,2,7.0,
772d83af-028b-45ef-a32c-94275331a07d,5,HHY1ds,2020-11-20,2020,11,Friday,3,10.5,
886bce8a-0579-4a96-bd61-9d74bf1ca7f1,5,IWoDZ7,2020-11-20,2020,11,Friday,3,10.5,
fbe2b6c3-8c68-483d-80f4-89c13d6a6153,5,HHY1ds,2020-11-20,2020,11,Friday,3,10.5,
60e9534b-14aa-4660-ba08-207ece421508,5,g0RPTY,2020-11-20,2020,11,Friday,2,7.0,
beabd335-71b1-46f4-a709-3d15bd0d6d2d,5,pCjr1R,2020-11-20,2020,11,Friday,1,3.5,
1645b342-5f8e-4145-9659-a2242fb5bffb,5,8CnCaM,2020-11-20,2020,11,Friday,1,3.5,
944e1974-e65e-442f-b514-fa3d92bcc990,5,XkiZ9D,2020-11-20,2020,11,Friday,2,7.0,d691a8b9-ef7a-4ab1-9297-daca6d0cb381
3e682e11-6348-4373-acd1-24aa29582721,5,RZZSxq,2020-11-20,2020,11,Friday,3,10.5,
68ea5556-b2ac-47c1-ad2b-fcab79b2b308,5,9FFwEf,2020-11-20,2020,11,Friday,2,7.0,
b53820c8-17a5-4d51-ba9f-9b3728490b53,5,YnyFQq,2020-11-20,2020,11,Friday,3,10.5,b355813f-831d-4f72-8408-4d42562c3e34
71e4f497-490f-4f55-ac4d-9ae3deaab09e,5,8CnCaM,2020-11-20,2020,11,Friday,1,3.5,
0b02a824-8bb6-4ef5-b9eb-814a15e6ea46,5,J4fMRf,2020-11-20,2020,11,Friday,1,3.5,
a4b41dcd-b275-40f3-96a7-5e6a96d0f1f9,5,LRN0uO,2020-11-20,2020,11,Friday,2,7.0,
fbbd7910-9901-4d14-9453-1251a1efb0aa,5,9FFwEf,2020-11-20,2020,11,Friday,2,7.0,
14b8e158-70d4-49aa-83dd-f4b98ed111b3,5,XkiZ9D,2020-11-20,2020,11,Friday,1,3.5,
ebab80d3-a476-4086-b272-435d82957957,5,Xd4sZA,2020-11-20,2020,11,Friday,3,10.5,b5c697f9-d444-4553-ba0d-894c4a28e8f3
4f1aabe4-8940-4e28-9e72-2500eb5d3b05,5,QIb1Te,2020-11-20,2020,11,Friday,2,7.0,
3c493a1d-bd7c-4442-9640-db4b8af77c2f,5,J4fMRf,2020-11-20,2020,11,Friday,3,10.5,
c1ffa196-0f3e-40e4-8782-345f3b17f0a4,5,LRN0uO,2020-11-20,2020,11,Friday,2,7.0,3ee4b12b-d7b4-4a47-858f-860fa3a302ed
cbf1a208-2186-47a3-8428-408201974a31,5,fvBBXY,2020-11-20,2020,11,Friday,2,7.0,
8621c4e8-627f-4df6-8ca8-e438d6ece6c4,5,fvBBXY,2020-11-20,2020,11,Friday,1,3.5,
08195aa8-dda6-4a04-b416-4ff1cedd2c8e,5,fvBBXY,2020-11-20,2020,11,Friday,1,3.5,
428fd764-3594-4a79-bd50-a2ece25b6365,5,J4fMRf,2020-11-20,2020,11,Friday,1,3.5,9d5a946d-d4bc-426c-b2c9-da3c468583e9
854114dd-1269-4ce8-9c9b-ef546a2e2ef8,5,pCjr1R,2020-11-20,2020,11,Friday,2,7.0,
f302b433-082e-4469-b876-922c119de9a2,5,pCjr1R,2020-11-20,2020,11,Friday,2,7.0,b31a1b02-af7a-407b-93af-62fbf6bc9710
92a98921-cb62-4cae-8825-93ee463f4f6e,5,XkiZ9D,2020-11-20,2020,11,Friday,3,10.5,f19432c4-4df4-4e45-97d6-8fd7772aecee
dc949e2f-8ad4-4fd2-a4b0-e356ca0a5674,5,K8gkI8,2020-11-20,2020,11,Friday,2,7.0,9a3a571a-3078-4d6f-8f65-97299b970b9f
ce3e5e9a-5055-4f19-8995-3441b88499df,5,fvBBXY,2020-11-20,2020,11,Friday,2,7.0,
b4a0865e-9aa4-49e8-a501-0f802f91852c,5,QIb1Te,2020-11-20,2020,11,Friday,3,10.5,
cf71fb93-c98e-41f9-99c1-93de4c1f28e8,5,8CnCaM,2020-11-20,2020,11,Friday,2,7.0,
5429f136-5b60-4c4e-934f-ec22b88b1a83,5,TwErrn,2020-11-20,2020,11,Friday,1,3.5,
9bb3074b-6492-4bfd-8f11-58b0988c1c6c,5,RZZSxq,2020-11-20,2020,11,Friday,2,7.0,
48d3bafb-d88b-48bd-834e-295946a8e35d,5,HHY1ds,2020-11-20,2020,11,Friday,3,10.5,
8570fa24-ea24-49bc-a626-d54f5a8c3823,5,9FFwEf,2020-11-20,2020,11,Friday,2,7.0,
c133f672-a95b-4184-bf79-1dfa04ed27e9,5,K8gkI8,2020-11-20,2020,11,Friday,1,3.5,26487452-4a1c-4a11-9a65-f906bd039317
f5d6adc4-17ca-40f1-bd06-446132160a2c,5,g0RPTY,2020-11-20,2020,11,Friday,1,3.5,
5c57a2f0-e503-4442-ab97-ca91bae9bed4,5,9FFwEf,2020-11-20,2020,11,Friday,2,7.0,
ba014876-0588-4436-8f9c-58ad9afae3d1,5,XkiZ9D,2020-11-20,2020,11,Friday,3,10.5,
5f179daf-f628-495f-99e2-20448ecb0435,5,g0RPTY,2020-11-20,2020,11,Friday,2,7.0,
f85ee4da-f18e-4718-ae11-3a84f42b0ab9,5,LRN0uO,2020-11-20,2020,11,Friday,3,10.5,
e27ab570-7b83-4c1f-955d-cdbdbaf9d301,5,TwErrn,2020-11-20,2020,11,Friday,1,3.5,
993d3d2a-6651-4ca2-aa08-e8d02ef32b99,5,QIb1Te,2020-11-21,2020,11,Saturday,2,7.0,
566ab6cf-8fa0-49fd-bfad-5a4fddeb1b43,5,8CnCaM,2020-11-21,2020,11,Saturday,2,7.0,
e51ca4ba-3941-454f-adaf-7061606e9046,5,Xd4sZA,2020-11-21,2020,11,Saturday,2,7.0,f79bfce9-1290-4719-b9e9-508a3d47d1ed
d88d4a18-9d74-4523-a926-f634aad112dc,5,QIb1Te,2020-11-21,2020,11,Saturday,2,7.0,
91f66e40-d2d2-4e1f-a47f-c884fb5b4bb6,5,RZZSxq,2020-11-21,2020,11,Saturday,1,3.5,430ecc3b-25ca-412a-b2c3-824cbb15071b
aa8f9a81-61e6-4a2c-a0db-b59640a2d450,5,pCjr1R,2020-11-21,2020,11,Saturday,3,10.5,
cf14604d-34d7-423a-b5eb-ff89945d7af4,5,V9hDyY,2020-11-21,2020,11,Saturday,2,7.0,9677d29a-fc88-4d6a-8bab-36706e66ffd3
b69154c1-0f4f-4680-9e8f-e8685b577f77,5,HHY1ds,2020-11-21,2020,11,Saturday,2,7.0,6c33cfca-8bdf-4045-ba5f-3f01b6e2c51a
46e2d598-348c-4bc7-9d95-4a9c1a4d2ede,5,XkiZ9D,2020-11-21,2020,11,Saturday,2,7.0,
badb1c14-8f67-49b0-a5ce-e4dbb9462bbc,5,QIb1Te,2020-11-21,2020,11,Saturday,2,7.0,
60300d22-9949-4049-afcd-8d1440a0ebc7,5,K8gkI8,2020-11-21,2020,11,Saturday,2,7.0,
36e19375-2e85-4106-a981-4cf959c1ae6e,5,YnyFQq,2020-11-21,2020,11,Saturday,3,10.5,
79b43c13-9e05-4611-a182-7c7521862223,5,J4fMRf,2020-11-21,2020,11,Saturday,1,3.5,
5700b1c9-9ff6-4691-bca0-58a772307c13,5,fvBBXY,2020-11-21,2020,11,Saturday,2,7.0,
384c030a-5d43-43c5-9769-6885d8baa11c,5,g0RPTY,2020-11-21,2020,11,Saturday,3,10.5,8185202b-4706-452d-a20e-8f44bc4804d4
f4ead4c6-bfa1-4d96-8c20-20f6ec3b0677,5,pCjr1R,2020-11-21,2020,11,Saturday,2,7.0,f458a543-dfd7-404c-a8c1-6c63aea441da
8dd6b0cc-40c2-4d63-91a6-6fa1f9092d97,5,pCjr1R,2020-11-21,2020,11,Saturday,2,7.0,4b4fef43-ff1a-4ed6-bbd4-00d9a0102340
029395ed-20f6-4ddf-bde4-4b7a92f96eb0,5,8CnCaM,2020-11-21,2020,11,Saturday,3,10.5,
07cec8d3-30c9-4f45-899f-ca7450b8e976,5,K8gkI8,2020-11-21,2020,11,Saturday,2,7.0,
2490c4a3-a202-4ebf-b8c0-04f9d255618c,5,IWoDZ7,2020-11-21,2020,11,Saturday,2,7.0,10a27af3-5860-4743-bc01-36bb4309f16c
48ae3a19-f026-474e-a4c8-a5c1c3f7852f,5,pCjr1R,2020-11-21,2020,11,Saturday,1,3.5,
9aa712eb-4b41-468b-81c4-aadffadbad7d,5,9FFwEf,2020-11-21,2020,11,Saturday,2,7.0,
e6e1623d-76cc-4d65-a0fd-6054a5d97672,5,iYvFyn,2020-11-21,2020,11,Saturday,1,3.5,b0dffef8-7809-410f-b710-1931a00176b4
b4a4501f-a631-4066-ad50-a46e105f802f,5,8CnCaM,2020-11-21,2020,11,Saturday,2,7.0,
729188ee-458a-424c-8968-6aa79e1cfbbf,5,K8gkI8,2020-11-21,2020,11,Saturday,3,10.5,41875687-b3a0-4ca3-88b9-107ab9e2dc96
7dcfeab1-511b-46dd-9056-9a72aee0b770,5,8CnCaM,2020-11-21,2020,11,Saturday,3,10.5,
7d77c9c9-e578-4ba9-afa0-949c4f3fedd8,5,pCjr1R,2020-11-21,2020,11,Saturday,2,7.0,
6e283f88-6cf9-4a02-b284-4316ab23f7c0,5,LRN0uO,2020-11-21,2020,11,Saturday,3,10.5,
a243dc0b-6e92-4c23-b4df-5262ad21acff,5,pCjr1R,2020-11-21,2020,11,Saturday,1,3.5,
6804e89b-2b1d-4ac7-8502-0c030077678f,5,V9hDyY,2020-11-21,2020,11,Saturday,1,3.5,
2cc44fef-4fee-4416-b13c-a54b38ccee69,5,iYvFyn,2020-11-21,2020,11,Saturday,1,3.5,
9e8e06d5-cc1f-4a28-ac9e-6e1369b1a8ff,5,YnyFQq,2020-11-21,2020,11,Saturday,2,7.0,
259ac5dd-a1ed-4f01-a4c4-fe5fc41c9393,5,HHY1ds,2020-11-21,2020,11,Saturday,3,10.5,
9ba7879c-af3c-40f1-af4a-b74be6bb70a0,5,HHY1ds,2020-11-21,2020,11,Saturday,1,3.5,
8e1a29d1-7b47-482e-be54-211eafd7c5d8,5,TwErrn,2020-11-21,2020,11,Saturday,2,7.0,
ec4068e0-3359-4f8f-84d4-5b50989df0c4,5,TwErrn,2020-11-21,2020,11,Saturday,2,7.0,
d865b25b-3c1f-4173-bb03-c21aff6a1b7c,5,LRN0uO,2020-11-21,2020,11,Saturday,3,10.5,
d371e7eb-d722-4649-8468-32b9e620fe30,5,QIb1Te,2020-11-21,2020,11,Saturday,2,7.0,e7d9c1e6-2d06-4f07-938c-6977397f3e26
049956d5-eecb-4a5f-a3a1-26cb3289bcf2,5,QIb1Te,2020-11-21,2020,11,Saturday,2,7.0,
16e32f6a-24ac-4138-b8c3-1c19b6e86367,5,iYvFyn,2020-11-21,2020,11,Saturday,1,3.5,
5e72622f-b667-4eb0-b8c2-a57f20ec34e2,5,IWoDZ7,2020-11-21,2020,11,Saturday,1,3.5,
d321abf9-9db6-493e-b897-f67c15b89214,5,pCjr1R,2020-11-21,2020,11,Saturday,2,7.0,
fd1ac175-1c41-403f-9676-c5dcbc01320e,5,8CnCaM,2020-11-21,2020,11,Saturday,1,3.5,4a6e53fc-c312-4986-81b1-f2e2fc3a5097
a2e757ac-fa21-4a39-b8d0-87c3498ab787,5,J4fMRf,2020-11-21,2020,11,Saturday,2,7.0,
0319bbd3-9386-4f3d-a230-91e005f90545,5,pCjr1R,2020-11-21,2020,11,Saturday,2,7.0,
ecf2bdd0-4d1a-4ac9-98a9-0ac8d3a71db2,5,LRN0uO,2020-11-21,2020,11,Saturday,2,7.0,
d2a09a9f-8df3-450b-9f59-e69a721d50ba,5,iYvFyn,2020-11-21,2020,11,Saturday,2,7.0,
663f8cc7-00cb-42a4-be13-cda0ba807e68,5,HHY1ds,2020-11-21,2020,11,Saturday,3,10.5,
bc70a841-3c44-4d58-8e87-1e297638e03d,5,1X3p2H,2020-11-21,2020,11,Saturday,1,3.5,d691a8b9-ef7a-4ab1-9297-daca6d0cb381
bd433c9a-0ec3-4826-bf4c-a422da77224b,5,YnyFQq,2020-11-21,2020,11,Saturday,3,10.5,
227dc428-8e9b-49e5-8703-b9425646e0c6,5,AcIRu7,2020-11-21,2020,11,Saturday,3,10.5,
233ff3c0-ed95-4f7d-8aef-0e44916ff29d,5,XkiZ9D,2020-11-21,2020,11,Saturday,1,3.5,
2e3d77d0-86fb-4fc1-94d6-a3338118520e,5,LRN0uO,2020-11-21,2020,11,Saturday,2,7.0,
21839eba-133f-4535-8b1d-089bd4136706,5,1X3p2H,2020-11-21,2020,11,Saturday,2,7.0,68effe8f-4917-4e28-8c34-a16030a48045
c368e6b1-5431-4928-b806-a2fb893ffd33,5,fvBBXY,2020-11-21,2020,11,Saturday,3,10.5,
ddf2c2b1-c0a6-4acd-9710-c3b36c13c5f6,5,LRN0uO,2020-11-21,2020,11,Saturday,2,7.0,9d4f62c7-e2cc-462b-8dec-5fbc785f2ff0
92830418-a5f3-4c9a-932a-d140ce0884c7,5,1X3p2H,2020-11-21,2020,11,Saturday,2,7.0,2e41a9a8-d523-470f-ac7f-15b32ab7644b
c5ef7568-9753-4173-ae28-f454f9ec0445,5,J4fMRf,2020-11-21,2020,11,Saturday,3,10.5,
ffc06e27-57ad-418b-b1be-739ee03a5375,5,IWoDZ7,2020-11-21,2020,11,Saturday,1,3.5,
14cb5a3a-dea1-428e-95ee-d5af92d44ffc,5,pCjr1R,2020-11-21,2020,11,Saturday,2,7.0,
9de691ae-7bf0-4403-844a-a20eafd7e0d9,5,9FFwEf,2020-11-21,2020,11,Saturday,3,10.5,9a159fc2-25f6-4568-9170-6699d347fb53
b9992605-5668-469b-80ab-eee1b71b65fb,5,HHY1ds,2020-11-22,2020,11,Sunday,2,7.0,23e315e0-4a0c-4db3-a8ca-815b1c38abf3
34f1ed6a-8540-4461-9c90-ca6911f8f403,5,K8gkI8,2020-11-22,2020,11,Sunday,2,7.0,
2e683f27-e75e-4cc1-a98b-471b8fccc302,5,YnyFQq,2020-11-22,2020,11,Sunday,1,3.5,dafd8819-1bf8-40d0-b829-149ab59dea42
76b77b58-6218-4b30-b702-8ddef65232ed,5,g0RPTY,2020-11-22,2020,11,Sunday,3,10.5,
4c7c59b5-155a-4edb-b72d-3e64230ff0c1,5,AcIRu7,2020-11-22,2020,11,Sunday,2,7.0,
cef7efb9-4705-4343-896f-063b826883cc,5,Xd4sZA,2020-11-22,2020,11,Sunday,1,3.5,
ee3ca0b6-41c4-4846-944a-e5aea78ca325,5,1X3p2H,2020-11-22,2020,11,Sunday,3,10.5,
832c48bd-9de0-48d2-b0f3-fc5a7e178a4b,5,iYvFyn,2020-11-22,2020,11,Sunday,3,10.5,5fa7bb53-d703-44d7-90ab-8b51f348afe7
33f0f9df-77d0-4d30-8c31-66d7ca9f6bea,5,1X3p2H,2020-11-22,2020,11,Sunday,1,3.5,f19432c4-4df4-4e45-97d6-8fd7772aecee
b4948d4d-4e88-4b49-8315-b8e9f99a85ef,5,LRN0uO,2020-11-22,2020,11,Sunday,2,7.0,4f955eb4-4f2a-4ec9-ab9c-5e507778a689
3e937a16-2dce-400a-9877-dc41ac2f3f1e,5,8CnCaM,2020-11-22,2020,11,Sunday,3,10.5,8d06dd34-a8bc-4e75-905b-38447644819e
337a8c03-5ded-4258-8612-78d9ffcfe90b,5,QIb1Te,2020-11-22,2020,11,Sunday,2,7.0,33311a72-1547-4961-8674-78123e619fbb
5e4d3cb7-012b-405f-a297-b6bf10101ae0,5,Xd4sZA,2020-11-22,2020,11,Sunday,1,3.5,
989487b6-400a-45fe-9483-415be0caf943,5,K8gkI8,2020-11-22,2020,11,Sunday,2,7.0,
76f700f5-5609-41f0-ac92-64dae24b5698,5,IWoDZ7,2020-11-22,2020,11,Sunday,2,7.0,
a48eb7cd-143d-4d56-8857-871d025a2307,5,g0RPTY,2020-11-22,2020,11,Sunday,2,7.0,
405e01b4-d437-42c9-a378-5056f450b093,5,iYvFyn,2020-11-22,2020,11,Sunday,1,3.5,
a089ba29-5698-46a7-82ca-e5762a9f957b,5,AcIRu7,2020-11-22,2020,11,Sunday,2,7.0,
5a8b1944-e905-4abe-96dc-52e36df7509b,5,Xd4sZA,2020-11-22,2020,11,Sunday,1,3.5,cfc813e7-80a1-41bf-8ef0-3587c731fdc7
8e1c1281-9d67-4454-bd0a-32f73347a754,5,9FFwEf,2020-11-22,2020,11,Sunday,1,3.5,
944295ab-279b-4649-9c92-6655dcf72957,5,8CnCaM,2020-11-22,2020,11,Sunday,1,3.5,
00d8e692-8676-4dd9-8677-bc8f8c297e60,5,iYvFyn,2020-11-22,2020,11,Sunday,2,7.0,
08369238-1ddd-452d-b43f-96fe029bd372,5,1X3p2H,2020-11-22,2020,11,Sunday,2,7.0,
be5865ae-7976-4575-b634-546fb25dd7bd,5,QIb1Te,2020-11-22,2020,11,Sunday,2,7.0,
622d0beb-44e2-407b-bc75-9baf50a96b69,5,Xd4sZA,2020-11-22,2020,11,Sunday,3,10.5,
5a7dfe10-cbe7-4d1e-9995-8ca5a1fa235f,5,fvBBXY,2020-11-22,2020,11,Sunday,3,10.5,93ddf9fc-121e-4d09-8584-34fa47d7e25f
8d751ec0-ee6c-498a-8125-7e89cc78caf7,5,LRN0uO,2020-11-22,2020,11,Sunday,3,10.5,
748792f7-67ce-4163-93a3-85651a5008dd,5,TwErrn,2020-11-22,2020,11,Sunday,3,10.5,
f8d3363d-6077-4e76-8841-ec2d418e4b84,5,XkiZ9D,2020-11-22,2020,11,Sunday,1,3.5,
bc7ca773-cfc1-4f99-8177-ef0eb523daf1,5,LRN0uO,2020-11-22,2020,11,Sunday,1,3.5,
8e7241da-172a-4107-b739-9e0b46b1153b,5,XkiZ9D,2020-11-22,2020,11,Sunday,2,7.0,
fdc86ec1-7c74-4569-b26e-04a172809899,5,IWoDZ7,2020-11-22,2020,11,Sunday,1,3.5,3b509243-8181-49d2-9250-2d0ccb8461c3
f85ad64d-c925-4e4b-ad20-b5eb3ca653f7,5,9FFwEf,2020-11-22,2020,11,Sunday,3,10.5,
ac1876b1-fffe-4698-82e1-e107e8b7aa7a,5,LRN0uO,2020-11-22,2020,11,Sunday,1,3.5,
8c43df80-ff3c-4a18-aacb-6c28c5c63dac,5,QIb1Te,2020-11-22,2020,11,Sunday,1,3.5,
59fcd929-e48d-4fd1-a485-c442701fcb9f,5,1X3p2H,2020-11-22,2020,11,Sunday,2,7.0,
54b2280c-e72d-489a-8594-1974a4f32e29,5,RZZSxq,2020-11-22,2020,11,Sunday,2,7.0,68effe8f-4917-4e28-8c34-a16030a48045
75b08379-50e2-4674-a69d-f072a3e59fa9,5,IWoDZ7,2020-11-22,2020,11,Sunday,2,7.0,587f8f67-e282-4753-9f22-fc4e9ecd7990
c621d8fe-1fb0-4a89-b581-35d4f1f6904a,5,XkiZ9D,2020-11-22,2020,11,Sunday,1,3.5,
65ffccb6-9b4a-4d4f-ab25-3e6c17165e2a,5,fvBBXY,2020-11-22,2020,11,Sunday,3,10.5,
0420892a-7298-4a72-8b50-c95bb587b329,5,HHY1ds,2020-11-22,2020,11,Sunday,1,3.5,
c8c8dd9b-3326-436a-8124-9af10c8621bc,5,8CnCaM,2020-11-22,2020,11,Sunday,2,7.0,
f537a0f2-197d-4653-8944-00077099f96a,5,TwErrn,2020-11-22,2020,11,Sunday,3,10.5,
21c84608-ad67-47e3-b715-3e75b5f74100,5,HHY1ds,2020-11-22,2020,11,Sunday,1,3.5,32c77228-8890-42e9-9c1c-ff9dbdbe0572
6334a707-ba95-42ae-920d-831d5ead2353,5,QIb1Te,2020-11-22,2020,11,Sunday,2,7.0,f52acfa1-c82c-4d44-8ec1-4ab2337c0502
f8c45389-4911-4cb2-a243-7f04b8a116ef,5,pCjr1R,2020-11-22,2020,11,Sunday,2,7.0,
9bcd7c21-c657-4cbf-8a73-78a75a9e4c58,5,9FFwEf,2020-11-22,2020,11,Sunday,2,7.0,
13692a53-0c83-4783-85b6-b60fddb7e8cb,5,AcIRu7,2020-11-22,2020,11,Sunday,2,7.0,
7789967b-82b8-4a7c-a346-64cdbe83e47e,5,Xd4sZA,2020-11-22,2020,11,Sunday,1,3.5,caeb4e50-b7a8-4420-8760-d7cf4b570420
c6b8bf4b-4025-47b1-93df-8914f263f70c,5,QIb1Te,2020-11-22,2020,11,Sunday,1,3.5,
f602c0fe-e051-4c65-9331-94fbcec4b2cf,5,iYvFyn,2020-11-22,2020,11,Sunday,2,7.0,
b1efafb2-b342-4aea-b05a-45de3853b9d9,5,fvBBXY,2020-11-22,2020,11,Sunday,2,7.0,37cb3497-7618-4714-9354-68713e894f1b
d3f10154-84d1-461b-a309-84c9794c6f3a,5,pCjr1R,2020-11-22,2020,11,Sunday,1,3.5,
06dfa5b3-4951-4aa3-bbdc-cc42e9969151,5,RZZSxq,2020-11-22,2020,11,Sunday,2,7.0,6d695221-8bcc-4965-8172-8b4b283b54b5
20db080f-3abc-493e-b730-60d2e68e0cea,5,J4fMRf,2020-11-22,2020,11,Sunday,2,7.0,3a2aa1d7-afcd-4437-9fec-1d7cda3faf1b
d16e6043-4228-4ed4-b44f-6c27c41c6a41,5,iYvFyn,2020-11-22,2020,11,Sunday,2,7.0,
261251ba-8c43-4eb1-b6cf-048e1f2d894d,5,fvBBXY,2020-11-22,2020,11,Sunday,2,7.0,
a6ef757f-51d4-4ef6-bab4-47064285b048,5,TwErrn,2020-11-22,2020,11,Sunday,1,3.5,fb13695f-1e57-447f-b970-23f48ea3494f
5cf7b1c4-4ffc-430b-a21a-edd78f3ec974,5,XkiZ9D,2020-11-22,2020,11,Sunday,1,3.5,097df1c8-9bca-4004-aeb6-cff30894909e
371b9397-636c-4376-93db-6c6b08d1826b,5,8CnCaM,2020-11-22,2020,11,Sunday,3,10.5,
7410efee-5369-49a6-bbea-98f22500aff4,5,XkiZ9D,2020-11-22,2020,11,Sunday,2,7.0,
7879e4d7-7434-4b60-b0e9-7b2ca614b3a1,5,J4fMRf,2020-11-22,2020,11,Sunday,2,7.0,
147f3a67-e235-46e6-99ba-7bd6eb17f672,5,iYvFyn,2020-11-22,2020,11,Sunday,1,3.5,
a9950a6a-9865-4a47-8bc2-8c2a02981668,5,XkiZ9D,2020-11-22,2020,11,Sunday,1,3.5,
7aa13c48-6308-4941-9773-22086d2c32ac,5,AcIRu7,2020-11-22,2020,11,Sunday,2,7.0,
cd9f5e90-021d-4d3e-9374-db26ce8870cb,5,AcIRu7,2020-11-22,2020,11,Sunday,2,7.0,
9133cc60-34f2-4d84-a192-e4667207f797,5,V9hDyY,2020-11-23,2020,11,Monday,2,7.0,
26e226ad-f747-4bfb-adcb-dba7ca81b89d,5,9FFwEf,2020-11-23,2020,11,Monday,1,3.5,
9995c9b3-6525-43d3-83c4-4d40712da1ae,5,QIb1Te,2020-11-23,2020,11,Monday,2,7.0,
495fe450-0dc3-4036-a035-672a5b35ee1e,5,9FFwEf,2020-11-23,2020,11,Monday,1,3.5,48cabfc7-384a-4e63-965c-31995d58be55
b782bb8a-d9b9-461c-b081-4b52b4b86343,5,9FFwEf,2020-11-23,2020,11,Monday,3,10.5,
c89410f1-a55e-423b-8715-976bdd700838,5,AcIRu7,2020-11-23,2020,11,Monday,1,3.5,
413b282f-f946-496b-913f-a5bec9ef0f41,5,1X3p2H,2020-11-23,2020,11,Monday,3,10.5,
1c91b746-83e3-4810-a874-fdeddeda75d2,5,9FFwEf,2020-11-23,2020,11,Monday,1,3.5,bcfec33d-0719-4c6a-b619-b4c6ae5fa8b0
a9b0ee1d-4fa4-4127-880f-2815692bcb5e,5,K8gkI8,2020-11-23,2020,11,Monday,2,7.0,
2693be15-ae73-4382-ab4e-b916c31dac1b,5,iYvFyn,2020-11-23,2020,11,Monday,3,10.5,32ad9ccc-601f-45a6-bfaf-47ca2008fd7f
535ce6ac-d7a6-479b-969f-71be163b2bed,5,J4fMRf,2020-11-23,2020,11,Monday,3,10.5,
ff253adc-277f-4c3e-b6df-4f5375f095c2,5,pCjr1R,2020-11-23,2020,11,Monday,2,7.0,
39794d3c-a400-4a2b-b0dd-bdce7be64d09,5,IWoDZ7,2020-11-23,2020,11,Monday,2,7.0,bd50a55d-4742-4b83-bc7c-8abd95c8f86e
ba6b8236-748e-452d-bc18-31a8df4d693c,5,8CnCaM,2020-11-23,2020,11,Monday,1,3.5,
628c2721-ec25-4997-a5e0-8216a4f769b4,5,XkiZ9D,2020-11-23,2020,11,Monday,2,7.0,
5fa3c7fa-083d-4bc7-9af6-3ae812ad1a8a,5,K8gkI8,2020-11-23,2020,11,Monday,3,10.5,
e547f873-0e21-481a-aa9f-c06a663d2b91,5,AcIRu7,2020-11-23,2020,11,Monday,2,7.0,
3899d5d8-1657-44f9-b022-4b06cbfc5985,5,9FFwEf,2020-11-23,2020,11,Monday,2,7.0,5b131659-3019-4235-82e0-98adbc84a35c
4b82f1a9-1a1d-41b3-bb6d-ef23c70512bb,5,Xd4sZA,2020-11-23,2020,11,Monday,1,3.5,4aefd4c5-e273-47fa-aeeb-0feb7c28c166
e7efaffe-7ef6-46fc-81ae-78492175648e,5,g0RPTY,2020-11-23,2020,11,Monday,2,7.0,78079efc-e49c-4037-abea-abb0308b295e
3d983131-7c39-4866-8974-ff6e797b6b4d,5,LRN0uO,2020-11-23,2020,11,Monday,1,3.5,
38d5c5e2-c490-4859-a8b4-62028892a027,5,Xd4sZA,2020-11-23,2020,11,Monday,1,3.5,4a7bf947-f675-4f67-a4f7-da66b1a32be1
500f1de4-9416-42aa-9947-552b197dc2c8,5,1X3p2H,2020-11-23,2020,11,Monday,1,3.5,
dc270c4f-8a92-40df-9374-a032cc7a2a55,5,AcIRu7,2020-11-23,2020,11,Monday,2,7.0,
82ddddc5-6f16-4b8f-9b5e-e81c714da5e3,5,IWoDZ7,2020-11-23,2020,11,Monday,3,10.5,
a321e67a-e197-4b51-9ef2-bae7af939c2c,5,fvBBXY,2020-11-23,2020,11,Monday,3,10.5,
6b7d05ba-298f-4114-b812-601abbab43a0,5,g0RPTY,2020-11-23,2020,11,Monday,1,3.5,
ef6f529f-1bac-4db1-b3d8-7ca4cfe42a44,5,HHY1ds,2020-11-23,2020,11,Monday,2,7.0,
ed25afb0-be21-4781-889e-e3d155d98506,5,AcIRu7,2020-11-23,2020,11,Monday,3,10.5,51720aaf-c319-496d-91af-e557605a83b9
f4480fba-2d44-454b-aa74-045d9356bc31,5,IWoDZ7,2020-11-23,2020,11,Monday,2,7.0,
3c904267-e8a1-4c30-8b5b-3ff4ab86ac85,5,K8gkI8,2020-11-23,2020,11,Monday,3,10.5,8c105e64-6e97-44dd-aad9-f202fc3d635b
313160db-6424-44d3-bd02-da4f78a11668,5,g0RPTY,2020-11-23,2020,11,Monday,2,7.0,
df4c81a1-ff40-4a0a-92c2-46ffcb2519ae,5,Xd4sZA,2020-11-23,2020,11,Monday,1,3.5,
d5f03c56-d7d8-438e-b36d-2654181bcdf9,5,K8gkI8,2020-11-23,2020,11,Monday,2,7.0,1e50503a-5e78-4555-93d3-9a7d0fcbfa20
aa07d9a1-42fa-4ffd-bab4-4f2cc3b42a2d,5,IWoDZ7,2020-11-23,2020,11,Monday,2,7.0,
c0e8293c-2a39-464c-8b66-04102bd5cffc,5,g0RPTY,2020-11-23,2020,11,Monday,2,7.0,
0fd9068a-1a38-483d-8009-0faccb8b6e88,5,V9hDyY,2020-11-23,2020,11,Monday,2,7.0,6602f38b-51f4-4597-978d-088936a2f80a
89af0feb-dcd1-42b3-ade2-9fb35e8f37c5,5,AcIRu7,2020-11-23,2020,11,Monday,1,3.5,
ea8ff5be-b76f-42fc-92f8-eb932d6316d3,5,fvBBXY,2020-11-23,2020,11,Monday,3,10.5,
608d9fa6-5777-4e15-a503-d2ee34782b0a,5,HHY1ds,2020-11-23,2020,11,Monday,1,3.5,068fe63d-3ac8-4b1d-94cc-d8f6cf8185f6
095a001c-ea95-49bb-a44f-81989027274e,5,HHY1ds,2020-11-23,2020,11,Monday,1,3.5,
f7b3e8da-1eae-4785-adea-6e966d6cb3ec,5,HHY1ds,2020-11-23,2020,11,Monday,2,7.0,797891e3-c60d-407b-8bb3-70304ffd1970
b12fe341-9bad-4555-9698-1ea6ce502393,5,AcIRu7,2020-11-23,2020,11,Monday,2,7.0,
9c259282-58ba-4f7a-b1f3-b1b4ff2b7fed,5,pCjr1R,2020-11-23,2020,11,Monday,2,7.0,
a91ed8bd-10ba-4986-86ba-bdaff7d916e6,5,fvBBXY,2020-11-23,2020,11,Monday,2,7.0,d084d4eb-9978-464e-8ef6-fad8f8e9536f
fad63728-5446-42b2-b0b4-6a60e56d69a5,5,LRN0uO,2020-11-23,2020,11,Monday,1,3.5,
94f8d12c-45e4-4f86-8300-2a83c3ae35b9,5,iYvFyn,2020-11-23,2020,11,Monday,2,7.0,
e16229ed-c05d-456e-9ee3-dfe4c129b9ab,5,iYvFyn,2020-11-23,2020,11,Monday,3,10.5,585ae186-7664-4f6d-a1d8-621d0b33a57c
481b90b9-b93f-4b91-b0e4-46f355173344,5,QIb1Te,2020-11-23,2020,11,Monday,1,3.5,
de0dc8cb-ad6d-41b7-8f5e-07ace7e9937b,5,HHY1ds,2020-11-23,2020,11,Monday,1,3.5,
620b1947-7724-4975-bbde-9bd268c1c3ac,5,TwErrn,2020-11-23,2020,11,Monday,1,3.5,6416e346-698c-4251-8c25-4585f5053c7b
80302917-6d42-4958-bb2f-e43a596cfadc,5,Xd4sZA,2020-11-23,2020,11,Monday,3,10.5,
9f45c229-3f9f-49a6-8d67-039edb1b8c11,5,Xd4sZA,2020-11-23,2020,11,Monday,2,7.0,
8017414b-e7a1-46ad-a71a-09c310105ba8,5,HHY1ds,2020-11-23,2020,11,Monday,1,3.5,
a09dbe80-42ea-4122-bc7a-f46a67ff12e5,5,XkiZ9D,2020-11-23,2020,11,Monday,1,3.5,
46341c51-1cd9-41b4-be0d-792a44231a02,5,fvBBXY,2020-11-23,2020,11,Monday,1,3.5,
43a10609-14ee-4c93-827c-f3cd26261ab0,5,AcIRu7,2020-11-23,2020,11,Monday,1,3.5,
0676420c-4dce-4d07-8631-4437ab36cef6,5,fvBBXY,2020-11-23,2020,11,Monday,1,3.5,
21313adc-1740-4c26-a854-3bbdef071f73,5,9FFwEf,2020-11-23,2020,11,Monday,2,7.0,7c54fc75-a47c-4c5f-94e1-e3fed5fa79a3
a57ceff1-d7f9-4cd8-8374-692b33ad27cd,5,9FFwEf,2020-11-23,2020,11,Monday,1,3.5,
9025e712-5cc1-4d39-afd3-4dceafe49e88,5,9FFwEf,2020-11-23,2020,11,Monday,3,10.5,
4ae92fa2-c467-4f8b-b60c-986881d3ae12,5,iYvFyn,2020-11-23,2020,11,Monday,1,3.5,b7be8719-d7cc-4c06-8bf6-d5bd0cc7df37
a8c81f64-e8a0-40de-9791-877c95749f5c,5,AcIRu7,2020-11-23,2020,11,Monday,2,7.0,
2456a160-d41f-4bd0-8736-bf8088d6cb97,5,IWoDZ7,2020-11-23,2020,11,Monday,2,7.0,
d985b559-0a8a-461b-838f-55c516a5e2a2,5,LRN0uO,2020-11-23,2020,11,Monday,3,10.5,c9df808c-b9d7-4435-85c7-3e37d8b5016f
29eca728-420d-4684-aa7a-a11ffa619576,5,g0RPTY,2020-11-23,2020,11,Monday,1,3.5,
80c7339a-8ceb-4db1-85dc-2495afb97990,5,J4fMRf,2020-11-23,2020,11,Monday,1,3.5,
49dc1e0a-a58b-4619-b8cc-24eb46eaccbe,5,K8gkI8,2020-11-24,2020,11,Tuesday,2,7.0,
65b14ac4-c330-43ec-ad0c-49b96602440e,5,pCjr1R,2020-11-24,2020,11,Tuesday,3,10.5,ce585b6f-9a9f-4c6c-8d21-71cd50d7b91a
e1defa0a-7162-452b-a8d1-148c53c3fc6b,5,1X3p2H,2020-11-24,2020,11,Tuesday,3,10.5,
e01631e0-6589-4146-957d-7870fcb4f351,5,8CnCaM,2020-11-24,2020,11,Tuesday,3,10.5,823a9443-ac0d-4efb-95e7-8bdce014738f
592f70db-e4ff-485c-9a28-f4db0ea9ae9c,5,g0RPTY,2020-11-24,2020,11,Tuesday,2,7.0,
9137a317-638b-4521-bfbd-9e0ae39d5b57,5,J4fMRf,2020-11-24,2020,11,Tuesday,3,10.5,
1c6e6098-03df-479b-9da2-7ae51b870b57,5,8CnCaM,2020-11-24,2020,11,Tuesday,2,7.0,e0182375-f127-46d4-b152-07ffa4839271
7082661e-3146-4aab-8cf0-afbd9634a6b9,5,RZZSxq,2020-11-24,2020,11,Tuesday,2,7.0,
116b1d0c-8ec4-4060-a599-7d1ef91c74f2,5,Xd4sZA,2020-11-24,2020,11,Tuesday,1,3.5,
46073b88-e488-433a-9632-441919298901,5,9FFwEf,2020-11-24,2020,11,Tuesday,3,10.5,
75474f09-6220-4581-b226-7278710fc0a9,5,fvBBXY,2020-11-24,2020,11,Tuesday,3,10.5,
2d3b7f08-c897-4818-8920-4b0a000391a0,5,8CnCaM,2020-11-24,2020,11,Tuesday,3,10.5,
958118ce-e430-4ab7-b6ef-7c2fd44e2b63,5,QIb1Te,2020-11-24,2020,11,Tuesday,2,7.0,2a743fc8-b7e6-47e3-b5a3-b8ab806527d8
75ba9529-f5a4-4f8e-bb07-e86bb5a9e623,5,QIb1Te,2020-11-24,2020,11,Tuesday,1,3.5,
8f305e0f-70a1-4425-90d5-db830320813c,5,fvBBXY,2020-11-24,2020,11,Tuesday,1,3.5,
fcbebe4d-8f77-42d3-ba87-702c8c6f9cd1,5,Xd4sZA,2020-11-24,2020,11,Tuesday,2,7.0,9542576d-2df0-4707-bfa2-39de4ae1583d
0ceccb20-3827-4253-8003-ae9c07564bee,5,TwErrn,2020-11-24,2020,11,Tuesday,3,10.5,7961968c-c9f8-4bc6-8b99-129f2c18ae7f
0c4c777c-2c3e-4640-b8ce-74e1cb3f40fe,5,YnyFQq,2020-11-24,2020,11,Tuesday,2,7.0,
f92a9d87-2120-4e2e-b2c8-304f57937c38,5,iYvFyn,2020-11-24,2020,11,Tuesday,1,3.5,
76bc514f-e19d-47f1-936b-bd88dc47381f,5,J4fMRf,2020-11-24,2020,11,Tuesday,3,10.5,
b957366a-526d-4647-ba2c-3b3675aa1af7,5,g0RPTY,2020-11-24,2020,11,Tuesday,2,7.0,
cae785b7-af0a-40ce-ad94-b4213fa5dd8e,5,1X3p2H,2020-11-24,2020,11,Tuesday,2,7.0,
8683fa16-83d3-47ba-83e1-c9cc2e919d1e,5,8CnCaM,2020-11-24,2020,11,Tuesday,1,3.5,600266ac-5e18-4251-adaf-a059ac09e940
570b1afc-1b60-40c6-b618-87f8bdda3b60,5,AcIRu7,2020-11-24,2020,11,Tuesday,2,7.0,
b76c8886-5212-4b01-a6a0-a858729a4c02,5,TwErrn,2020-11-24,2020,11,Tuesday,3,10.5,
0df360a2-be63-45ba-9338-4b17ab2519da,5,IWoDZ7,2020-11-24,2020,11,Tuesday,3,10.5,
b0c0e10d-0ebf-4fd0-a4e1-fd6f1afa86d3,5,iYvFyn,2020-11-24,2020,11,Tuesday,3,10.5,
0da03c06-d2bd-47bc-b127-21ca02df93c9,5,K8gkI8,2020-11-24,2020,11,Tuesday,3,10.5,
53ae8377-16cb-4be6-9bb5-abe3d25fd0b4,5,pCjr1R,2020-11-24,2020,11,Tuesday,2,7.0,4f7ad782-f5f6-403e-b7c6-3588952b727a
366f3239-8850-4f83-8ac9-873c4bcfec63,5,RZZSxq,2020-11-24,2020,11,Tuesday,2,7.0,d691a8b9-ef7a-4ab1-9297-daca6d0cb381
dba1f1c9-7136-4815-9ec7-699a428e8a55,5,1X3p2H,2020-11-24,2020,11,Tuesday,2,7.0,
001c6eb5-9f35-4fc6-a043-efbac3ccca73,5,RZZSxq,2020-11-24,2020,11,Tuesday,2,7.0,618444df-1a60-43ae-bb24-698b38e7e786
5e0e824b-c880-4f04-8c4e-3d4be86f715b,5,RZZSxq,2020-11-24,2020,11,Tuesday,3,10.5,
d6661b8f-8f95-41f9-b304-ff623b8d1bce,5,YnyFQq,2020-11-24,2020,11,Tuesday,1,3.5,
3974ddc2-93bf-4ffc-8690-5d55626e1706,5,J4fMRf,2020-11-24,2020,11,Tuesday,2,7.0,4ee6b65e-1a08-4a35-816b-6a81194fe810
9cbb1099-da9f-4afe-9743-6eec83577524,5,RZZSxq,2020-11-24,2020,11,Tuesday,1,3.5,
bf1db7a6-4227-4452-96fd-21ee399715a3,5,LRN0uO,2020-11-24,2020,11,Tuesday,3,10.5,
7e169e78-4d83-4f50-b37b-09308e7f9a61,5,9FFwEf,2020-11-24,2020,11,Tuesday,3,10.5,511ed47d-4be3-4a52-b7e5-49c7703a7006
db972e05-97dd-4997-b1ae-01512a946761,5,AcIRu7,2020-11-24,2020,11,Tuesday,3,10.5,
6c0e2d54-bec2-4eef-a147-a5439dc968eb,5,J4fMRf,2020-11-24,2020,11,Tuesday,1,3.5,e93486f6-eb6e-4dcf-925f-1195070a4bdd
d1254b8a-46a1-42c0-aea3-40716acaf80f,5,iYvFyn,2020-11-24,2020,11,Tuesday,2,7.0,
109659f4-9cc8-46b0-b1fe-8c34ee72b8d0,5,LRN0uO,2020-11-24,2020,11,Tuesday,3,10.5,
dcf473ef-e3b0-45ae-a3e1-77369300e630,5,J4fMRf,2020-11-24,2020,11,Tuesday,2,7.0,88c4cf15-9d67-4ee0-b908-830633b31b31
9b7b8841-6592-4121-a041-d560f047976b,5,AcIRu7,2020-11-24,2020,11,Tuesday,1,3.5,fa972560-0f76-4cef-8f02-6f370e7a9544
e2e13a11-38e2-4994-8687-1fcc1f2a7d02,5,iYvFyn,2020-11-24,2020,11,Tuesday,1,3.5,
efdd1d93-5873-401d-8219-4bd3fb410265,5,8CnCaM,2020-11-24,2020,11,Tuesday,3,10.5,
cad8a4f9-f1ca-454a-ae8a-c3bd6c308505,5,J4fMRf,2020-11-24,2020,11,Tuesday,1,3.5,b66155ef-4cbf-4f68-ba34-10f986b42bad
40fd95e8-72dc-4a08-8baf-12c8422de031,5,K8gkI8,2020-11-24,2020,11,Tuesday,2,7.0,
0bddfd33-687e-42c7-adf1-bb2b8821d095,5,K8gkI8,2020-11-24,2020,11,Tuesday,2,7.0,
d5158ab4-b9ff-49d0-a35b-209ba1dcea49,5,IWoDZ7,2020-11-24,2020,11,Tuesday,2,7.0,8001fef8-78dd-4684-a5a1-d2cc89bd5d33
0ab1a3e3-d9a6-4154-b8ec-6b89fc4bdaf4,5,YnyFQq,2020-11-24,2020,11,Tuesday,2,7.0,
c36e3ce2-957a-4932-8078-9cdb685d9758,5,RZZSxq,2020-11-24,2020,11,Tuesday,1,3.5,e1d6f081-f72d-41e0-8d05-47f6df72b6de
ff54d04f-58ab-443f-8018-e3a8383a81f7,5,AcIRu7,2020-11-24,2020,11,Tuesday,3,10.5,
01560e93-c1a0-4013-9ac6-b2fe63f750e7,5,K8gkI8,2020-11-24,2020,11,Tuesday,2,7.0,2a743fc8-b7e6-47e3-b5a3-b8ab806527d8
a1e447dc-c138-4df5-a5f5-ae458a591f2c,5,9FFwEf,2020-11-24,2020,11,Tuesday,2,7.0,ef5b667b-f24f-418f-939e-2b18ac75abdc
7dfd9f36-4ddf-4af7-acdd-5365d4e7ff5b,5,YnyFQq,2020-11-24,2020,11,Tuesday,1,3.5,db3ca581-a59b-4044-a71b-6376bd7072ee
2d190f18-394f-45ed-ae91-27ef30dcce20,5,g0RPTY,2020-11-24,2020,11,Tuesday,2,7.0,
fc583595-12b1-4fb3-81a8-005a24ab2768,5,1X3p2H,2020-11-24,2020,11,Tuesday,1,3.5,
800572e5-b732-4c41-ace6-c1e6b5b0a469,5,YnyFQq,2020-11-24,2020,11,Tuesday,2,7.0,
28a5e6b4-f5ae-49f1-ad4f-9442d24681fb,5,pCjr1R,2020-11-24,2020,11,Tuesday,2,7.0,091fa45d-62fa-4533-9fc2-a2ca35a8db2a
6c86a475-0387-4f73-a111-f7b15382abd9,5,RZZSxq,2020-11-24,2020,11,Tuesday,2,7.0,
f06a2679-2d65-4e76-abab-590b413fcdd7,5,LRN0uO,2020-11-24,2020,11,Tuesday,2,7.0,1656b169-ab41-47ea-86ca-6529918933f1
fc2008fc-1756-4dc9-b315-da4efc09c971,5,g0RPTY,2020-11-24,2020,11,Tuesday,3,10.5,
58430549-7f93-4f67-b05e-f0c87c9b6d73,5,J4fMRf,2020-11-24,2020,11,Tuesday,2,7.0,
013fa0e7-fbed-4d63-b99f-0f6b9a2e5429,5,iYvFyn,2020-11-24,2020,11,Tuesday,2,7.0,
54182655-ce2b-4ebf-b163-2ba8fc031a59,5,pCjr1R,2020-11-24,2020,11,Tuesday,1,3.5,
20c608f1-93f7-4983-a306-86dacb58cf2b,5,K8gkI8,2020-11-25,2020,11,Wednesday,1,3.5,
c0ef0e27-f347-4e31-b37b-6fc71e1b654a,5,RZZSxq,2020-11-25,2020,11,Wednesday,2,7.0,511ed47d-4be3-4a52-b7e5-49c7703a7006
1df9c324-a74a-44c8-afe8-2e2e2a36f5a7,5,1X3p2H,2020-11-25,2020,11,Wednesday,2,7.0,
14f9199d-237f-47f0-9a77-3de1648765d3,5,YnyFQq,2020-11-25,2020,11,Wednesday,2,7.0,
923a1dfc-f105-4fa9-ba7f-83891443563d,5,K8gkI8,2020-11-25,2020,11,Wednesday,3,10.5,
45b21370-92cf-45af-a536-3888e9be5fc2,5,K8gkI8,2020-11-25,2020,11,Wednesday,3,10.5,
9994a324-5dea-4f76-9ad1-6fe76a268939,5,AcIRu7,2020-11-25,2020,11,Wednesday,2,7.0,9a159fc2-25f6-4568-9170-6699d347fb53
20113fba-f6ff-4cf5-876b-484ba1a5b620,5,TwErrn,2020-11-25,2020,11,Wednesday,3,10.5,
2e6f1d6e-20da-4e33-95d2-632c85bbacb5,5,fvBBXY,2020-11-25,2020,11,Wednesday,2,7.0,
40e78d26-1eed-44ee-b643-5a47be5f6ddf,5,QIb1Te,2020-11-25,2020,11,Wednesday,2,7.0,78cf43f3-f011-47ec-bf94-29999cdbd4d7
3f61c0e7-9a91-4723-a0b7-65a39135bbc3,5,IWoDZ7,2020-11-25,2020,11,Wednesday,3,10.5,
9b0565a8-4892-40e0-b331-9c9998dbc90b,5,fvBBXY,2020-11-25,2020,11,Wednesday,2,7.0,
d6ad49e3-db02-48b1-85e1-51d59fff416c,5,IWoDZ7,2020-11-25,2020,11,Wednesday,1,3.5,
0002678f-a9c0-4ab4-abf7-edf36f26ff16,5,iYvFyn,2020-11-25,2020,11,Wednesday,3,10.5,
303d9414-0a16-4698-b2a9-e6fa1a5fde0a,5,XkiZ9D,2020-11-25,2020,11,Wednesday,3,10.5,d691a8b9-ef7a-4ab1-9297-daca6d0cb381
5400f1a8-ef72-49fe-8f14-a542d4d538f5,5,TwErrn,2020-11-25,2020,11,Wednesday,1,3.5,1282a692-b60a-468c-9e92-bc6d71a056ed
cb038c82-ff04-4231-b0bc-35bb84808737,5,fvBBXY,2020-11-25,2020,11,Wednesday,2,7.0,
a10245aa-c155-4263-bb41-66778f2cc510,5,XkiZ9D,2020-11-25,2020,11,Wednesday,2,7.0,
3ca54416-2f9e-4b66-96e2-8692b2443f8f,5,IWoDZ7,2020-11-25,2020,11,Wednesday,3,10.5,
020f916e-185f-4561-b118-5083361a4729,5,AcIRu7,2020-11-25,2020,11,Wednesday,2,7.0,47dea8ae-0261-4a68-a357-76a7ed1e6d54
64d5f290-13e4-4050-9804-e372d7e30f33,5,9FFwEf,2020-11-25,2020,11,Wednesday,2,7.0,
dabc007f-a009-4724-bf82-7fde1b0e2784,5,Xd4sZA,2020-11-25,2020,11,Wednesday,2,7.0,
21952fb1-1697-4844-ae46-4801355b6ea8,5,1X3p2H,2020-11-25,2020,11,Wednesday,2,7.0,b7be8719-d7cc-4c06-8bf6-d5bd0cc7df37
015b5487-6551-4382-b5ad-8ff2f5a7452c,5,RZZSxq,2020-11-25,2020,11,Wednesday,2,7.0,
e04ed394-66f2-4bc9-9f20-3daee585656f,5,8CnCaM,2020-11-25,2020,11,Wednesday,2,7.0,
7e97798f-7f82-47f6-b5b0-fd1e043d03c8,5,TwErrn,2020-11-25,2020,11,Wednesday,2,7.0,
ad17dd36-023d-440b-b2e8-ae7c87b2c252,5,g0RPTY,2020-11-25,2020,11,Wednesday,2,7.0,
8e429890-662a-4e35-a531-0a449fbf434d,5,AcIRu7,2020-11-25,2020,11,Wednesday,3,10.5,
8db4bf0b-5e12-42a9-8570-a5b8c8c738dc,5,TwErrn,2020-11-25,2020,11,Wednesday,2,7.0,
a3f2220e-5fd1-416b-a3f9-72baa5fab966,5,iYvFyn,2020-11-25,2020,11,Wednesday,2,7.0,503cec84-9c67-4752-81c3-26a1276f91c9
13dda029-1adc-43d4-b253-9322b401a8b6,5,8CnCaM,2020-11-25,2020,11,Wednesday,3,10.5,
be50e0ec-abc1-4fcd-a4a7-b6e744396656,5,pCjr1R,2020-11-25,2020,11,Wednesday,3,10.5,
85612337-e380-4334-b71a-307a12261620,5,HHY1ds,2020-11-25,2020,11,Wednesday,3,10.5,
e97aea59-74cb-4cd9-b1da-5c7437493fee,5,1X3p2H,2020-11-25,2020,11,Wednesday,1,3.5,
d3c8f620-2779-458e-b086-ff5bb60849a7,5,9FFwEf,2020-11-25,2020,11,Wednesday,2,7.0,2f92640a-aa6d-4be1-a6d6-f8278b75aa6c
6e41c38d-db00-4fbf-9034-6eca2d895d06,5,IWoDZ7,2020-11-25,2020,11,Wednesday,2,7.0,
f7b4562b-59e1-4f71-94f7-1c2cee44e418,5,LRN0uO,2020-11-25,2020,11,Wednesday,1,3.5,
f4067207-7f37-4bdb-9c74-6106ca35f927,5,1X3p2H,2020-11-25,2020,11,Wednesday,1,3.5,
74037d00-3798-4f1a-b023-be2dab74664c,5,QIb1Te,2020-11-25,2020,11,Wednesday,2,7.0,41875687-b3a0-4ca3-88b9-107ab9e2dc96
06783741-ce42-4b08-bb58-5d3fed9e7653,5,pCjr1R,2020-11-25,2020,11,Wednesday,2,7.0,
587e72b9-233a-4821-baba-5892980f5055,5,1X3p2H,2020-11-25,2020,11,Wednesday,1,3.5,
e4ec5945-d3b9-4318-9dc3-110b7c061102,5,YnyFQq,2020-11-25,2020,11,Wednesday,2,7.0,
f3700a33-003f-47f6-bbab-0d417bbfa7c6,5,V9hDyY,2020-11-25,2020,11,Wednesday,2,7.0,
d1d835d4-957c-43cc-8be2-58362893e951,5,XkiZ9D,2020-11-25,2020,11,Wednesday,2,7.0,
46e64497-e627-442b-8a24-bef871b4b852,5,pCjr1R,2020-11-25,2020,11,Wednesday,2,7.0,3b8d6dd7-132d-4457-acc2-277888d24021
ad0478b4-f520-4f5d-8940-f924dadacd2f,5,HHY1ds,2020-11-25,2020,11,Wednesday,2,7.0,
22b48244-43db-4357-b9dc-e7931933d767,5,YnyFQq,2020-11-25,2020,11,Wednesday,2,7.0,
fe3409c7-04e4-4e31-8c62-af8c306b6f95,5,YnyFQq,2020-11-25,2020,11,Wednesday,3,10.5,
004cb70f-d048-45f9-a6c2-fba64552f26e,5,AcIRu7,2020-11-25,2020,11,Wednesday,2,7.0,
7bb87bf5-1d9a-4e22-a27d-ed0fbb272ff6,5,V9hDyY,2020-11-25,2020,11,Wednesday,2,7.0,2f92640a-aa6d-4be1-a6d6-f8278b75aa6c
6b56fc53-40fc-4bbc-8c91-c0f3e750d45c,5,RZZSxq,2020-11-25,2020,11,Wednesday,2,7.0,
ddc14359-e6fc-4115-a43e-3e5a3ad9b899,5,QIb1Te,2020-11-25,2020,11,Wednesday,2,7.0,4f955eb4-4f2a-4ec9-ab9c-5e507778a689
797f10bb-944f-4d6b-a464-4da29b3aa042,5,YnyFQq,2020-11-25,2020,11,Wednesday,2,7.0,b0eb35f7-0be6-441b-bc00-8a668dc64666
ad37d5ff-2fee-4ec9-b3f1-bbe78132b2fe,5,YnyFQq,2020-11-25,2020,11,Wednesday,1,3.5,
325a6153-f213-4a87-b6c1-3cf77a04c480,5,QIb1Te,2020-11-25,2020,11,Wednesday,2,7.0,
a81ca30c-7a68-4bf1-b2e7-87563cad31d5,5,iYvFyn,2020-11-25,2020,11,Wednesday,3,10.5,
314f5a27-f54c-4896-9c62-f5eb7c5e75d3,5,LRN0uO,2020-11-25,2020,11,Wednesday,2,7.0,62bdc5cf-1de2-438b-b406-35dedad24192
11bfc489-3362-4be1-8105-4c0a62909101,5,g0RPTY,2020-11-25,2020,11,Wednesday,3,10.5,
b4e9fc2e-986b-4255-a973-a28ae7ab2373,5,g0RPTY,2020-11-25,2020,11,Wednesday,2,7.0,b48b2c62-403d-472d-85e6-217bff89d1ee
d2e856f2-2a95-4227-aec3-9164d55bd310,5,YnyFQq,2020-11-25,2020,11,Wednesday,2,7.0,4f955eb4-4f2a-4ec9-ab9c-5e507778a689
d29449e1-79d8-43e3-a986-0bb54071e6a3,5,V9hDyY,2020-11-25,2020,11,Wednesday,3,10.5,
0a4a4869-9f44-494c-9d55-59e412a54632,5,IWoDZ7,2020-11-25,2020,11,Wednesday,3,10.5,
cbd7fc9f-25b8-443d-93dd-4c8b4f447522,5,K8gkI8,2020-11-25,2020,11,Wednesday,2,7.0,
15c0bd6d-b286-4efb-9069-4fc043cde443,5,J4fMRf,2020-11-26,2020,11,Thursday,2,7.0,
ed50bb15-8a9b-4f53-9156-ea64d9a8af08,5,HHY1ds,2020-11-26,2020,11,Thursday,3,10.5,
9a86ae85-6a9f-4688-a2ed-f1cecc36ff14,5,RZZSxq,2020-11-26,2020,11,Thursday,1,3.5,
0c35cdf8-d3a3-4c4f-8b2f-37a7df90ef91,5,LRN0uO,2020-11-26,2020,11,Thursday,3,10.5,
1e4b7fc4-088d-4619-82cf-b080bfd9b241,5,V9hDyY,2020-11-26,2020,11,Thursday,2,7.0,
c6cac672-288b-4020-9c9b-d937ce2532b3,5,K8gkI8,2020-11-26,2020,11,Thursday,2,7.0,d288b0c7-040d-49dd-816e-2d8d1cca429a
955cc36a-4e09-4868-9296-46502066bbef,5,pCjr1R,2020-11-26,2020,11,Thursday,2,7.0,9db5830f-36bd-4450-87bd-c754796a909e
9fb4a52c-0d04-4c8c-97c4-862bef63b493,5,RZZSxq,2020-11-26,2020,11,Thursday,2,7.0,
91678b35-45b3-4fe4-8dc0-36adaa7eae77,5,YnyFQq,2020-11-26,2020,11,Thursday,2,7.0,
52cb882a-9a2c-4119-9742-a07a9d4aabbb,5,8CnCaM,2020-11-26,2020,11,Thursday,2,7.0,98395614-ad13-47e3-82c0-999d618cd2a8
43669f42-00a4-4021-9432-4d84ce41f7b9,5,fvBBXY,2020-11-26,2020,11,Thursday,2,7.0,
69b3d787-38ae-4102-afe6-a24535a5bdde,5,TwErrn,2020-11-26,2020,11,Thursday,2,7.0,
bb922813-83df-4fba-86b2-d0596f486d93,5,g0RPTY,2020-11-26,2020,11,Thursday,2,7.0,
629e48b8-d77f-42f5-8397-435d866d446a,5,LRN0uO,2020-11-26,2020,11,Thursday,2,7.0,ea149788-2f86-4bd9-8df8-8f1e65a5237b
d2aa4a00-704a-4ca1-a174-90f5aeef75e6,5,1X3p2H,2020-11-26,2020,11,Thursday,2,7.0,
66ae18d5-d10b-4622-b884-74b3b9d089cf,5,J4fMRf,2020-11-26,2020,11,Thursday,2,7.0,
35b94485-1881-4dc3-a183-6c2744373939,5,iYvFyn,2020-11-26,2020,11,Thursday,1,3.5,
2f4cae8d-501e-4a82-a0da-88ecb8996f7d,5,J4fMRf,2020-11-26,2020,11,Thursday,1,3.5,
e8471e61-513f-4288-9b88-4cd752bc8942,5,Xd4sZA,2020-11-26,2020,11,Thursday,2,7.0,644b45e9-650a-45b4-8466-0021529cbb90
664c1618-d43b-4800-bde8-65d530610f92,5,HHY1ds,2020-11-26,2020,11,Thursday,2,7.0,77d1d3e9-23f2-4e1c-ab60-fb6427929461
a889c9db-8a50-464c-8654-ac0f83cadbe9,5,YnyFQq,2020-11-26,2020,11,Thursday,1,3.5,3b8d6dd7-132d-4457-acc2-277888d24021
aaf820bd-4c18-4e63-9d3a-51c70c53ebb2,5,pCjr1R,2020-11-26,2020,11,Thursday,1,3.5,5fa7bb53-d703-44d7-90ab-8b51f348afe7
2a0fa0ef-2de0-4e96-9aa7-ff1d178903f1,5,QIb1Te,2020-11-26,2020,11,Thursday,2,7.0,88c4cf15-9d67-4ee0-b908-830633b31b31
37b0caa9-05f3-48e5-b946-4f0eee2a3512,5,iYvFyn,2020-11-26,2020,11,Thursday,2,7.0,
257fad43-87df-40dc-9ce0-65277507c1c0,5,IWoDZ7,2020-11-26,2020,11,Thursday,3,10.5,d045403b-05fc-45af-ad57-8e04b52ef4e8
7b97698a-55f6-44ce-8028-e1073093bec9,5,9FFwEf,2020-11-26,2020,11,Thursday,1,3.5,618444df-1a60-43ae-bb24-698b38e7e786
d2cbd5ee-817f-4f2b-bc77-a10c51d65236,5,QIb1Te,2020-11-26,2020,11,Thursday,3,10.5,
13fa7422-bcad-4571-bb0d-10c8bf7a86c1,5,9FFwEf,2020-11-26,2020,11,Thursday,1,3.5,
2f65cb87-476b-4725-b835-dd647669cdcd,5,K8gkI8,2020-11-26,2020,11,Thursday,3,10.5,667d16d6-62b1-4f1e-a526-c985c59bf485
36f8e2fe-071c-4f87-8de3-ad2acccda3fe,5,iYvFyn,2020-11-26,2020,11,Thursday,1,3.5,
79b97307-60c2-490a-b2a1-d4b7c2164c32,5,fvBBXY,2020-11-26,2020,11,Thursday,2,7.0,
e4cb992f-dccb-40db-a414-4de589932d9c,5,8CnCaM,2020-11-26,2020,11,Thursday,2,7.0,96edd678-1a42-4d57-b41e-fabc2434d120
d9995540-7dd3-4502-9437-bab06fc8a14c,5,QIb1Te,2020-11-26,2020,11,Thursday,1,3.5,1ff01ffd-f197-493e-8a2b-0f85ac732dd6
557440df-20aa-4b78-93df-8158c0dcd122,5,XkiZ9D,2020-11-26,2020,11,Thursday,3,10.5,
c3380151-c225-4f91-bee6-d4e795da43a9,5,fvBBXY,2020-11-26,2020,11,Thursday,2,7.0,
dac4cb09-c6b4-4556-b9e9-bda1c4c624cf,5,K8gkI8,2020-11-26,2020,11,Thursday,1,3.5,
eab0dc42-65e1-4001-80ad-fa5370aeb0b8,5,iYvFyn,2020-11-26,2020,11,Thursday,1,3.5,
7f1e1800-be43-47ed-bfc4-da47b62dd6a7,5,iYvFyn,2020-11-26,2020,11,Thursday,2,7.0,
92bf7d97-8f72-44db-82fb-8c62a09d2f4d,5,1X3p2H,2020-11-26,2020,11,Thursday,1,3.5,
25457f8e-fb85-4663-b9ba-d3eb9205967f,5,LRN0uO,2020-11-26,2020,11,Thursday,3,10.5,
93d6b714-c303-4796-a7d6-69011b4fafe7,5,QIb1Te,2020-11-26,2020,11,Thursday,1,3.5,
2b594682-8c23-45b8-a87a-9b0e041b946d,5,IWoDZ7,2020-11-26,2020,11,Thursday,1,3.5,d581e5a3-f4e8-4826-b4e5-e22f0f1796cc
d124fa6e-d2ff-43b9-84b8-97d23a6f75cf,5,AcIRu7,2020-11-26,2020,11,Thursday,1,3.5,
2ba4e78d-370f-4db3-a941-ff67d296bde6,5,Xd4sZA,2020-11-26,2020,11,Thursday,2,7.0,
2902562e-288d-4c59-b965-33bb44a09225,5,YnyFQq,2020-11-26,2020,11,Thursday,2,7.0,
f5e0c46b-047a-4d0e-9a39-1c262225aae8,5,QIb1Te,2020-11-26,2020,11,Thursday,2,7.0,
7c3646a4-00e6-48f8-a784-5bbcd2baa7d2,5,V9hDyY,2020-11-26,2020,11,Thursday,2,7.0,
2401ceae-8b45-4381-a021-c9b736e15fed,5,LRN0uO,2020-11-26,2020,11,Thursday,2,7.0,
b845812e-e4a1-4384-9980-141bb9248b85,5,XkiZ9D,2020-11-26,2020,11,Thursday,1,3.5,
a983501f-007d-48c5-946b-20cec7a0f861,5,XkiZ9D,2020-11-26,2020,11,Thursday,2,7.0,b5c697f9-d444-4553-ba0d-894c4a28e8f3
f8607f53-645e-45f7-a689-b55c7979ca15,5,LRN0uO,2020-11-26,2020,11,Thursday,2,7.0,
25b133e2-b56f-4368-be27-041da2599a90,5,pCjr1R,2020-11-26,2020,11,Thursday,2,7.0,
fbd46fcd-c86e-4f95-9160-d8a47a7f0534,5,K8gkI8,2020-11-26,2020,11,Thursday,3,10.5,
d34f79eb-3dab-422a-941b-f9350281a906,5,V9hDyY,2020-11-26,2020,11,Thursday,3,10.5,
30a1f1c8-d6f5-4e26-bf88-f106b93d590c,5,9FFwEf,2020-11-26,2020,11,Thursday,3,10.5,
dc8b79c6-e41e-42d7-abaf-12a70f3d79fe,5,9FFwEf,2020-11-26,2020,11,Thursday,3,10.5,
992ae6d0-9f3a-4518-903b-0c3cfa013005,5,V9hDyY,2020-11-26,2020,11,Thursday,3,10.5,
a2c8d3f9-e318-4029-99b7-e7f8b9adeb7f,5,g0RPTY,2020-11-26,2020,11,Thursday,3,10.5,
c8c44259-48e4-435b-89b9-2e1029d82ec5,5,g0RPTY,2020-11-26,2020,11,Thursday,3,10.5,
cc726937-5215-4ad3-bd91-9002c902098a,5,iYvFyn,2020-11-26,2020,11,Thursday,1,3.5,
eb4957a2-3877-41fc-b13a-d8769f299dab,5,1X3p2H,2020-11-27,2020,11,Friday,2,7.0,
4be5e24a-bf8e-447b-ab15-527235d536d7,5,V9hDyY,2020-11-27,2020,11,Friday,3,10.5,
c5cea7de-dece-478a-ac43-718aebf80e73,5,Xd4sZA,2020-11-27,2020,11,Friday,3,10.5,
eff24392-a571-4eab-adce-12221bcc8183,5,iYvFyn,2020-11-27,2020,11,Friday,1,3.5,
fd21f424-27c7-499e-ade0-bc1e86d4477e,5,8CnCaM,2020-11-27,2020,11,Friday,2,7.0,
c9e8ad96-11ea-4ef3-94a9-930c38c4e72a,5,AcIRu7,2020-11-27,2020,11,Friday,1,3.5,
762aee43-a4bf-4e70-a9f2-c39e3df47402,5,V9hDyY,2020-11-27,2020,11,Friday,1,3.5,
7a6c6e1e-c317-4b8d-afab-5bbc766648c7,5,V9hDyY,2020-11-27,2020,11,Friday,3,10.5,3174d3cd-da3c-40b7-96de-ea99f9162eda
294a9b33-9215-4f7f-abf7-57e612ea0baf,5,RZZSxq,2020-11-27,2020,11,Friday,2,7.0,ae7408ac-411e-452c-807f-850d703c6bcb
5040b6d6-de9e-431f-889e-33ae6993f413,5,QIb1Te,2020-11-27,2020,11,Friday,2,7.0,
6e510b6d-05ed-4a7f-bdbb-8c7255b6f91c,5,K8gkI8,2020-11-27,2020,11,Friday,2,7.0,4734d99c-eb05-4ee1-b2e0-e3d54380e1f8
a06b3a6d-293a-4764-b09d-5d5eec2e3f63,5,TwErrn,2020-11-27,2020,11,Friday,1,3.5,
e43e3965-d64e-4199-8d5e-e4eb55f0b8f9,5,g0RPTY,2020-11-27,2020,11,Friday,1,3.5,
843094b1-fd0a-4474-9ae0-cddd473c4281,5,iYvFyn,2020-11-27,2020,11,Friday,1,3.5,
995f0790-5fe5-463a-a094-8963622491e1,5,g0RPTY,2020-11-27,2020,11,Friday,1,3.5,8275b9f3-1623-43b8-b2f3-c7d7128df5eb
611d8c24-2cc0-459c-b9f7-4a3df937d003,5,TwErrn,2020-11-27,2020,11,Friday,2,7.0,
5687bcd9-579d-4459-92e9-ef9f85efd0c4,5,K8gkI8,2020-11-27,2020,11,Friday,1,3.5,bc938f61-4a2b-4ed7-b101-b34357060b4d
2c5708fe-6c76-440a-8ad7-4cdb3de35380,5,J4fMRf,2020-11-27,2020,11,Friday,3,10.5,17ad36d3-f045-42ab-a48d-d6a848d241a4
8ec623ff-f263-45b9-bfbd-f63a80360ffb,5,iYvFyn,2020-11-27,2020,11,Friday,3,10.5,
8a5f6730-cfe6-446a-be87-210331d814bd,5,QIb1Te,2020-11-27,2020,11,Friday,3,10.5,
89ff4700-baaf-4691-97dd-bd7c033d7695,5,TwErrn,2020-11-27,2020,11,Friday,2,7.0,
f62d868e-55b4-438d-82e4-7f8a12f194ad,5,g0RPTY,2020-11-27,2020,11,Friday,2,7.0,
dcb9e119-1220-4007-bf2c-62c5a1276255,5,AcIRu7,2020-11-27,2020,11,Friday,2,7.0,
38c104fd-d9d4-48a7-aca3-3390fe66aeba,5,YnyFQq,2020-11-27,2020,11,Friday,3,10.5,8b168093-a508-407e-96b1-5fe3ae301949
1a7c11fd-341a-4f52-8c4d-91a875bf3ba6,5,9FFwEf,2020-11-27,2020,11,Friday,1,3.5,
7a24bb18-9452-41af-81a6-d18bbe1291d2,5,XkiZ9D,2020-11-27,2020,11,Friday,2,7.0,
243b38d6-64e2-44b0-8639-c0df4d52b0be,5,Xd4sZA,2020-11-27,2020,11,Friday,3,10.5,
438b7811-6a43-4a12-a29c-5556cd6132f3,5,K8gkI8,2020-11-27,2020,11,Friday,2,7.0,
6444b27d-bede-4247-a713-ec63ef0a560b,5,QIb1Te,2020-11-27,2020,11,Friday,2,7.0,1f2d862f-18f9-4c58-a4b3-45b3db796ad4
9719609c-3b6a-4cb9-8240-c31ac7d36d09,5,fvBBXY,2020-11-27,2020,11,Friday,3,10.5,
3f46e1f6-9df0-41df-85f6-048fec1aed51,5,g0RPTY,2020-11-27,2020,11,Friday,2,7.0,
81c54df4-e880-4ec6-bbf4-0ff3fcfdc4b8,5,XkiZ9D,2020-11-27,2020,11,Friday,2,7.0,30a6cfe5-89f3-4b23-8d75-59fe203e518e
acb198e9-34df-4275-b7d3-38732f6982b8,5,J4fMRf,2020-11-27,2020,11,Friday,3,10.5,
b292ab9b-7fc1-41fa-bfc5-a1b4b8644d1b,5,TwErrn,2020-11-27,2020,11,Friday,3,10.5,ed050506-c8b3-4107-b4f4-61c0cc28ff0d
c9c2b74a-4df6-462d-a95f-67d31dfe8599,5,iYvFyn,2020-11-27,2020,11,Friday,3,10.5,a3051778-2cf8-4fdf-b056-1669dbfa1058
c526411a-28f8-4850-99fd-bd065ea46251,5,YnyFQq,2020-11-27,2020,11,Friday,2,7.0,
bf96aa8d-36d9-43c4-b7de-6f04184f6afb,5,RZZSxq,2020-11-27,2020,11,Friday,2,7.0,
89cae3d9-0987-46a9-b1ef-97011f884d84,5,IWoDZ7,2020-11-27,2020,11,Friday,1,3.5,d5fe0da4-50b9-4d2b-a7b2-124ea8ef1dd0
405be650-d7ad-4ddc-9890-6128444e4fe1,5,V9hDyY,2020-11-27,2020,11,Friday,1,3.5,
73b932fe-271a-4de5-96a3-a5f56d0c4ace,5,g0RPTY,2020-11-27,2020,11,Friday,3,10.5,
8cdf0092-44af-4054-8ecf-1db741628d6a,5,fvBBXY,2020-11-27,2020,11,Friday,2,7.0,
b5def884-3276-41ec-900d-e58920e32e22,5,IWoDZ7,2020-11-27,2020,11,Friday,3,10.5,9a17775c-9dd1-40b7-8f04-8a4703494fee
9f2adb21-550e-4f1a-bf9b-6aef6d5e36b3,5,fvBBXY,2020-11-27,2020,11,Friday,1,3.5,c59b5768-66d9-477c-aa15-6d68441a2420
833c3103-d300-4957-9aae-77b7be78c66b,5,fvBBXY,2020-11-27,2020,11,Friday,2,7.0,
ced1009b-bb70-4338-a793-4079a896bcc5,5,pCjr1R,2020-11-27,2020,11,Friday,1,3.5,
4236f8d8-42c3-4697-8d53-bd2ead66de87,5,HHY1ds,2020-11-27,2020,11,Friday,3,10.5,
8bac13e3-e901-4a7c-8e16-ef1730af5f96,5,iYvFyn,2020-11-27,2020,11,Friday,2,7.0,
2279037c-a8d4-4770-98cf-175dab2c2452,5,8CnCaM,2020-11-27,2020,11,Friday,2,7.0,0fbcb773-42cb-475d-963c-41ef5eeecd36
9d5cb2dd-727c-46d8-aa61-bc9e197ff5e9,5,Xd4sZA,2020-11-27,2020,11,Friday,3,10.5,33c44abb-b522-4163-8a0e-352dff24cd18
69b4e063-79ca-4abc-b67a-ec55022fbfae,5,RZZSxq,2020-11-27,2020,11,Friday,3,10.5,
e200a333-fa31-4c75-86f6-ba9aafbb0e1b,5,TwErrn,2020-11-27,2020,11,Friday,2,7.0,
847f595e-948f-4bcc-974d-ada40cf78bca,5,HHY1ds,2020-11-27,2020,11,Friday,3,10.5,
8f0c0d7d-179e-4fd1-8916-e725ed4be5ef,5,AcIRu7,2020-11-27,2020,11,Friday,1,3.5,
17f2c094-8b0e-4092-b9e7-afa90b869dac,5,YnyFQq,2020-11-27,2020,11,Friday,2,7.0,
0bae3bf4-c3ab-447c-9817-98eb18a811cb,5,XkiZ9D,2020-11-27,2020,11,Friday,2,7.0,9a3a571a-3078-4d6f-8f65-97299b970b9f
1c40105c-992b-4d87-a9d1-f22985cbb16b,5,1X3p2H,2020-11-27,2020,11,Friday,3,10.5,
04e87504-53f8-4ee2-bcc7-b2846dc7c67a,5,1X3p2H,2020-11-27,2020,11,Friday,2,7.0,
94ca1072-70dc-4576-b8ef-59a2356c8a3b,5,AcIRu7,2020-11-27,2020,11,Friday,2,7.0,0c4795ee-75eb-4f9e-b73f-1b8826a15029
ccbfa966-8293-4db6-bf12-abc048257ad8,5,IWoDZ7,2020-11-27,2020,11,Friday,2,7.0,e47400f9-36e4-474e-a442-77feeff215f9
ecf0a9f3-a4d9-4c79-a178-6a151450ac35,5,AcIRu7,2020-11-27,2020,11,Friday,2,7.0,
6f376e48-379a-4bd8-8af5-a41332bcca5c,5,RZZSxq,2020-11-27,2020,11,Friday,1,3.5,
4255a1ed-94ea-4e5f-938a-66a709d2e6d3,5,IWoDZ7,2020-11-27,2020,11,Friday,2,7.0,94f578db-8aef-463c-81ad-ff057caf89e0
389bc834-3f8e-4bc4-bd39-409c0cdc5e02,5,TwErrn,2020-11-27,2020,11,Friday,1,3.5,104680e6-78b4-414c-8402-191243d43b87
9ef1b167-a14b-4d02-84ac-62fe1d523b5d,5,QIb1Te,2020-11-28,2020,11,Saturday,2,7.0,b18ca521-5b7b-4f8e-920b-ada6404e2be6
f55651d3-3646-4628-ba23-b06467fd1624,5,YnyFQq,2020-11-28,2020,11,Saturday,2,7.0,
0ace7151-b398-4265-966e-e098c1869f73,5,Xd4sZA,2020-11-28,2020,11,Saturday,3,10.5,33c44abb-b522-4163-8a0e-352dff24cd18
f910e635-ae14-45be-a6fe-1082ff438545,5,1X3p2H,2020-11-28,2020,11,Saturday,2,7.0,
a36fcee1-fba5-429a-9bd6-a0a876f6150a,5,iYvFyn,2020-11-28,2020,11,Saturday,3,10.5,
14807a01-9678-4ca8-bb21-3958d68e0966,5,RZZSxq,2020-11-28,2020,11,Saturday,2,7.0,
f529edc2-0b3d-4cc7-a561-f41fc8948791,5,XkiZ9D,2020-11-28,2020,11,Saturday,1,3.5,
f82d6359-7d8f-4e6a-8b04-aa1920f83735,5,9FFwEf,2020-11-28,2020,11,Saturday,3,10.5,9549d222-45cf-4eba-8737-fe1e87d400d5
d05b5bb3-8257-4dcc-ab6f-f2631c1fcd79,5,V9hDyY,2020-11-28,2020,11,Saturday,3,10.5,8b168093-a508-407e-96b1-5fe3ae301949
0f9e4890-72e4-4576-a832-1e9422f56367,5,K8gkI8,2020-11-28,2020,11,Saturday,2,7.0,bd1a9f56-31b7-47e8-91bc-f14430b9a604
f262f521-d78d-41b8-ad1d-1f7926723975,5,XkiZ9D,2020-11-28,2020,11,Saturday,1,3.5,
d379be57-62e7-4809-917e-2352ae442b8b,5,YnyFQq,2020-11-28,2020,11,Saturday,2,7.0,b5c697f9-d444-4553-ba0d-894c4a28e8f3
65b196c3-b32e-48e3-8f3d-05679c5fb1fa,5,pCjr1R,2020-11-28,2020,11,Saturday,1,3.5,8383619b-3bdb-48df-86e0-b47c5979f229
7ca65073-5b44-4243-8fee-31371f1283b7,5,fvBBXY,2020-11-28,2020,11,Saturday,2,7.0,
10e3bda0-bd9a-48bc-b6fa-30c88b28476e,5,IWoDZ7,2020-11-28,2020,11,Saturday,2,7.0,
8b8800ee-5777-420d-bda1-a0ec2fba3d81,5,TwErrn,2020-11-28,2020,11,Saturday,1,3.5,93504b15-1e57-4092-864d-81bec49329e6
0dcf3d9e-5df7-49ac-a2da-753c18cc9589,5,V9hDyY,2020-11-28,2020,11,Saturday,2,7.0,
b2f23771-dd20-4c1f-935a-b4936b109c3e,5,IWoDZ7,2020-11-28,2020,11,Saturday,3,10.5,
c0322fcd-663a-49f9-b03e-367df2c4d686,5,HHY1ds,2020-11-28,2020,11,Saturday,3,10.5,
4b959449-9bb1-425e-bf2a-f29606f62d19,5,J4fMRf,2020-11-28,2020,11,Saturday,1,3.5,
27ab4aaa-9a28-4eb5-99c2-7bd3a5009b64,5,fvBBXY,2020-11-28,2020,11,Saturday,2,7.0,a77bb9ae-7872-4f37-bfaf-4a257aa72639
7ac7030d-b6fe-478e-aeb4-a065b5e665f9,5,pCjr1R,2020-11-28,2020,11,Saturday,2,7.0,640a94d3-49c8-46e8-b0ea-e4d5bdc00647
d1c7cd3b-ac52-4b17-a5c9-dd7c06c31702,5,8CnCaM,2020-11-28,2020,11,Saturday,2,7.0,
35f21978-8882-4819-9326-3ff667e0accc,5,iYvFyn,2020-11-28,2020,11,Saturday,2,7.0,8c105e64-6e97-44dd-aad9-f202fc3d635b
186c59c4-bf28-400e-9083-72078d3bc690,5,RZZSxq,2020-11-28,2020,11,Saturday,2,7.0,
9ba83117-8642-459d-a8e2-cac9b493d8f4,5,1X3p2H,2020-11-28,2020,11,Saturday,3,10.5,
5cfdadf9-dc7d-4b3b-8807-249c89ed2449,5,LRN0uO,2020-11-28,2020,11,Saturday,2,7.0,
af5fe9d3-fa32-4051-a745-8b239388af1d,5,TwErrn,2020-11-28,2020,11,Saturday,2,7.0,bd1a9f56-31b7-47e8-91bc-f14430b9a604
23b2cad1-4c14-4f73-b1cf-498e4b22ee1f,5,QIb1Te,2020-11-28,2020,11,Saturday,2,7.0,
df488c87-6644-40fa-9bb1-01580604dbd7,5,g0RPTY,2020-11-28,2020,11,Saturday,2,7.0,
92f44f4d-af65-44ed-a629-d0d2aaea5bb8,5,8CnCaM,2020-11-28,2020,11,Saturday,1,3.5,
66004498-ca73-4856-a1a0-c15286ee0430,5,RZZSxq,2020-11-28,2020,11,Saturday,2,7.0,
c0b7f3b1-e8e0-418f-93de-24728f4176e3,5,AcIRu7,2020-11-28,2020,11,Saturday,1,3.5,
ca12e001-d1e4-44d1-9358-09158b187be1,5,Xd4sZA,2020-11-28,2020,11,Saturday,2,7.0,
1dec8ac8-db48-4d89-a241-a3f65a348c6d,5,IWoDZ7,2020-11-28,2020,11,Saturday,2,7.0,
b1da5917-a4e2-4798-8dc8-ae7d4c3afa99,5,K8gkI8,2020-11-28,2020,11,Saturday,3,10.5,b933102f-bdfd-4c0f-95b8-42baa1d289a2
d283c037-d9da-4975-93bb-b6f1a6561eec,5,YnyFQq,2020-11-28,2020,11,Saturday,2,7.0,
63e63354-4142-47c3-9b46-439ed37ef0ab,5,HHY1ds,2020-11-28,2020,11,Saturday,2,7.0,96edd678-1a42-4d57-b41e-fabc2434d120
6009e6a6-9eba-40dc-b523-35756d7c6cee,5,pCjr1R,2020-11-28,2020,11,Saturday,2,7.0,
1136441c-156f-4976-8e61-8be872e813ad,5,Xd4sZA,2020-11-28,2020,11,Saturday,2,7.0,199a4e94-bc7e-4d33-9d99-4934f4d3fb95
63ff30c6-e4ee-41c8-954f-a9aa869004a5,5,IWoDZ7,2020-11-28,2020,11,Saturday,2,7.0,
136636ca-435d-4e00-bad0-3b2c8d732a46,5,pCjr1R,2020-11-28,2020,11,Saturday,3,10.5,
ebeee8f3-1ec6-4bb5-a278-5ec7d287efcf,5,V9hDyY,2020-11-28,2020,11,Saturday,2,7.0,
30521210-cd7c-4f79-9c4c-dcfc089b7afb,5,HHY1ds,2020-11-28,2020,11,Saturday,1,3.5,
7bbd656c-b672-4670-aaa5-2631671a5d99,5,QIb1Te,2020-11-28,2020,11,Saturday,2,7.0,1bf55ce9-06db-483e-b62f-1b3ac4053fc2
457b67d1-a771-43eb-abb7-ca2986bba198,5,HHY1ds,2020-11-28,2020,11,Saturday,3,10.5,
c9e22ac2-c6c2-413f-9c3e-c99057f2fab5,5,9FFwEf,2020-11-28,2020,11,Saturday,3,10.5,
621dbecd-ff19-4f04-a528-789fafa8e488,5,TwErrn,2020-11-28,2020,11,Saturday,3,10.5,
20552e4b-d8fa-4259-92a2-bd5e686c5da1,5,AcIRu7,2020-11-28,2020,11,Saturday,2,7.0,17ad36d3-f045-42ab-a48d-d6a848d241a4
3e215de2-6f5c-421d-917c-48a46cf15f58,5,V9hDyY,2020-11-28,2020,11,Saturday,2,7.0,
c034d270-9f9b-48e5-a2d5-4bd0d4a92016,5,K8gkI8,2020-11-28,2020,11,Saturday,1,3.5,a7f14513-0cf4-4ab9-84ac-81ba93548782
639ea412-1624-44e5-a8d4-ddba3f3b0fbc,5,pCjr1R,2020-11-28,2020,11,Saturday,1,3.5,0bd42dab-c673-41a0-96b2-d12f5dc93e56
d125b814-454b-41b1-b271-aa805642d29a,5,1X3p2H,2020-11-28,2020,11,Saturday,3,10.5,
23c1b0a0-9d56-4923-b44f-3268f7a77de2,5,TwErrn,2020-11-28,2020,11,Saturday,3,10.5,
75c90658-0d4f-49f1-a817-433b6066a888,5,fvBBXY,2020-11-28,2020,11,Saturday,1,3.5,07d11c73-9b4c-4225-885b-62da910d9aa1
3dcc0202-55a0-4b83-af5f-d21ec7e0afa1,5,RZZSxq,2020-11-28,2020,11,Saturday,2,7.0,634e2552-3187-4b58-8792-7b15fd08393e
09119dc2-184a-4a91-bdcf-8220e569fd06,5,8CnCaM,2020-11-28,2020,11,Saturday,3,10.5,
efb91095-11b5-4e41-beaa-f40f8cdce9ce,5,8CnCaM,2020-11-28,2020,11,Saturday,2,7.0,8275b9f3-1623-43b8-b2f3-c7d7128df5eb
0a33a939-6c30-498f-9ba2-0e679bb64c94,5,LRN0uO,2020-11-28,2020,11,Saturday,2,7.0,
76379d11-51ea-4812-be08-264042e37ada,5,Xd4sZA,2020-11-28,2020,11,Saturday,2,7.0,
b4343242-655e-4352-8b73-c0d0f4d1e80a,5,1X3p2H,2020-11-28,2020,11,Saturday,2,7.0,
29f7fd24-674d-4d8a-ad14-133e665bbf94,5,9FFwEf,2020-11-28,2020,11,Saturday,2,7.0,
455aefa1-e14f-4d73-9560-f77372271eb1,5,RZZSxq,2020-11-28,2020,11,Saturday,2,7.0,409f7f20-99a7-4661-b7b4-488c27e01fb3
d38f13a2-510d-44ee-93f6-afc199016e9a,5,XkiZ9D,2020-11-28,2020,11,Saturday,1,3.5,
ec636541-dd82-4fd8-bd3d-363b6c6bb31b,5,RZZSxq,2020-11-29,2020,11,Sunday,2,7.0,5780b162-a90b-4049-b898-d2952d9b8f88
9bc16ea2-89e6-43b5-9c87-089e0a431720,5,K8gkI8,2020-11-29,2020,11,Sunday,2,7.0,
bad6c36d-ebbe-437a-a11e-7fa02efb0c0b,5,J4fMRf,2020-11-29,2020,11,Sunday,2,7.0,058f1c4b-7fbe-479f-9e0c-932bb60c1108
864c8c1c-7ca6-4caf-a0e2-ba115d2104b6,5,HHY1ds,2020-11-29,2020,11,Sunday,2,7.0,
4b3af14b-5cd6-47c6-9b60-737eec57a922,5,IWoDZ7,2020-11-29,2020,11,Sunday,2,7.0,
4ea83691-6363-422f-9bb9-f649db0c9b6b,5,fvBBXY,2020-11-29,2020,11,Sunday,3,10.5,
bd687b8d-d9d0-443b-929e-91b2f46ce5b5,5,1X3p2H,2020-11-29,2020,11,Sunday,2,7.0,db3ca581-a59b-4044-a71b-6376bd7072ee
1b73d8d3-892e-4a8d-bf1d-a2beea116c60,5,LRN0uO,2020-11-29,2020,11,Sunday,2,7.0,6416e346-698c-4251-8c25-4585f5053c7b
4c71cc9a-4df7-45f4-b283-32d80bb90ab3,5,Xd4sZA,2020-11-29,2020,11,Sunday,1,3.5,18530746-778c-451a-bc0e-a1e7942d2ec2
9af10d09-513b-4fe8-9dff-a39082cbae13,5,AcIRu7,2020-11-29,2020,11,Sunday,2,7.0,
3d633147-ff0a-4b80-8108-153914a0c2b3,5,HHY1ds,2020-11-29,2020,11,Sunday,3,10.5,ab8a4566-9d6e-4477-87b0-fecfbe0b01a0
b231e915-8f1f-4604-ae82-5f0f9ce236a3,5,V9hDyY,2020-11-29,2020,11,Sunday,1,3.5,
33e36b74-311b-4bd8-8056-09373f379fd2,5,J4fMRf,2020-11-29,2020,11,Sunday,1,3.5,
3b6184b2-6a7d-4daa-8d75-236f48c68c5a,5,HHY1ds,2020-11-29,2020,11,Sunday,1,3.5,
fd27f120-804f-413b-8c31-83fb3b54ffbc,5,XkiZ9D,2020-11-29,2020,11,Sunday,2,7.0,9a159fc2-25f6-4568-9170-6699d347fb53
bb7682db-3a17-4736-acf0-77a77024c624,5,AcIRu7,2020-11-29,2020,11,Sunday,1,3.5,
d22e4b28-4172-4821-b180-9ce2b2aad970,5,J4fMRf,2020-11-29,2020,11,Sunday,3,10.5,b1f27570-eee7-4e27-8e68-08e6a0ae674a
ff6ab572-ecc2-4b14-8861-d078e9a1b6ee,5,HHY1ds,2020-11-29,2020,11,Sunday,2,7.0,0fbcb773-42cb-475d-963c-41ef5eeecd36
b25870f3-2889-45ce-b16d-d5e5a33661c3,5,J4fMRf,2020-11-29,2020,11,Sunday,2,7.0,
9afa2fe3-d245-4eee-b973-df944f9ce680,5,Xd4sZA,2020-11-29,2020,11,Sunday,2,7.0,
4059951a-3029-4c55-8ce1-7589dcb48fb2,5,RZZSxq,2020-11-29,2020,11,Sunday,2,7.0,
c539e099-5208-4e7e-ba40-e12901a31dc6,5,TwErrn,2020-11-29,2020,11,Sunday,2,7.0,
c9295ade-5f3a-4a85-8eec-e39c917829e1,5,IWoDZ7,2020-11-29,2020,11,Sunday,2,7.0,
d32316e9-34c0-4372-80f2-2b16ef6edb65,5,TwErrn,2020-11-29,2020,11,Sunday,1,3.5,
538056ec-ec8e-4162-9ff6-67785ee10d53,5,1X3p2H,2020-11-29,2020,11,Sunday,2,7.0,
ffdf2d31-6f4a-4377-a207-bf2802857617,5,IWoDZ7,2020-11-29,2020,11,Sunday,2,7.0,
7a6a2aa4-0d50-401b-94bb-f76a6d209f22,5,pCjr1R,2020-11-29,2020,11,Sunday,2,7.0,bb0cf9e0-c317-4001-b76e-47d525b74100
74fe5c84-5bc4-4a71-b1bd-719f70ac2128,5,K8gkI8,2020-11-29,2020,11,Sunday,1,3.5,
eb964433-bfa2-4866-9865-dc30e185e324,5,V9hDyY,2020-11-29,2020,11,Sunday,3,10.5,
1f5c1f4a-39b5-4e8c-bb5f-93133fb44571,5,g0RPTY,2020-11-29,2020,11,Sunday,3,10.5,
7ea937ba-3374-45e9-a4c9-964aa3cef4ab,5,pCjr1R,2020-11-29,2020,11,Sunday,2,7.0,c2a9d258-5877-405e-8781-35fc5a2abeab
eecbad44-f3fd-41e8-9787-802c1b8596cd,5,K8gkI8,2020-11-29,2020,11,Sunday,2,7.0,a7f14513-0cf4-4ab9-84ac-81ba93548782
b67a0c4b-78cf-4687-ae1e-8e597fe5c27a,5,Xd4sZA,2020-11-29,2020,11,Sunday,2,7.0,1f2d862f-18f9-4c58-a4b3-45b3db796ad4
855c2753-876b-4af6-b0c9-22d7836819f6,5,J4fMRf,2020-11-29,2020,11,Sunday,2,7.0,6060bba8-1922-4bc8-a91b-6f8cd6497c90
9a7b7738-6b7e-4363-b20c-734e706ca701,5,9FFwEf,2020-11-29,2020,11,Sunday,1,3.5,
4329d04b-b8a9-4177-a396-10cfd5ea19f4,5,Xd4sZA,2020-11-29,2020,11,Sunday,3,10.5,
a3121522-0a3d-4d6c-b43e-9d6edd144a6b,5,IWoDZ7,2020-11-29,2020,11,Sunday,2,7.0,
2273ed1c-3eb1-4114-a579-edfe07430699,5,J4fMRf,2020-11-29,2020,11,Sunday,2,7.0,
3578bf25-2f99-4fb9-bff5-7c5e083fb792,5,g0RPTY,2020-11-29,2020,11,Sunday,1,3.5,4d5134d1-2f06-4d63-8263-eec292d23312
d852be27-1484-4f65-8fbe-fd04e0f8cc26,5,g0RPTY,2020-11-29,2020,11,Sunday,1,3.5,
e1c6bd53-55f1-4493-a870-80da67c3568c,5,Xd4sZA,2020-11-29,2020,11,Sunday,2,7.0,
b02b68a5-dd29-427f-9066-82b316fdcba6,5,YnyFQq,2020-11-29,2020,11,Sunday,2,7.0,
bb447468-6976-49a9-a41c-1c4a2386848c,5,9FFwEf,2020-11-29,2020,11,Sunday,2,7.0,
33ee65ab-b3c5-495a-8175-2d3c5eb1a41b,5,K8gkI8,2020-11-29,2020,11,Sunday,3,10.5,
78ca210a-2de9-4662-b526-b99af1d64e9b,5,YnyFQq,2020-11-29,2020,11,Sunday,2,7.0,5e1d69cf-4548-4c11-a711-d751fad6a8e8
95903811-c693-45f2-968b-c6f82765395f,5,K8gkI8,2020-11-29,2020,11,Sunday,2,7.0,
b246c76e-3feb-4ab6-9a78-9da74d0064b6,5,9FFwEf,2020-11-29,2020,11,Sunday,2,7.0,
90de83a0-daa2-4c00-babb-f88af08c0b20,5,fvBBXY,2020-11-29,2020,11,Sunday,2,7.0,8d06dd34-a8bc-4e75-905b-38447644819e
0955464c-fecd-40a9-b66a-3758ab3105dc,5,TwErrn,2020-11-29,2020,11,Sunday,1,3.5,
d188d0d1-d8e0-41d6-9977-cbe0e4996f78,5,8CnCaM,2020-11-29,2020,11,Sunday,3,10.5,
eb61df95-7ce4-48ea-9b99-ac9c6711381f,5,RZZSxq,2020-11-29,2020,11,Sunday,2,7.0,
12ec0d15-3504-4ae0-b61a-82bec1a34083,5,8CnCaM,2020-11-29,2020,11,Sunday,2,7.0,
c13b362c-2a49-4cf5-906b-10146fe3d0d9,5,g0RPTY,2020-11-29,2020,11,Sunday,1,3.5,
5837b9cf-5842-4bf2-8195-7690a4f2bf21,5,QIb1Te,2020-11-29,2020,11,Sunday,2,7.0,
5585b622-b285-4397-9a14-b6568a74c842,5,LRN0uO,2020-11-29,2020,11,Sunday,2,7.0,618444df-1a60-43ae-bb24-698b38e7e786
dfcc53dd-a129-46e5-ad07-d52b1cf6e6d6,5,AcIRu7,2020-11-29,2020,11,Sunday,2,7.0,
09d018d7-87f4-49e8-9d6e-2981e91b0a54,5,fvBBXY,2020-11-29,2020,11,Sunday,2,7.0,
9da6b524-db20-4c04-a6e0-b3ba8ad54723,5,RZZSxq,2020-11-29,2020,11,Sunday,3,10.5,
8d8e984c-f011-4f53-a81a-0b0d2935ca51,5,QIb1Te,2020-11-29,2020,11,Sunday,2,7.0,
a18f5425-0079-4312-91ae-a2ab0e876227,5,1X3p2H,2020-11-29,2020,11,Sunday,3,10.5,
a7709dda-e65f-4153-95e0-6844f1a3fff8,5,9FFwEf,2020-11-29,2020,11,Sunday,2,7.0,
92e0bdbd-6cff-425d-bfb4-9b1e3b874793,5,AcIRu7,2020-11-29,2020,11,Sunday,2,7.0,
b9a1f413-d918-4902-98ba-e027216c9c7b,5,XkiZ9D,2020-11-29,2020,11,Sunday,2,7.0,9a17775c-9dd1-40b7-8f04-8a4703494fee
bdabecd4-3893-4470-b9db-3e7ce9708bbe,5,9FFwEf,2020-11-29,2020,11,Sunday,2,7.0,
16c97681-0746-4439-9d22-0c5ff0ca3d92,5,V9hDyY,2020-11-29,2020,11,Sunday,2,7.0,
cc8f2037-5f99-435d-8fce-8c0ca70d2edd,5,pCjr1R,2020-11-29,2020,11,Sunday,2,7.0,8ef02017-720c-498e-baaf-2dfba3fdcfe4
60ad31d1-cca6-4785-a154-a4d7373803da,5,pCjr1R,2020-11-29,2020,11,Sunday,2,7.0,f19432c4-4df4-4e45-97d6-8fd7772aecee
c7805750-6e1d-47c1-8e2e-60aba5d12cbe,5,fvBBXY,2020-11-29,2020,11,Sunday,3,10.5,1656b169-ab41-47ea-86ca-6529918933f1
8b55f2ac-2570-4deb-b528-5bbe6a5343da,5,1X3p2H,2020-11-29,2020,11,Sunday,1,3.5,7ff5b5dd-26fb-4f36-b734-caf92b4657fc
c16f2bb2-65d4-4f75-8bce-2279fb7ea509,5,9FFwEf,2020-11-29,2020,11,Sunday,1,3.5,
40848312-630b-418a-a526-99e03a999267,5,V9hDyY,2020-11-29,2020,11,Sunday,1,3.5,0b6ab923-0c50-458c-a04b-4cbaa4f1ae56
41d5f6f5-f4e6-4d32-9dd1-52374802ed20,5,AcIRu7,2020-11-29,2020,11,Sunday,3,10.5,
f36d8aa7-3e62-46e6-93e5-2e33685fc329,5,IWoDZ7,2020-11-29,2020,11,Sunday,2,7.0,
a94ddbd4-9881-417f-8236-865e05fb1b60,5,V9hDyY,2020-11-29,2020,11,Sunday,3,10.5,
ebf62ac9-fb11-4e0c-883a-d1f4a49ab429,5,pCjr1R,2020-11-29,2020,11,Sunday,1,3.5,
fb6660c5-7c3a-46c6-a203-5c0c544e13e2,5,J4fMRf,2020-11-29,2020,11,Sunday,1,3.5,
aec17cf0-5bca-4a5a-af59-ba26b82d0560,5,fvBBXY,2020-11-29,2020,11,Sunday,1,3.5,
279037c5-1932-4c6b-8979-0c448743ee36,5,QIb1Te,2020-11-30,2020,11,Monday,2,7.0,
4e15e04f-6e0d-4d6c-8a52-a35639afa4a4,5,IWoDZ7,2020-11-30,2020,11,Monday,2,7.0,
2014e412-1d90-45ff-876f-b652fb9cf52f,5,IWoDZ7,2020-11-30,2020,11,Monday,2,7.0,
739aa6cd-07ef-4e28-add9-03bf9f2c9c07,5,QIb1Te,2020-11-30,2020,11,Monday,2,7.0,ce585b6f-9a9f-4c6c-8d21-71cd50d7b91a
82d11746-aa5c-4689-b67c-7da961aed866,5,K8gkI8,2020-11-30,2020,11,Monday,3,10.5,c13e87b1-eb73-4922-99da-b4acd5a0bf97
db9f3a9c-e0de-4242-ac9b-07af3b2c66cf,5,XkiZ9D,2020-11-30,2020,11,Monday,3,10.5,
7699c509-826f-4f01-9abc-907cd76759be,5,XkiZ9D,2020-11-30,2020,11,Monday,2,7.0,
28347b00-aeef-4721-be41-8ce667e1240a,5,K8gkI8,2020-11-30,2020,11,Monday,2,7.0,
8a143376-7dac-4d40-a100-e34bd11fcf5c,5,1X3p2H,2020-11-30,2020,11,Monday,2,7.0,
27eb4c07-fd42-457a-a157-b7eb9541e835,5,g0RPTY,2020-11-30,2020,11,Monday,2,7.0,54c2f33c-ff98-4537-bd8e-a17e8942faf5
18811b31-958e-4040-9991-bc41a9eb9e00,5,XkiZ9D,2020-11-30,2020,11,Monday,1,3.5,
00b2c5af-8043-45ec-9ab2-bc7129823736,5,TwErrn,2020-11-30,2020,11,Monday,2,7.0,
b5cb6057-2aef-4364-8a26-88f74b267391,5,IWoDZ7,2020-11-30,2020,11,Monday,1,3.5,
d36ae698-fcde-428d-a4ad-398ebfa173d8,5,RZZSxq,2020-11-30,2020,11,Monday,1,3.5,d084d4eb-9978-464e-8ef6-fad8f8e9536f
af44358c-6cf5-4676-9f9f-ef61384dabcd,5,XkiZ9D,2020-11-30,2020,11,Monday,2,7.0,
9d0bb1a5-b424-467c-a497-155cad334b1c,5,K8gkI8,2020-11-30,2020,11,Monday,2,7.0,68b6c205-1a23-49fa-a960-d1df67800f0a
fac71479-6f68-4d36-b2e5-d5f99ef338b9,5,pCjr1R,2020-11-30,2020,11,Monday,2,7.0,
be6b466f-636e-4ee9-bf37-6c170fb2788a,5,QIb1Te,2020-11-30,2020,11,Monday,1,3.5,
8f675829-e823-4941-a40a-f39d4d2240c8,5,HHY1ds,2020-11-30,2020,11,Monday,1,3.5,
595b9b19-7054-49c3-a41c-1936b1c2a715,5,RZZSxq,2020-11-30,2020,11,Monday,3,10.5,
1a1cd56d-62be-4abc-a43e-3c082de13309,5,1X3p2H,2020-11-30,2020,11,Monday,3,10.5,
0d68e0bf-d87f-4a67-a932-91dc248262c3,5,HHY1ds,2020-11-30,2020,11,Monday,1,3.5,db3ca581-a59b-4044-a71b-6376bd7072ee
9b9bc63a-13fd-44cf-9eee-68ded8b26f18,5,QIb1Te,2020-11-30,2020,11,Monday,1,3.5,
5b477d8e-612e-4bac-92a4-9805355ed9da,5,pCjr1R,2020-11-30,2020,11,Monday,2,7.0,
7c6f3475-d995-4a2d-8da9-4ccab3e94547,5,Xd4sZA,2020-11-30,2020,11,Monday,3,10.5,
e22c70c8-8342-4600-894d-3fc73cd69046,5,QIb1Te,2020-11-30,2020,11,Monday,2,7.0,048e9595-17a8-41fc-80a6-06ca24ad196e
12db9d53-2290-4e15-a79a-6b605a606963,5,8CnCaM,2020-11-30,2020,11,Monday,2,7.0,
416e47cc-732d-412f-9c49-d91bc5f6bf16,5,TwErrn,2020-11-30,2020,11,Monday,2,7.0,
48d753d5-fc55-4cda-87f9-a51ef544e2cc,5,Xd4sZA,2020-11-30,2020,11,Monday,3,10.5,
74a7f930-b922-46b1-a7d9-afab3d06d50e,5,YnyFQq,2020-11-30,2020,11,Monday,2,7.0,
0e33e196-0c9c-4bcd-9971-c3b4656fce0b,5,9FFwEf,2020-11-30,2020,11,Monday,2,7.0,
be439b69-0d45-42db-a388-06989e8d4d23,5,RZZSxq,2020-11-30,2020,11,Monday,1,3.5,
0a7fdbd0-ec4d-4c98-b7a0-d2295e40bc06,5,Xd4sZA,2020-11-30,2020,11,Monday,2,7.0,
478d51e2-6e51-43b5-ae72-cf2b797e6ef9,5,IWoDZ7,2020-11-30,2020,11,Monday,2,7.0,
60a90e77-ae8b-4daf-abfa-34721642ba74,5,RZZSxq,2020-11-30,2020,11,Monday,1,3.5,b355813f-831d-4f72-8408-4d42562c3e34
1a5edf84-eff3-4f54-a488-79506ed87a40,5,V9hDyY,2020-11-30,2020,11,Monday,2,7.0,
1fed1547-b532-405e-b02a-38bdc54ce0eb,5,HHY1ds,2020-11-30,2020,11,Monday,3,10.5,
2d962161-b453-4cf9-a080-f763832f3766,5,Xd4sZA,2020-11-30,2020,11,Monday,2,7.0,07326e55-8820-4c75-9a7e-9a782bf59a7c
cb1b83de-255f-4712-8673-7a4e888cedce,5,IWoDZ7,2020-11-30,2020,11,Monday,3,10.5,f19432c4-4df4-4e45-97d6-8fd7772aecee
7cfae449-5468-41a3-9766-8cd07df546a7,5,iYvFyn,2020-11-30,2020,11,Monday,1,3.5,
d5e75cba-a771-4c9b-ba93-ecfbaa1b3782,5,J4fMRf,2020-11-30,2020,11,Monday,2,7.0,
5d5d1ccf-e985-491b-8e68-2332787ed855,5,XkiZ9D,2020-11-30,2020,11,Monday,1,3.5,
7a535a54-b900-4d88-937e-ee72c0e1c6c7,5,XkiZ9D,2020-11-30,2020,11,Monday,2,7.0,
81424a5a-51bd-4ba3-9103-8aace6d9dc0a,5,RZZSxq,2020-11-30,2020,11,Monday,2,7.0,
1813dc14-8bad-4307-9688-bb697c2f73bf,5,XkiZ9D,2020-11-30,2020,11,Monday,1,3.5,5df12d06-bb99-4df9-93bf-f627c9b36881
d77ab1db-cad2-43de-ac3e-d45cc7db42a3,5,8CnCaM,2020-11-30,2020,11,Monday,1,3.5,
ef3bd69b-0462-432a-a835-304b29dd76d1,5,pCjr1R,2020-11-30,2020,11,Monday,3,10.5,b31a1b02-af7a-407b-93af-62fbf6bc9710
a789b3a4-03f8-4c7c-982f-8dee94300a6f,5,AcIRu7,2020-11-30,2020,11,Monday,2,7.0,
83a3463c-22dc-449b-a4d0-78a26f13a9f8,5,TwErrn,2020-11-30,2020,11,Monday,3,10.5,
8ed8a95d-9599-4d78-9320-bb1234a1b85b,5,K8gkI8,2020-11-30,2020,11,Monday,3,10.5,
49763fe5-38b7-4da5-bd0e-dc103619a2cc,5,IWoDZ7,2020-11-30,2020,11,Monday,3,10.5,6602f38b-51f4-4597-978d-088936a2f80a
f87ec331-d3f6-4b3f-8e64-27ab50ef54e2,5,Xd4sZA,2020-11-30,2020,11,Monday,2,7.0,47d56ab4-ce6a-42a5-a36a-27f80ce31957
aef50fdc-93a1-4082-b1fb-a5d67b39c5b6,5,8CnCaM,2020-11-30,2020,11,Monday,1,3.5,49285447-0ea3-4df0-99e3-0c5304ab0f58
ea8305c5-a6d6-41b8-93de-8f73f1bdd570,5,YnyFQq,2020-11-30,2020,11,Monday,1,3.5,7aef7783-f30c-4f06-857e-384405b60b60
9cf09bd3-faed-43c0-993f-38efd76310d6,5,RZZSxq,2020-11-30,2020,11,Monday,3,10.5,
db402910-d69f-48d3-ab85-a6301b0a734f,5,8CnCaM,2020-11-30,2020,11,Monday,2,7.0,
a5d382dd-8c90-414a-824e-745dab55826b,5,1X3p2H,2020-11-30,2020,11,Monday,3,10.5,f3970868-3c90-46d8-a20f-2390b8a7c8f2
45e963ff-b0db-470f-b700-6733ba9e4c87,5,Xd4sZA,2020-11-30,2020,11,Monday,3,10.5,
6e5b862f-b022-4ed8-a456-70c7aaf75855,5,QIb1Te,2020-11-30,2020,11,Monday,3,10.5,
817ef334-be13-4198-9fa7-c6479b905ccc,5,V9hDyY,2020-11-30,2020,11,Monday,1,3.5,
f1567f39-37f5-4464-9cee-b82221a14c14,5,g0RPTY,2020-11-30,2020,11,Monday,3,10.5,
9d1e4e74-ec0e-4a9a-9185-ec10a71f9901,5,XkiZ9D,2020-11-30,2020,11,Monday,2,7.0,955d03c6-b9d6-4aae-acb4-8a36f781e1da
df3146a4-53e5-42b1-9f9b-4d5beaa67cb9,5,1X3p2H,2020-11-30,2020,11,Monday,3,10.5,7c54fc75-a47c-4c5f-94e1-e3fed5fa79a3
d79b45f6-fc14-4c18-a367-51fa94727465,5,g0RPTY,2020-11-30,2020,11,Monday,1,3.5,
f5dcc216-266c-4942-a1c8-c2c22ad5bc76,5,QIb1Te,2020-11-30,2020,11,Monday,3,10.5,c59b5768-66d9-477c-aa15-6d68441a2420
af1c4c96-d9cd-4082-b825-b837ff716fbe,5,1X3p2H,2020-11-30,2020,11,Monday,2,7.0,
d692d88d-6001-4842-8717-3274bf8cdecb,5,RZZSxq,2020-11-30,2020,11,Monday,3,10.5,
23084715-75e6-4d40-a435-b02c39fe3f23,5,IWoDZ7,2020-11-30,2020,11,Monday,2,7.0,
37a966a0-a3ee-4237-85da-e0c680855eb0,5,YnyFQq,2020-11-30,2020,11,Monday,2,7.0,b7be8719-d7cc-4c06-8bf6-d5bd0cc7df37
ad09ee2d-8dc0-434e-8f17-10fa4c494b10,5,iYvFyn,2020-11-30,2020,11,Monday,2,7.0,9a159fc2-25f6-4568-9170-6699d347fb53
cd70abc8-092c-4447-aefd-42b428ee8b21,5,J4fMRf,2020-11-30,2020,11,Monday,2,7.0,
39bb44d2-0dd2-46d8-98fb-71e9ecac24ab,5,YnyFQq,2020-11-30,2020,11,Monday,3,10.5,
